dlga_award_fief_to_vassal:award_fief_to_vassal_defer|Я бажаю відкласти призначення лорда.
dlga_award_fief_to_vassal_defer:close_window|Як побажаєте, {сір/міледі}. Ви можете вирішити це питання пізніше.
dlga_award_fief_to_vassal_2:close_window|Як побажаєте, {пане/пані}. {reg6?Я стану:{reg7?Ви станете:{s11}}} {reg3?новою господинею:новим господарем} {s1}.
dlga_event_triggered:center_captured_rebellion|{s1} животіє без господаря. Кого мені поставити за головного?
dlga_center_captured_rebellion:center_captured_rebellion_2|{s11}. {s1}
dlga_center_captured_rebellion:center_captured_rebellion_2.1|Прошу вас, {s65}, мені б хотілося залишити {s1} собі. (наділів: {s0})
dlga_center_captured_rebellion:center_captured_rebellion_2.2|{s66}, {s1} відтепер належить Вам. (Володіння: {s0})
dlga_center_captured_rebellion_2:close_window|Гмм. Гаразд, {playername}. Я високо ціную Ваші поради. Новим власником {s1} тепер {reg6?буду я:{reg7?будете Ви:{s11}}}.
dlga_start:fighter_talk|День добрий! Ми тут відточуємо свою бойову майстерність і влаштовуємо тренувальні бої. Схоже, Вам теж не завадило б повчитися. Приєднуйтесь до нас, і ми покажемо Вам кілька трюків. А якщо потрібні будуть пояснення щодо техніки бою - запитуйте, намагатимуся розповісти все, що знаю.
dlga_start:fighter_talk.1|У чому Ви бажаєте попрактикуватися?
dlga_fighter_pretalk:fighter_talk|Скажи-но, чи бажаєте Ви повправлятися?
dlga_fighter_talk:fighter_talk_train_attack|Я бажаю відпрацювати атаку.
dlga_fighter_talk:fighter_talk_train_parry|Я бажаю відпрацювати блоки зброєю.
dlga_fighter_talk:fighter_talk_train_combat|Давайте трохи потренуємося в бою.
dlga_fighter_talk:close_window|[Піти]
dlga_fighter_talk_train_attack:fighter_talk_train_attack_2|Чудово! Існують чотири основних напрямки атаки. Це удари згори, справа, зліва й випад. Що ж, тепер я розповім, в якому напрямку бити, і Ви спробуєте виконати удар правильно. ^^(Аби обрати напрям удару, пересувайте мишку, затиснувши ліву кнопку. Наприклад, якщо потрібно виконати удар згори, перемістіть указівник мишки догори, одночасно натиснувши ліву кнопку. Значки на екрані допоможуть Вам обрати правильну дію.)
dlga_fighter_talk_train_attack_2:close_window|Почнемо тренування.
dlga_fighter_talk_train_attack_2:fighter_pretalk|Узагалі-то я хочу зайнятися чимось іще.
dlga_fighter_talk_train_parry:fighter_talk_train_parry_2|На відміну від щита, зброя може блокувати лише одну атаку з певного напряму. Наприклад, якщо ти блокуєш удар згори, то відіб`єш саме удар зверху, але тебе можуть вразити удари з боків і випади. ^^(Аби поставити блок, натисніть і утримуйте праву кнопку мишки.)
dlga_fighter_talk_train_parry_2:fighter_talk_train_parry_3|Тепер я атакуватиму Вас із різних напрямів і чекатиму, доки Ви не поставите відповідний блок. Спробуйте поставити потрібний блок якомога швидше. ^^(Цю вправу легко виконувати з налаштуванням "Автоматичний напрямок блоку", яке ввімкнене за типовими налаштуваннями. Якщо в меню налаштувань змінити контроль напрямку оборони руху мишки "або" З клавіатури, то доведеться обирати напрямок блоку самостійно. Це важче, але цікавіше. У такому випадку ця вправа може виявитися вельми корисною.)
dlga_fighter_talk_train_parry_3:close_window|Давай почнемо тренування.
dlga_fighter_talk_train_parry_3:fighter_pretalk|Узагалі-то я хочу обрати щось інше.
dlga_fighter_talk_train_combat:fighter_talk_train_combat_2|Тренувальний бій - прекрасний засіб підготуватися до цього бою. Ми битимемося, не намагаючись убити один одного, допоки один із нас не впаде додолу. Звісно ж, так можна отримати синці, але це краще, аніж загинути від меча у першому ж бою.
dlga_fighter_talk_train_combat_2:close_window|Давайте почнемо тренування.
dlga_fighter_talk_train_combat_2:fighter_pretalk|Узагалі-то я хочу обрати щось інше.
dlga_start:fighter_parry_try_again|Добре. У Вас виходить відбивати мою атаку. Можливо, Вам захочеться повторити вправи, але вже робити все швидше. Повторити?
dlga_start:fighter_parry_try_again.1|Ну що, не дуже-то виходить? (Пам'ятайте - для блокування потрібно натиснути й утримувати праву кнопку мишки.) Повторити?
dlga_fighter_parry_try_again:fighter_talk_train_parry|Так, давайте спробуємо ще раз.
dlga_fighter_parry_try_again:fighter_talk_leave_parry|Досить. Мені здається, поки вистачить.
dlga_start:fighter_parry_warn|Агов, добродію! Ми займаємося обороною! Вам потрібно блокувати мої атаки, а не нападати на мене.
dlga_fighter_parry_warn:fighter_talk_train_parry|Вибачайте. Давай почнемо заново.
dlga_fighter_parry_warn:fighter_talk_leave_parry|Даруйте. Мені треба перервати заняття.
dlga_fighter_talk_leave_parry:close_window|Гаразд, як скажете.
dlga_start:fighter_combat_try_again|Ну що, не дуже-то виходить? Не переживайте і постарайтеся не допускати таких помилок у майбутньому. Бажаєте повторити?
dlga_fighter_combat_try_again:fighter_talk_train_combat|Так, давайте спробуємо ще раз.
dlga_fighter_combat_try_again:fighter_talk_leave_combat|Досить. Мені здається, поки вистачить.
dlga_fighter_talk_leave_combat:close_window|Ну тоді добре. Скажете, коли передумаєте.
dlga_start:fighter_combat_try_again.1|Хороше було тренування! Вам удалося перемогти мене, але наступного разу я буду обережніший. Бажаєте повторити?
dlga_start:fighter_talk.2|Чудово! Тепер Ви можете проводити удар з будь-якої сторони. Якщо бажаєте, можна ще раз попрацювати над цим, або ж займемося чимось іншим.
dlga_start:archer_challenge_2|Непогано. Зовсім непогано!!! Схоже, Вам удалося опанувати основи стрільби з лука. А тепер спробуйте повторити те ж саме з арбалетом. Візьміть он той арбалет із болтами і влучте у ці три мішені. Порівняно з луком, стріляти з арбалета легше, але після кожного пострілу його доводиться перезаряджати.
dlga_start:archer_challenge_2.1|Гаразд. З арбалета Вам стріляти теж не важко. Тепер потрібно навчитися поводитися з метальною зброєю. Візьміть он ті дротики і постарайтеся влучити у ці три мішені.
dlga_start:ranged_end|Ну що ж, тепер Ви володієте основами поводження з усіма трьома типами зброї дальнього радіусу дії. Інше прийде з практикою. Тренуйтеся кожного дня, і місце серед найкращих стрільців Кальрадії Вам забезпечене.
dlga_ranged_end:close_window|А тепер Ви можете побалакати з учителями ближнього бою або верхової їзди, якщо ще не вдалося цього зробити. Вони теж можуть багато чому навчити.
dlga_start:archer_talk|День добрий, друже. Я навчаю мистецтва всякого далекого бою, хто бажає вчитися. Якщо Вам потрібен наставник, скажіть мені, і я навчу Вам поводитися з луком, арбалетом і дротиком.
dlga_archer_talk:archer_challenge|Такс, покажи-но мені, як поводитися зі зброєю дальнього радіусу дії.
dlga_archer_talk:close_window|Ні, не зараз.
dlga_archer_challenge:archer_challenge_2|Чудово. Спершу я надам Вам урок стрільби з лука. Лук - це складна зброя, але оволодівши ним, Ви зможете стріляти швидко й влучно. Візьміть он той лук зі стрілами і влучте в он ті мішені.
dlga_archer_challenge_2:close_window|Гаразд, буде зроблено.
dlga_archer_challenge_2:close_window.1|Хвилинку. Спершу мені потрібно зробити ще дещо.
dlga_start:horseman_melee_challenge_2|Сподіваюся, Вам сподобалася поїздка. А тепер перейдемо до складнішого завдання. Візьміть он той спис та проскачи, уразивши дорогою кожну мішень хоча б раз.
dlga_start:horseman_melee_challenge_2.1|Непогано! Вам удалося влучити у всі цілі верхи, а це нелегке завдання для початківців. Тепер Вам потрібно вразити мішені вздовж дороги, стріляючи з лука. Якщо поб'єте всі мішені, можна вважати, що завдання успішно виконано.
dlga_start:horsemanship_end|Чудово! Вам удалося вразити всі цілі верхи. Продовжуйте тренуватися щодня, і незабаром Ви досягнете висот майстерності.
dlga_horsemanship_end:close_window|А тепер Ви можете побалакати з тренерами ближнього бою або з тренером стрільби, якщо ще не вдалося це зробити. Перед справжньою битвою Вам потрібно навчитися всьому.
dlga_start:horseman_talk|Добрий день! Я приїхав сюди повправлятися у верховій їзді, але мої старі кістки розболілися не на жарт, так що, мабуть, я сьогодні відпочину. Якщо бажаєте попрактикуватися, візьміть мою конячку. Для неї це буде непоганою розминкою.
dlga_horseman_talk:horseman_challenge|Так, мені хотілося б потренуватися у верховій їзді. 
dlga_horseman_talk:close_window|Гм. Може, пізніше.
dlga_horseman_challenge:horseman_melee_challenge_2|Добре. Тепер я покажу Вам декілька вправ, які навчать Вас користуватися зброєю з сідла. Перше завдання просте: проїдьтеся колом у будь-якому темпі. Коли освоїтеся у сідлі, повертайтеся, і я скажу, що робити далі.
dlga_horseman_melee_challenge_2:close_window|Добре, буде зроблено.
dlga_horseman_melee_challenge_2:close_window.1|Хвилинку. Спершу мені потрібно зробити ще дещо.
dlga_tutorial_troop_default:close_window|Агов, я тут справою займаюся! Якщо Вам треба поради щодо зброї дальнього бою, ідіть-он, потеревеньте з тренером-стрільцем.
dlga_start:lord_prison_break_confirm_3|Плани змінилися?
dlga_start:lord_prison_break|Що відбувається?
dlga_start:drunk_response|На що це ти витріщаєшся?
dlga_start:drunk_response.1|Ти витріщаєшся на мене?
dlga_player_duel_response:close_window|Стільки крові...
dlga_player_duel_response:close_window.1|Краще він, ніж я.
dlga_drunk_response:drunk_fight_start|Знати б... Начебто, на брудну тварину.
dlga_drunk_response:drunk_fight_start.1|Вибачте великодушно. Приношу свої вибачення.
dlga_drunk_fight_start:close_window|Я зітру цю посмішку з твоєї нахабної мордяки!
dlga_drunk_response:drunk_player_high_renown|Ти хоч уявляєш, хто я?!
dlga_drunk_player_high_renown:drunk_fight_start|Що ж, якщо шукаєш бійки, то буде тобі бійка!
dlga_drunk_player_high_renown:drunk_player_high_renown|Еммм... Взагалі-то... Так, я впізнаю вас, {пане/пані}. Прошу, прийміть мої вибачення - це все випивка винна. Я вже йду...
dlga_drunk_player_high_renown:drunk_fight_start.1|Якщо Ви хочете бійки, Ви отримаєте її!
dlga_drunk_player_high_renown:close_window|Мені так і здалося. Забирайся звідси негайно!
dlga_start:fistfight_response|Схоже, в разі чого, Ви зможете дати прикурити недругу. А коли так, є у мене до вас одна розмова.
dlga_fistfight_response:fistfight_response_2|Слухаю!
dlga_fistfight_response_2:fistfight_response_2a|Добре, дуже добре, що вам це цікаво. Справа така... Вона трохи заплутана, так що слухайте уважно.
dlga_fistfight_response_2a:fistfight_response_3|Я пропоную вам побитися - один на один, Ви проти суперника. Бій навкулачки і без броні, ясна річ. Я буду приймати на вас ставки, а виручку поділемо навпіл з переможцем. Якщо програємо, я візьму на себе збитки. Самі бачите: Ви нічого крім здоров'я не втратите.
dlga_fistfight_response_3:fistfight_response_4|Тільки зробити все чинно-благородно, як на облаштованих іподромах, не вийде. Люди не стануть робити ставки заздалегідь, а будуть стікатися на галас і тільки потім розлучатися з грошима. Та й ні до чого зайві премудрості: п`яна публіка їх не зрозуміє.
dlga_fistfight_response_4:fistfight_response_4a|Як бачите, головна вигода в тому, що можна тягнути з роззяв грошики всю дорогу, поки не скінчиться бій. Особливо добре, коли здається, ніби хтось програє - тоді ставлять проти нього. А потім бац, і б'ють вже іншого бійця. Найкращий спосіб отримати гроші - це дозволити гарненько вибити з себе дух і тільки потім як слід відлупцювати противника. Ясна річ, що як би не проходила сутичка, в кінці треба перемогти.
dlga_fistfight_response_4a:fistfight_response_5|Запам'ятайте і ось що, не можна затягувати бій занадто довго. Не приведи господи, люди запідозрять підставу. Так що не забувайте мутузити один одного. Пам'ятайте - глядачам потрібна кров!
dlga_fistfight_response_5:fistfight_response_5a|Так, ось ще що: ваш супротивник не особливо любить вишуканість, а тому хитрувати не стане і по-простому спробує вам наваляти. Так що зробити бій красивим доведеться вам.
dlga_fistfight_response_5a:fistfight_response_confirm|Ну, що Ви на це скажете?
dlga_fistfight_response_confirm:close_window.1|У мене є важливіші справи.
dlga_start:ramun_introduce_1|Доброго дня, {молодий чоловіче/красуня}.
dlga_ramun_introduce_1:ramun_introduce_2|Прошу пробачити, Ви схожі на торговця, але я не бачу при вас товарів.
dlga_ramun_introduce_1:close_window|Неважливо. 
dlga_ramun_introduce_2:ramun_introduce_3|Торговець? О, звичайно, звичайно ж, я займаюся торгівлею. Правда, мої товари трохи відрізняються від більшості інших. Їх доводиться годувати і поїти двічі в день, а ще вони намагаються втекти, коли від них відвернешся.
dlga_ramun_introduce_3:ramun_introduce_4|Худоба?
dlga_ramun_introduce_4:ramun_introduce_5|Майже що. Мій товар рухає всяке судно в океані. Судна йдуть на веслах, але весла самі собою не гребуть...
dlga_ramun_introduce_5:ramun_introduce_6|Галерні раби!
dlga_ramun_introduce_6:ramun_introduce_7|Саме так! Торговий порт на зразок цього просто не вижив би без них. Судна втрачають кілька пар рук в кожному плаванні, тому раби завжди нарозхват. Капітани приходять до мене, і вони платять добре.
dlga_ramun_introduce_7:ramun_introduce_8|Звідки всі ці раби беруться?
dlga_ramun_introduce_8:ramun_introduce_9|Зазвичай я викуплю у влади засуджених злочинців. Решта - полонені з усіх кінців світу. Їх приводять до мене, тому що я плачу краще всіх. Іноді я купую товар у каперів і інших... приватних осіб. При такій роботі особливо капризувати не доводиться. У вас з собою полонених випадково немає?
dlga_ramun_introduce_9:ramun_introduce_10|У мене?
dlga_ramun_introduce_10:ramun_introduce_11|Ну так. Якщо Ви хоча б зрідка висовуєте ніс з міста, рано чи пізно вам доведеться схрестити з ким-небудь клинки. Бог дасть - Ви вийдете переможцем. Чому б цим не скористатися? Візьміть вашого супротивника живим і приведіть до мене. Я плачу за двадцять динарів за кожного полоненого, і мені все одно, хто вони і звідки.
dlga_ramun_introduce_11:ramun_introduce_12|Гм. Я подумаю над вашою пропозицією.
dlga_ramun_introduce_12:close_window|Подумайте гарненько! На цьому можна заробити купу грошей, справа вірна. У програші Ви не залишитеся.
dlga_start:ramun_talk|Вітаю, {playername}.
dlga_ramun_pre_talk:ramun_talk|Щось іще?
dlga_ramun_talk:ramun_sell_prisoners|У мене є те, що може вас зацікавити. Хочете поглянути?
dlga_ramun_sell_prisoners:ramun_sell_prisoners_2|Давайте подивимося, хто у вас там...
dlga_ramun_sell_prisoners_2:close_window|З вами приємно мати справу.
dlga_ramun_talk:ramun_ask_about_capturing|Як мені захопити бранця?
dlga_ramun_talk:ramun_ask_about_capturing.1|Розкажіть мені ще раз про захоплення полонених.
dlga_ramun_ask_about_capturing:ramun_have_blunt_weapon|Ви в цій справі новачок, так? Давайте я вам поясню все по-простому. Найголовніше при захопленні бранця не наносити удар гострим клинком, а збити супротивника з ніг тупою зброєю, на зразок палиці або посоху. Тоді він на деякий час буде непритомний, але не вийде кров'ю смерть, розумієте? Думаю, у вас є така зброя...
dlga_ramun_have_blunt_weapon:ramun_have_blunt_weapon_yes|Звичайно.
dlga_ramun_have_blunt_weapon:ramun_have_blunt_weapon_no|У тому-то й річ, що ні.
dlga_ramun_have_blunt_weapon_yes:ramun_ask_about_capturing_2|Відмінно. Так от, все, що вам потрібно зробити - це врізати мерзотникові так, щоб він упав, а коли бій буде закінчено, закувати його в кайдани. З дворянами-то все простіше: вони зазвичай досить добре захищені, тому не дуже неважливо, яким видом зброї Ви скористаєтеся. А ось із звичайного головоріза, якщо проткнути його чимось гострим, кров хлине, як з забитого поросяти. Я не вимагаю чогось особливого, але я наполягаю, щоб вони хоча б дихали, коли я їх купую.
dlga_ramun_have_blunt_weapon_no:ramun_have_blunt_weapon_no_2|Немає? Ну, що ж, вам сьогодні винятково пощастило. У мене завалялася стара палиця, яку я збирався викинути. Вона трохи пошарпана, але нею цілком ще можна врізати комусь до втрати свідомості. Ось, тримайте.
dlga_ramun_have_blunt_weapon_no_2:ramun_have_blunt_weapon_yes|Спасибі, Рамун. Треба випробувати її в справі.
dlga_ramun_ask_about_capturing:ramun_ask_about_capturing_2|Гарно є, давайте я вам ще раз поясню все по-простому. Найголовніше при захопленні бранця не наносити удар гострим клинком, а збити супротивника з ніг тупою зброєю, на зразок палиці або посоху. Тоді він на деякий час буде тихенько сопіти на землі, але не вийде кров'ю смерть, розумієте? З дворянами-то все простіше, вони зазвичай досить добре захищені, тому не дуже неважливо, яким видом зброї Ви скористаєтеся. А зі звичайного головоріза, якщо проткнути його чимось гострим, кров хлине як з забитого поросяти. 
dlga_ramun_ask_about_capturing_2:ramun_ask_about_capturing_3|Начебто все зрозуміло. Що ще мені потрібно знати?
dlga_ramun_ask_about_capturing_3:ramun_ask_about_capturing_4|Ну, все не так просто. Тупа зброя завдає не такі сильні пошкодження, як гостра, тому звалити ворога буде дещо складніше. І вже можете мені повірити, цим негідникам тільки дай шанс, і вони вб'ють вас не роздумуючи. Так що, йдучи на противника з кийком, не церемоньтеся. Маю сказати, що бранці уповільнюють пересування загону, тому дехто просто звільняє їх по закінченні бою. Божевілля. Як можна ось так запросто відмовитися від купи грошей?
dlga_ramun_ask_about_capturing_4:ramun_ask_about_capturing_5|Це все?
dlga_ramun_ask_about_capturing_5:ramun_ask_about_capturing_7|Ні, ще дещо. Дати раду з полоненими непросто, тут потрібно справжнє вміння. Якщо збираєтеся захоплювати багато полонених, доведеться потрудитися і самостійно оволодіти необхідними навиками, інакше Ви і одного-то не втримаєте.
dlga_ramun_ask_about_capturing_7:ramun_pre_talk|Дякую, буду мати на увазі.
dlga_ramun_talk:ramun_leave|Я, мабуть, піду.
dlga_ramun_leave:close_window|Пам'ятайте: будь-яких ваших бранців приводьте до мене. За кожного я заплачу вам хороші гроші.
dlga_start:close_window.3|Уклінно прошу вашу світлість, не робіть різких рухів і тримайте руки на видноті.
dlga_start:manhunter_talk_b|Гей, ви! Не бачили тут поблизу бандитів?
dlga_manhunter_talk_b:manhunter_talk_b1|Вони пройшли он у тому напрямку приблизно годину тому.
dlga_manhunter_talk_b1:close_window|Чудово! Тепер ми схопимо цих негідників! Дякуємо Вам.
dlga_manhunter_talk_b:manhunter_talk_b2|Ні, звідкіля їм тут бути.
dlga_manhunter_talk_b2:close_window|Курва. Поховалися наче щурі в нори! Ну нічого, рано чи пізно ми викуримо їх звідти.
dlga_looters_1:looters_2|{s4}
dlga_looters_2:close_window|Я тебе не боюся. Бийся зі мною, якщо вистачить сміливості!
dlga_looters_2:close_window.1|На тебе, падлюко, мені сталі не шкода.
dlga_start:village_farmer_talk|{Милостивий пане/Милостива пані}, та ми ж усі бідні селяни з села {s11}. {reg1? Веземо ось товари на базар {s12}.: У {s12} базарний день - так ось ми й повертаємося звідти до свого села.}
dlga_village_farmer_talk:farmer_bandit_information|Я висліджую зграю бандитів. Особливі прикмети такі... Може, бачили?
dlga_farmer_bandit_information:village_farmer_talk|{s15}
dlga_village_farmer_talk:close_window|Подивимося, наскільки ви бідні! Віддавайте все, що є.
dlga_village_farmer_talk:close_window.1|Що ж, продовжуйте свій шлях. Щасти вам.
dlga_start:minister_issues|{Пане/Пані}, я до Ваших послуг!
dlga_start:close_window.4|Для мене було честю служити Вам, Ваша світлосте.
dlga_start:member_castellan_talk|Так, {playername}? Чим я можу Вам допомогти?
dlga_member_castellan_pretalk:member_castellan_talk|Щось іще?
dlga_member_castellan_talk:member_review_castle_garrison|Мені потрібні відомості про гарнізон замку.
dlga_member_review_castle_garrison:member_castellan_pretalk|Звичайно, ось списки. Дайте знати, якщо вирішите щось змінити.
dlga_member_castellan_talk:member_review_castellan_equipment|Дозвольте мені глянути ваше спорядження.
dlga_member_review_castellan_equipment:member_castellan_pretalk|Будь ласка, все тут...
dlga_member_castellan_talk:member_castellan_join|Пропоную вам залишити замок та приєднатися до мого загону.
dlga_member_castellan_join:close_window|Це місце мені дуже дороге... Але якщо таке ваше бажання, {playername}, я піду з вами.
dlga_member_castellan_join:member_castellan_pretalk|А де ми будемо ночувати? Ви ведете з собою цілу армію, {playername}, для всіх не вистачить місця.
dlga_member_castellan_talk:close_window|[Піти]
dlga_member_chat:kidnapped_girl_chat_1|А ми вже вдома?
dlga_kidnapped_girl_chat_1:kidnapped_girl_chat_2|Поки ще ні.
dlga_kidnapped_girl_chat_2:close_window|Швидше б ми повернутися. Я хочу до мами з татом.
dlga_member_chat:member_lady_1|{playername}, коли ми доберемося до місця, як думаєте?
dlga_member_lady_1:member_lady_2a|Ще їхати та їхати...
dlga_member_lady_1:member_lady_2b|Скоро, потерпіть ще трохи.
dlga_member_lady_2a:close_window|От би ми їхали довше! Подорожувати на свіжому повітрі куди приємніше, ніж сидіти в замку. А знаєте, я вам заздрю: все ваше життя проходить у дорозі.
dlga_member_lady_2b:close_window|Добре. Не подумайте, що мені з вами погано, але я звикла до зовсім іншого життя. І все-таки шкода з вами розлучатися. Обіцяйте, що неодмінно завітаєте до мене в гості!
dlga_member_chat:supported_pretender_talk|Привіт тобі, {playername}. Ти перший і найкращий із моїх васалів, і мені потрібна твоя порада.
dlga_supported_pretender_pretalk:supported_pretender_talk|Щось іще?
dlga_supported_pretender_talk:pretender_progress|Ну, як Ви оцінюєте наші успіхи?
dlga_pretender_progress:pretender_progress_2|{reg11? Нас підтримують {reg11} лордів: На нашій стороні поки жодного лорда}, а {reg21?{s9} підтримують {reg21} лордів:{s9} не підтримав жоден лорд}. {reg19?В нас під контролем {reg13?{reg13} міст:} {reg14?{reg14} замків:} {reg15? {reg15} села:}:Ми не контролюємо жодного поселення}, а {reg29? вони контролюють {reg23?{reg23} міст,:} {reg24?{reg24} замків:} {reg25? {reg25} сіл :}:більше не контролюють жодного поселення}. У загальній складності, {s30}.
dlga_pretender_progress_2:supported_pretender_pretalk|Тоді нам слід продовжити бій і об'єднати наших союзників!
dlga_pretender_progress_2:pretender_quit_rebel_confirm|Схоже, нічого хорошого з цього бунту не вийде. Треба здаватися.
dlga_pretender_quit_rebel_confirm:pretender_quit_rebel_confirm_2|{playername}, Ви не можете підвести мене в такий момент. Ви що, серйозно?
dlga_pretender_quit_rebel_confirm_2:pretender_quit_rebel_confirm_3|Цілком серйозно. Я більше не можу надавати вам підтримку.
dlga_pretender_quit_rebel_confirm_2:supported_pretender_pretalk|Ні, це був жарт. Я буду битися на вашому боці до перемоги.
dlga_pretender_quit_rebel_confirm_3:pretender_quit_rebel_confirm_4|Ви впевнені? Я ніколи не пробачу вам, якщо Ви кинете мене в такій скрутній ситуації.
dlga_pretender_quit_rebel_confirm_4:pretender_quit_rebel|Це не обговорюється. 
dlga_pretender_quit_rebel_confirm_4:supported_pretender_pretalk|Добре, я не буду приймати необачних рішень.
dlga_pretender_quit_rebel:close_window|Хай буде так. Тепер для мене все втрачено. Мені доведеться назавжди залишити Кальрадію. Після мого від'їзду, можливо, вам вдасться помиритися з {s4}.
dlga_supported_pretender_talk:supported_pretender_equip|{reg65?Пані моя:Мій пане}, дозвольте, я перевірю ваше спорядження?
dlga_supported_pretender_equip:supported_pretender_pretalk|Будь ласка, все тут...
dlga_supported_pretender_talk:pretneder_view_char_requested|Розкажіть мені, будь ласка, про ваші навики.
dlga_pretneder_view_char_requested:supported_pretender_pretalk|Так, звичайно.
dlga_supported_pretender_talk:supported_pretender_grant_fief|Я так розумію, Ви вирішуєте, хто буде керувати феодальним володінням, яке  ще не має лорда.
dlga_supported_pretender_grant_fief:supported_pretender_grant_fief_select|Про які землі йдеться?
dlga_supported_pretender_grant_fief_select:supported_pretender_grant_fief_choose_recipient|{s4}
dlga_supported_pretender_grant_fief_choose_recipient:center_captured_rebellion|І кому це належатиме?
dlga_supported_pretender_grant_fief_select:supported_pretender_pretalk|Забудь.
dlga_supported_pretender_talk:close_window|Ходімо далі, {reg65?пані моя:мій пане}.
dlga_do_member_trade:member_talk|Щось іще?
dlga_member_pretalk:member_talk|Щось іще?
dlga_member_chat:member_talk|Так, {s5}?
dlga_member_talk:member_direct_campaign|Як головнокомандувач я бажаю, щоб Ви відправили послання всім васалам королівства.
dlga_member_talk:member_trade|Дайте, я подивлюся на ваше спорядження.
dlga_member_trade:do_member_trade|Як бажаєте, ось воно...
dlga_member_talk:view_member_char_requested|Що Ви мені можете розказати про ваші навики?
dlga_view_member_char_requested:do_member_view_char|Про... Зараз все розповім...
dlga_member_talk:member_separate|Нам доведеться ненадовго розділитися.
dlga_member_separate:member_separate_confirm|Справді? Я не збираюся тинятися без діла, чекаючи вас. Мені доведеться поїздити по містах і пошукати роботу. Ви цього хочете?
dlga_member_separate:companion_quitting|Ну, взагалі мені хотілося б вам дещо сказати...
dlga_member_separate_confirm:member_separate_yes|Так. Нам треба розділитися.
dlga_member_separate_confirm:do_member_trade|Ні, мені не хотілося б вас втрачати.
dlga_member_separate_yes:close_window|Гаразд. Тоді я поїду. Треба буде - самі мене знайдете.
dlga_member_talk:member_question|Я хочу запитати у вас дещо.
dlga_member_talk:close_window|Неважливо. 
dlga_member_question:member_question_2|Звичайно. Про що Ви хотіли запитати?
dlga_member_question_2:member_morale|Як вам ситуація в загоні? Що скажете?
dlga_member_question_2:member_background_recap|Розкажіть мені ще раз про себе.
dlga_member_question_2:member_kingsupport_1|Думаю Ви знаєте, що я маю намір стати {королем/королевою} цих земель?
dlga_member_question_2:member_intelgathering_1|У вас є які-небудь корисні зв'язки?
dlga_member_question_2:member_fief_grant_1|Ви хочете отримати земельний наділ?
dlga_member_morale:do_member_trade|{s21}
dlga_member_background_recap:member_background_recap_2|{s5}
dlga_member_background_recap_2:member_background_recap_3|{s5}
dlga_member_background_recap_3:do_member_trade|Ну а потім Ви прийняли мене до себе.
dlga_do_member_view_char:member_talk|Щось іще?
dlga_member_kingsupport_1:do_member_trade|М-М... Так, доводилося чути.
dlga_member_kingsupport_1:member_kingsupport_1a|{s21}
dlga_member_kingsupport_1a:member_kingsupport_2|Ну так що, Ви підтримаєте мене?
dlga_member_kingsupport_1a:do_member_trade|Чудово, я це врахую.
dlga_member_kingsupport_2:do_member_trade|Мабуть, {s21}. Більше того, у мене є ідея, як вам допомогти зійти на престол. Але {s22} вже виконує для вас схоже завдання, так що краще почекаємо - навіщо раніше терміну привертати до себе увагу?
dlga_member_kingsupport_2:member_kingsupport_2a|{s21}
dlga_member_kingsupport_2a:member_kingsupport_3|{s21}
dlga_member_kingsupport_2a:do_member_trade|{s21}
dlga_member_kingsupport_3:member_kingsupport_3a|{s21}
dlga_member_kingsupport_3a:member_kingsupport_4|Добре, так і зробимо.
dlga_member_kingsupport_3a:do_member_trade|Мабуть... Побудьте поки при мені.
dlga_member_kingsupport_4:close_window|Тоді, {s21}, я з вами поки прощаюся.
dlga_member_intelgathering_1:member_intelgathering_3|{s21}
dlga_member_intelgathering_3:member_intelgathering_3|Зрозуміло, чим менше людей буде про це знати, тим краще. Якщо захочете щось запитати або сказати, не надсилайте гінця. Приходьте самі, навіть якщо для цього доведеться пробратися в місто потайки.
dlga_member_intelgathering_3:member_intelgathering_4|Непогана думка, так і зробимо.
dlga_member_intelgathering_3:do_member_trade|Думаю, поки не варто.
dlga_member_intelgathering_4:close_window|Добре. Я повернуся днів за п'ять. До швидкої зустрічі, {s21}.
dlga_merchant_quest_4_start:close_window|Пора, хлопці! В бій!
dlga_start:relative_saved_1a|Дякую, спасибі Вам, {добрий пане/добра пані}, що врятували мене від цих лиходіїв! Це мій брат із міста {s9} навів Вас на їхній слід?
dlga_relative_saved_1a:close_window|Так, він попрохав мене знайти Вас. Гадаю, Вам варто якомога швидше повернутися до сім'ї - і будьте обережніші в дорозі.
dlga_start:bandit_leader_1a|А-а! Згляньтеся! Відпустіть мене, і я піду далеко-далеко з цих місць, займуся чесним ремеслом, і Ви більше ніколи, присягаюся, ніколи про мене не почуєте!
dlga_bandit_leader_1a:bandit_leader_1b|Гаразд, я збережу тобі життя - але в обмін на інформацію. Ти або твої друзяки викрали брата знатного міського купця. Розкажи, де ти його тримаєш, і дай мені слово, що не турбуватимеш чесний народ у цих краях. І забирайся. 
dlga_start:looter_leader_1|Що тобі потрібно?
dlga_looter_leader_1:looter_leader_2|Тебе-то я й шукаю. Скажи, де ти тримаєш полонених, і я відпущу тебе. 
dlga_looter_leader_1:close_window|Нічого. Ми залишимо тебе у спокої.
dlga_looter_leader_2:looter_leader_3|Ха! Бранців звільнять, якщо лише ти заплатиш за них. У тебе є золото?
dlga_looter_leader_3:close_window|Немає. Зате сталі предостатньо. 
dlga_bandit_leader_1b:close_window|Благослови Вас Господь, {пане/пані}! Хлопчині ми нічого не робили, а тримаємо його у нашому лігві, поруч із {s9}. Я розповім Вам, що де - не помилитеся...
dlga_start:rescue_prisoner_succeed_2|{playername}, Ви врятували його! Дякую Вам від усієї душі за порятунок {s11}. Будь ласка, візьміть цю скромну суму грошей, це все, що мені вдалося зібрати.
dlga_rescue_prisoner_succeed_2:lord_pretalk|Завжди радий служити, {s65}.
dlga_start_up_quest_1_next:close_window|З Вами все гаразд? У будь-якому випадку, Ви живі - на відміну від того хлопчини. Ну що ж, на одного злодія менше, утім, його ватага ніколи не зникне... Ну, це вже таке... Мені здається, Ви могли б допомогти мені в одній справі. Давайте побалакаємо всередині - я не хочу, аби нас підслуховували. 
dlga_start:merchant_quest_2a|Чудова робота. Ви набрали достатньо людей, аби впоратися з бандитами. А тепер до справи. Мандрівники, що проходять через {s9}, кажуть, що в околицях міста вештаються розбійники. Гадаю, вони з тієї ж банди, яка викрала мого брата. Вислідкуйте їх, розбийте і змусьте розповісти, де знаходиться їхне лігво. 
dlga_start:merchant_quest_3a|Так Ви дізналися, де вони ховають мого брата? Чудово. Маю надію, що я розбираюся в людях, і як мені здається, Ви впораєтеся з цією справою якнайкраще. Словом, ідіть і рятуйте його нікчемну шкуру
dlga_start:merchant_quest_3b|Ну... Мій брат вдома та в безпеці. Навіть не знаю, що з ним тепер робити - може, відправлю до університету, куди-небудь подалі від Кальрадії. А тоді, якщо йому проломлять голову в шинкарській бійці, ніхто не скаже, що це моя провина. У будь-якому випадку, Вас це точно не стосується. Ось, візьміть свою нагороду. Ви її заслужили. 
dlga_merchant_quest_3b:merchant_quest_4a|Гроші мені не завадять, і ще одне, мені було приємно Вам допомагати. 
dlga_merchant_quest_4a:merchant_quest_4b|Ось і добре. А хочете заробити ще трохи?
dlga_merchant_quest_4b:merchant_quest_4b1|Можливо. А що від мене треба?
dlga_merchant_quest_4b1:merchant_quest_4b2|Пам'ятаєте, я казав Вам, що у розбійників є своя людина в місті? Гадаю, я знаю, хто це - це капітан варти, не більше, не менше. Кілька місяців тому цей капітан, дивлячись на те, скільки купці отримують від караванної торгівлі, вирішив позичити грошей на власний караван. На жаль, він, як і багато інших, не розумів, що великі прибутки можна отримати лише при величезних ризиках. І ось він вклав усі свої гроші в найдорожчі товари, і зрозуміло, його караван було атаковано й розграбовано. Капітан втратив все, що в нього було. 
dlga_merchant_quest_4b2:merchant_quest_4b3|Схоже, саме після цього наш капітан і вирішив стати на праведний шлях. Гадаю, я б учинив точно так само, якщо б у мене було стільки боргів. Зрозуміло, що вся варта так чи інакше приятелює з розбійниками, але цей капітан перебуває у них на службі! Він проводить їх у місто, дозволяє їм робити що завгодно, а потім отримує свою частку. Чули коли-небудь, аби браконьєри ставали лісниками? На жаль, у нещасній Кальрадії це відбувається нерідко. На щастя, у нас ще є чесні та сміливі люди, які й розповіли мені всю цю історію. 
dlga_merchant_quest_4b3:merchant_quest_4b4|Я б міг розповісти про це володарю цього міста, {s4}, але він неодмінно почне розслідування, мені доведеться судитися з капітаном, той приведе свідків, і вся моя справа розвалиться. А якщо хтось у цей час атакує наші кордони, так уся історія і зовсім забудеться, а мене, трясця, заріжуть де-небудь у провулку. У воєнний час, бачте, правителя мало цікавлять його піддані та їхні дрібні турботи. Так ось, що я пропоную зробити. Я зібрав гурт містян - дехто працює на мене, у когось ці розбійники вбили рідних. Ми самі нападемо на будинок капітана й приведемо його {s4} в кайданах, а спіймані бандити одразу ж дадуть свідчення проти нього. 
dlga_merchant_quest_4b4:merchant_quest_4b5|Мені потрібно лише одне - аби хтось повів мою невеличку ватагу в бій. Гадаю, Ви з цим чудово впораєтеся. Ну, що скажете?
dlga_merchant_quest_4b5:merchant_quest_4b6|Звідки мені знати, що Ви кажете правду?
dlga_merchant_quest_4b6:merchant_quest_4b7|Не думаю, що зможу довести правдивість моїх слів, але, якщо Ви більшк вірите грошам, я можу підкріпити свої слова 500 динарами. Вони стануть Вашими, щойно Ви погодитеся надати мені цю невеличку послугу. То що Ви скажете?
dlga_merchant_quest_4b7:merchant_quest_4b8|Домовилися, я поведу Ваших людей до бою. 
dlga_merchant_quest_4b7:merchant_quest_4_decline|Вибачте... Але якось усе дуже швидко... Мені треба подумати...
dlga_merchant_quest_4b8:merchant_quest_4b9|Ось і добре. Давненько я не ставив так багато на одну карту! Мої люди чекають Вашої команди. Ви готові?
dlga_merchant_quest_4b9:merchant_quest_4_accept|Так, скажіть їм, що можна починати. 
dlga_merchant_quest_4b9:merchant_quest_4_decline|Не зовсім. Мені потрібно перепочити перед новим боєм. 
dlga_merchant_quest_4_accept:close_window|Чудово! Отже, до бою! Задайте їм на горіхи, аби капітан і його посіпаки й отямитися не встигли. І нехай допоможе Вам небо. 
dlga_merchant_quest_4_decline:close_window|Гаразд, мої люди можуть трохи почекати. Але якщо Вас не буде дуже довго, мені доведеться вирішувати мої проблеми без Вас. Утім, я волів би цього не робити. Так чи інакше, відпочивайте, скільки Вам потрібно. 
dlga_merchant_quest_2a:close_window|Так, гаразд, я зловлю цих розбійників. 
dlga_merchant_quest_2a:merchant_quest_2a_whynotcome|Чому б Вам не поїхати з нами?
dlga_merchant_quest_2a_whynotcome:merchant_quest_2a|Тому що я плачу Вам гроші, і не хочу всім цим займатися самотужки. Це якщо коротко. Та й узагалі, мене абсолютно не тішить можливість позбавитися голови у бою - я не для того вас наймав. То якою буде Ваша відповідь?
dlga_merchant_quest_2a:close_window.1|Я зараз не можу цим займатися. 
dlga_merchant_quest_3a:close_window|Добре, я зараз же нападу на печеру харцизів і знайду Вашого брата. 
dlga_merchant_quest_3a:close_window.1|Я зараз не можу цим займатися. 
dlga_start:merchant_quest_persuasion|Можете чинити так, як Вам заманеться, {шановний пане/пані моя}, але я розчарований. Я б на Вашому місці змінив рішення: я багатий чоловік і щедро плачу за допомогу. 
dlga_merchant_quest_persuasion:merchant_quest_1_prologue_3|Ви мене переконали. Я допоможу Вам. 
dlga_merchant_quest_persuasion:merchant_quest_2|Ви мене переконали. Я допоможу Вам. 
dlga_merchant_quest_persuasion:merchant_quest_3|Правильно кажете. Я таки Вам допоможу. 
dlga_merchant_quest_persuasion:merchant_quest_4b8|Ваша правда. Я згідний допомогти Вам. 
dlga_merchant_quest_persuasion:close_window|Як вже було сказано, у мене є важливіші справи. 
dlga_merchant_quest_2:merchant_quest_2a|А тепер - ідіть і знайдіть цих розбійників. 
dlga_merchant_quest_3:merchant_quest_3a|А тепер - нападіть на бандитське лігво, поверніть мені брата і покажіть цим мерзотникам, що трапляється з тими, хто загрожує моїй сім`ї. 
dlga_start:close_window.7|Добре. Ви домоглися свого. Мені більше нічого сказати.
dlga_start:merchant_closing_statement_2|Ах, {playername}. Усе вийшло не зовсім так, як я сподівався. {s5}, звісно ж, не міг не оцінити мого вкладу у безпеку міста. Звичайно ж, він удячний за те, що я позбувся капітана - за гроші цей мерзотник кого завгодно у місто впуститив би. Але тепер, для володаря міста я став чимось на зразок нагадування про його власну слабкість. 
dlga_merchant_closing_statement_2:merchant_closing_statement_3|Якось це несправедливо...
dlga_merchant_closing_statement_3:merchant_closing_statement_4|Та де ж Ви її тут бачили?! Це ж Кальрадія, {хлопче/люба моя}! Королі роблять усе, що їм заманеться, а решта роблять, що повинні. Мене не повісили - і те добре, навіть дали час продати майно і пообіцяли не збивати на нього ціну. Словом, усе не так погано. Ех, наш король, як й інші правителі цих земель, занадто слабкий, тому в першу чергу він намагається не втратити обличчя, а потім уже думає про державні справи...
dlga_merchant_closing_statement_4:close_window|У будь-якому випадку, я не став згадувати при {s5} про Вашу участь у цій справі, але він звернув на Вас увагу і все-таки не наказав Вас повісити, що вже непогано. Можливо, з часом, він навіть дасть Вам якусь роботу... Словом, гадаю, Ви вже збагнули, що у наших краях не так-то й просто залишитися у живих і домогтися справедливості. Сподіваюся, Ви витратите отримані гроші з розумом. Щасти Вам!
dlga_merchant_quests_last_word:close_window|Я збираю речі - мені треба полишити місто якомога швидше. Радий був із Вами познайомитися. Нехай щастить. 
dlga_member_intel_liaison:member_intel_liaison_results|Що Вам вдалося дізнатися?
dlga_start:member_intel_liaison|Вітаю, мандрівнику.
dlga_member_intel_liaison:close_window|Пора відвезти Вас звідси. Давайте полишемо місто порізно, а потім знову зустрінемося.
dlga_member_intel_liaison:close_window.1|Ви прекрасно справляєтеся. Залишіться ще ненадовго.
dlga_member_intel_liaison_results:member_intel_liaison|{s11} Усе інше викладено у письмовому вигляді.
dlga_member_fief_grant_1:member_fief_grant_2|Про який наділ Ви кажете?
dlga_member_fief_grant_2:member_fief_grant_3|{s11}
dlga_member_fief_grant_2:do_member_trade|Ох, шкода. Нічого не можу Вам запропонувати.
dlga_member_fief_grant_3:close_window|{s5}
dlga_start:close_window.8|Ну що ж, Ви перемогли. Мені більше нічого сказати. 
dlga_start:close_window.9|Добре, Ви перемогли. Я беру свої слова назад. Ви задоволені?
dlga_start:companion_recruit_intro_response|{s5}
dlga_companion_recruit_intro_response:companion_recruit_backstory_a|{s6}
dlga_companion_recruit_intro_response:close_window|{s7}
dlga_companion_recruit_backstory_a:companion_recruit_backstory_b|{s5}
dlga_companion_recruit_backstory_b:companion_recruit_backstory_c|{s5}
dlga_companion_recruit_backstory_c:companion_recruit_backstory_response|{s5}
dlga_companion_recruit_backstory_response:companion_recruit_signup|{s6}
dlga_companion_recruit_backstory_response:close_window|{s7}
dlga_companion_recruit_signup:companion_recruit_signup_b|{s5}
dlga_companion_recruit_signup_b:companion_recruit_signup_response|{s5}
dlga_companion_recruit_signup_response:close_window|На жаль, зараз мій загін повністю укомплектований.
dlga_companion_recruit_signup_response:companion_recruit_payment|{s6}
dlga_companion_recruit_signup_response:close_window.1|{s7}
dlga_companion_recruit_payment:companion_recruit_signup_confirm|.
dlga_companion_recruit_payment:companion_recruit_payment_response|{s5}
dlga_companion_recruit_payment_response:companion_recruit_signup_confirm|{s6}
dlga_companion_recruit_payment_response:close_window|Прошу вибачення, але зараз я не можу собі цього дозволити.
dlga_start:companion_recruit_meet_again|Ще побачимося.
dlga_companion_recruit_meet_again:companion_recruit_backstory_delayed|Отже... Чим ви займалися з нашої останньої зустрічі?
dlga_companion_recruit_meet_again:close_window|Доброго Вам дня.
dlga_start:companion_recruit_secondchance|Так?
dlga_companion_recruit_secondchance:companion_recruit_backstory_b|Прошу вибачення, якщо мої слова здалися Вам грубими. Так про що Ви хотіли сказати?
dlga_companion_recruit_secondchance:close_window|Неважливо. 
dlga_companion_recruit_backstory_delayed:companion_recruit_backstory_delayed_response|{s5}
dlga_companion_recruit_backstory_delayed_response:companion_recruit_signup_b|Ви могли б знадобитися в моєму загоні.
dlga_companion_recruit_backstory_delayed_response:close_window|Я повідомлю, якщо що-небудь дізнаюся.
dlga_companion_recruit_signup_confirm:close_window|Відмінно! Дайте мені кілька хвилин на підготовку, і можна буде вирушати.
dlga_start:companion_rehire|Моя пропозиція приєднатися до вас залишається в силі - тільки покличте.
dlga_start:companion_rehire.1|Приємно бачити, що ви живі, {s5}! {s6} і я не знали, що й думати: ви потрапили в полон, вбиті або зуміли вислизнути. Але ми сподівалися і не припиняли пошуків. Я готовий приєднатися до вас знову - залишилося тільки зібрати речі!
dlga_start:companion_prison_break_chains|Я приїхав для того, щоб викинути Вас звідси.
dlga_companion_prison_break_chains:close_window|Дякувати небесам, Ви приїхали! Однак, я не піду нікуди з цими ланцюгами на моїх ногах. Ви повинні будете дістати ключ, він у охоронця, дістаньте його за всяку ціну, я вас щедро віддячу.
dlga_start:companion_rehire.2|{s5}
dlga_start:companion_was_dismissed|{s21}! Яка зустріч! Я вже давно вас розшукую.
dlga_companion_was_dismissed:companion_rehire|{s5}. Ви хочете бачити мене в складі загону?
dlga_companion_rehire:companion_recruit_signup_confirm|З поверненням!
dlga_companion_rehire:companion_rehire_refused|На жаль, зараз мій загін повністю укомплектований.
dlga_companion_rehire_refused:close_window|Ну що ж... Знайдіть мене, якщо передумаєте, гаразд?
dlga_start:companion_rehire.3|Ну що, не передумали? Не хочете взяти мене назад?
dlga_minister_issues:minister_pretalk|Деякі події заслуговують вашої уваги. На чвари між {s11} і {s12} більше не можна закривати очі. Якщо ви втрутитися, то ризикуєте образити одного з правителів. Якщо ж ні - визнаєте свою слабкість. {Пане/пані}, вам доведеться зробити вибір - така ціна влади.
dlga_minister_issues:minister_talk|В {s1} в даний час немає господаря. Ви можете залишити все як є, адже лорди часто йдуть до того, у кого є вільні землі, але з таких земель ніхто там не збирає податки.
dlga_minister_issues:minister_talk.1|На сьогоднішній день у вас немає справ, що вимагають негайної уваги. Але повинен сказати, що я не дуже сильний в політиці і вважаю за краще триматися від неї подалі. Тому, якщо вам знадобиться вирішити якісь глобальні питання, звертайтесь краще до мого надійного помічника. У будь-якому випадку, я можу для вас що-небудь зробити?
dlga_minister_issues:minister_talk.2|Я дам вам одну пораду, {мій лорд/моя леді}. Схоже, далеко не всі визнають Ваше право на владу, і в подальшому це може викликати безліч проблем. Можливо, Вам варто знайти королівство з подібними прагненнями й домогтися його визнання - так ви станете рівнею іншим правителям Кальрадії. 
dlga_minister_issues:minister_talk.3|На сьогоднішній день у Вас немає справ, що вимагають негайної уваги. Я можу для Вас що-небудь зробити?
dlga_minister_pretalk:minister_talk|Що Вам потрібно?
dlga_minister_talk:combined_political_quests|У Вас є якісь пропозиції, як саме згуртувати наше королівство?
dlga_minister_talk:minister_cancel_political_quest|Давайте залишимо наш план до {s10}.
dlga_minister_cancel_political_quest:minister_cancel_political_quest_confirm|Ви справді бажаєте відмовитися від цієї ідеї?
dlga_minister_cancel_political_quest_confirm:minister_pretalk|Так, я впевнений. Давайте відмовимося від цієї ідеї.
dlga_minister_cancel_political_quest_confirm:minister_pretalk.1|Зараз, нічого.
dlga_minister_talk:minister_diplomatic_kingdoms|Я бажаю відправити посла.
dlga_minister_talk:minister_indict|Я бажаю звинуватити невірного васала у зраді.
dlga_minister_talk:minister_change_marshal|Я хочу прибрати {s4} з посади маршала.
dlga_minister_talk:minister_change_marshal.1|Я бажаю призначити нового маршала.
dlga_minister_change_marshal:minister_pretalk|Нещодавно Ви вже дали таке розпорядження, {сір/міледі}. Нам потрібно почекати кілька днів.
dlga_minister_talk:minister_replace|Я більше не бажаю бачити Вас своїм радником.
dlga_minister_talk:minister_replace.1|Я бажаю, аби Ви знову стали служити мені.
dlga_minister_talk:minister_grant_fief|Я бажаю, аби Ви подарували наділ одному з моїх васалів.
dlga_minister_talk:minister_grant_self_fief|Я хочу зробити себе лордом {s4}.
dlga_minister_grant_self_fief:minister_pretalk|Як уважаєте. Ви будете правителем {s4}.
dlga_minister_talk:close_window|На сьогодні все.
dlga_minister_change_marshal:minister_change_marshal_choose|Хто буде новим маршалом?
dlga_minister_change_marshal_choose:minister_pretalk|Я буду маршалом
dlga_minister_change_marshal_choose:minister_pretalk.1|Протягом короткого часу в нас не має бути жодного маршала
dlga_minister_change_marshal_choose:minister_pretalk.2|{s4}
dlga_minister_change_marshal_choose:minister_pretalk.3|Забудь.
dlga_minister_diplomatic_kingdoms:minister_diplomatic_kingdoms_select|До кого Ви бажаєте відправити посла?
dlga_minister_diplomatic_kingdoms:minister_pretalk|Дуже шкода, але зараз ми не можемо нікого послати.
dlga_minister_diplomatic_kingdoms_select:minister_diplomatic_initiative_type|До {s10} з {s11} {s14}
dlga_minister_diplomatic_kingdoms_select:minister_pretalk|Неважливо
dlga_minister_diplomatic_initiative_type:minister_diplomatic_initiative_type_select|Що Ви бажаєте передати?
dlga_minister_diplomatic_initiative_type_select:minister_diplomatic_emissary|Що наші королівства повинні укласти перемир'я.
dlga_minister_diplomatic_initiative_type_select:minister_diplomatic_emissary.1|Що я прошу їх заступництва і готовий стати васалом.
dlga_minister_diplomatic_initiative_type_select:minister_diplomatic_emissary.2|Що я бажаю висловити свою добру волю сусідові-монарху
dlga_minister_diplomatic_initiative_type_select:minister_declare_war|Що я оголошую йому війну.
dlga_minister_diplomatic_initiative_type_select:close_window|Нічого
dlga_minister_declare_war:minister_declare_war_confirm|{s12}
dlga_minister_declare_war_confirm:minister_declare_war_confirm_yes|Правильно. Я бажаю почати війну з {s12}
dlga_minister_declare_war_confirm:minister_pretalk|Гм. Мабуть, не треба.
dlga_minister_declare_war_confirm_yes:minister_pretalk|Як накажете. З цього дня ми перебуваємо у стані війни з королівством {s12}. Боже, даруй нам перемогу!
dlga_minister_diplomatic_emissary:minister_emissary_select|Кого призначити послом? Краще обрати того, кому Ви довіряєте. Це повинен бути досвідчений інтригант, який зміг би вести переговори найвигіднішим чином.
dlga_minister_emissary_select:minister_emissary_dispatch|{s11}
dlga_minister_emissary_select:minister_pretalk|На жаль, я не знаю, кого обрати
dlga_minister_emissary_dispatch:minister_diplomatic_dispatch_confirm|Добре, я відправлю {s12} {s11} - нехай вирушає до {s14}.
dlga_minister_diplomatic_dispatch_confirm:minister_pretalk|Виконуйте
dlga_minister_diplomatic_dispatch_confirm:minister_pretalk.1|Хоча, стривайте
dlga_minister_replace:minister_replace_select|Як накажете. Хто ж займе моє місце?
dlga_minister_replace_select:minister_replace_confirm|{s4}
dlga_minister_replace_select:minister_replace_confirm.1|Моя дружина, {s4}.
dlga_minister_replace_select:minister_pretalk|Давайте поки що зечекаємо з цим
dlga_minister_replace_confirm:close_window|Як уважаєте. Вашим новим радником стане {s9}. У разі чого я завжди з радістю приєднаюся до Вас.
dlga_minister_replace_confirm:close_window.1|Як побажаєте. Вашим новим радником стане {s9}. Для мене було честю служити Вам.
dlga_minister_grant_fief:minister_grant_fief_select|Який із Ваших наділів Ви бажаєте передати васалові?
dlga_minister_grant_fief_select:minister_grant_fief_select_recipient|{s1}{s12}
dlga_minister_grant_fief_select:minister_pretalk|Забудьте
dlga_minister_grant_fief_select_recipient:minister_grant_fief_select_recipient_choice|І хто ж отримає цей наділ?
dlga_minister_grant_fief_select_recipient_choice:minister_grant_fief_complete|{s1}
dlga_minister_grant_fief_select_recipient_choice:minister_pretalk|Забудьте
dlga_minister_grant_fief_complete:minister_pretalk|Добре. {s2} отримує у володіння {s1}.
dlga_minister_indict:minister_indict_select|Сумні новини, {пане/пані}. Хто ж, по-Вашому, готує зраду?
dlga_minister_indict_select:minister_indict_confirm|{s11}
dlga_minister_indict_select:minister_pretalk|Неважливо. 
dlga_minister_indict_confirm:minister_indict_confirm_answer|{Мій пане/Пані моя}, подібне звинувачення - серйозний крок. Якщо Ви несправедливо звинуватите {s4} у зраді, це підірве дух інших Ваших підданих. З іншого боку, якщо Ви твердо впевнені у зраді, то розумно буде вдарити першими й захопити замок зрадника.
dlga_minister_indict_confirm_answer:minister_indict_conclude|Я знаю, що роблю. Підготуйте звинувачення!
dlga_minister_indict_confirm_answer:minister_pretalk|Можливо, варто зважити все ще раз...
dlga_minister_indict_conclude:minister_pretalk|Послання надіслано, {пане/пані}.
dlga_center_captured_lord_advice:center_captured_lord_advice_2|{s11}. {s1}
dlga_center_captured_lord_advice:center_captured_lord_advice_2.1|{s12}У мене є заповітна мрія - отримати у володіння {s1}. (Наділи: {s0})
dlga_center_captured_lord_advice:center_captured_lord_advice_2.2|{s66}, {s1} відтепер належить Вам. (Володіння: {s0})
dlga_center_captured_lord_advice_2:minister_issues|Як побажаєте, {пане/пані}. {reg6?Я стану:{reg7?Ви станете:{s11}}} {reg3?новою господинею:новим господарем} {s1}.
dlga_center_captured_lord_advice_2:close_window|Гмм. Гаразд, {playername}. Я високо ціную Ваші поради. Новий власник {s1} тепер {reg6?я:{reg7?Ви:{s11}}}.
dlga_event_triggered:companion_quitting|Прошу мене пробачити, {s5}, але мені треба Вам дещо сказати.
dlga_companion_quitting:companion_quitting_2|{s5}
dlga_companion_quitting_2:companion_quitting_response|Я скажу все, як є, {s21}.
dlga_companion_quitting_response:companion_quitting_yes|Добре, можете йти.
dlga_companion_quitting_response:companion_quitting_persuasion|Можливо, я зможу Вас переконати.
dlga_companion_quitting_persuasion:close_window|Гм. Раз Ви так кажете, я залишуся ще на деякий час і допоможу Вам.
dlga_companion_quitting_persuasion:companion_quitting_response|Прошу вибачення, але я не згоден. Я йду, подобається Вам це чи ні.
dlga_companion_quitting_response:companion_quitting_no|У нас тут прийнято вішати дезертирів.
dlga_companion_quitting_no:companion_quitting_no_confirm|Ох... так... справді?
dlga_companion_quitting_no_confirm:companion_quitting_no_confirmed|Так. Ви полишите це військо лише за моїм наказом, - або на власному щиті.
dlga_companion_quitting_no_confirm:companion_quitting_yes|Ні, звичайно ж, я жартую. Ви можете піти, якщо хочете.
dlga_companion_quitting_yes:close_window|Тоді прощавайте. Можливо, ми ще побачимося, {playername}.
dlga_companion_quitting_no_confirmed:close_window|Гм. Гадаю, у такому разі я залишуся.
dlga_event_triggered:companion_objection_response|{s5}
dlga_companion_objection_response:close_window|Дякую, я ціную Вашу підтримку.
dlga_companion_objection_response:close_window.1|Сподіваюся, більше такого не станеться.
dlga_companion_objection_response:close_window.2|Я врахую Ваші претензії. А тепер станьте до ладу.
dlga_event_triggered:companion_personalityclash2_b|{s5}
dlga_companion_personalityclash2_b:companion_personalityclash2_response|{s5}
dlga_companion_personalityclash2_response:close_window|{s11} - цінний воїн нашого загону. Хочеться вірити, що Ваші {reg11?з нею: з ним} непорозуміння лише тимчасові.
dlga_companion_personalityclash2_response:close_window.1|Скажіть {s11}, що я на Вашому боці, і що краще б {reg11?їй:йому} притримати язика.
dlga_companion_personalityclash2_response:close_window.2|Ваші безглузді сварки відволікають мене від справ. Сподіваюся, це востаннє.
dlga_event_triggered:companion_personalityclash_b|{s5}
dlga_companion_personalityclash_b:companion_personalityclash_response|{s5}
dlga_companion_personalityclash_response:close_window|{s11} - важлива особа для нас. Я сподіваюся, що Ваші {reg11?з нею:з ним} суперечки більше не повторяться.
dlga_companion_personalityclash_response:close_window.1|Передайте {s11}, що я цілком Вас підтримую, і що {reg11?їй:йому} краще не виступати з такими заявами.
dlga_companion_personalityclash_response:close_window.2|У мене немає часу на Ваші безглузді суперечки. Не діймайте мене більше щодо цього приводу.
dlga_event_triggered:companion_personalitymatch_b|{s5}
dlga_companion_personalitymatch_b:companion_personalitymatch_response|{s5}
dlga_companion_personalitymatch_response:close_window|Ось і добре.
dlga_event_triggered:companion_sisterly_advice|{s5}
dlga_companion_sisterly_advice:close_window|Дякую.
dlga_companion_sisterly_advice:close_window.1|Мені б не хотілося це обговорювати.
dlga_event_triggered:companion_home_description|{s5}
dlga_companion_home_description:companion_home_description_2|Розкажіть детальніше.
dlga_companion_home_description:close_window|Зараз не час для гарних теревенів.
dlga_companion_home_description:close_window.1|Я волію, щоб мої супутники не турбували мене через таку дурницю.
dlga_companion_home_description_2:companion_home_description_3|{s5}
dlga_companion_home_description_3:close_window|{s5}
dlga_event_triggered:rebel_thanks_answer|{s6}
dlga_rebel_thanks_answer:rebel_thanks_answer_2|Для мене було честю боротися за вас, {reg65?моя пані:мій пане}.
dlga_rebel_thanks_answer:rebel_thanks_answer_2.1|Я завжди буду на вашому боці, {reg65?моя пані:мій пане}.
dlga_rebel_thanks_answer_2:close_window|Мені буде не вистачати наших спільних пригод, але мені потрібно повернутися до своїх обов'язків, До побачення, {playername}. Сподіваюся, ми скоро зустрінемося.
dlga_event_triggered:companion_political_grievance_response|{s21}
dlga_companion_political_grievance_response:close_window|Я врахую Вашу думку.
dlga_event_triggered:companion_rejoin_response|Вітаю, {s21}. Ви дозволите мені знову до Вас приєднатися?
dlga_event_triggered:companion_rejoin_response.1|О, {s21}, нарешті ми зустрілися. Моя мандрівка завершена, а звістка про Ваші претензії розійшлася світом. Мені б хотілося знову до Вас приєднатися.
dlga_event_triggered:companion_rejoin_response.2|О, {s21}, нарешті ми зустрілися. Доповідаю: {s11}. Решту Ви зможете прочитати у моєму повідомленні.
dlga_event_triggered:companion_embassy_results|О, {s21}, нарешті ми зустрілися. Моя поїздка до {s31} завершилася. І ось, що я можу сказати: {s14}.
dlga_companion_embassy_results:companion_rejoin_response|У цьому листі {s12} звертається до Вас як до {повелителя/володарки} {s4}. Це означає, що Вас визнали сюзереном і незалежним правителем.
dlga_companion_embassy_results:companion_rejoin_response.1|У цьому листі {s12} звертається до Вас по імени, забувши про титул. Це означає, що Вас не визнають повноправним правителем.
dlga_companion_embassy_results:companion_rejoin_response.2|{s12} вважає, що поточні умови перемир'я не такі вже й погані.
dlga_companion_embassy_results:companion_truce_confirm|{s12} вважає, що може укласти з Вами перемир'я на сорок днів.
dlga_companion_embassy_results:companion_rejoin_response.3|{s12} вважає, що мир між Вами неможливий.
dlga_companion_truce_confirm:companion_rejoin_response|Чудово. Давайте укладемо перемир'я з {s12}
dlga_companion_truce_confirm:companion_rejoin_response.1|Якщо подумати, такий крок не у наших інтересах...
dlga_companion_embassy_results:companion_rejoin_response.4|{s12} згадує, що Ви вже присягнули на вірність іншому правителеві.
dlga_companion_embassy_results:companion_rejoin_response.5|{s12} вважає Вашу пропозицію дурною витівкою і вважає, що не може розраховувати на Вашу вірність як васал.
dlga_companion_embassy_results:vassalage_offer_confirm|{s12} милостиво погоджується зробити Вас своїм васалом. Протягом тридцяти днів Ви повинні постати перед обличчям нового сюзерена. Доки не мине цей термін, {s12} не нападатиме на Вас.
dlga_vassalage_offer_confirm:companion_rejoin_response|Передайте, що я приймаю умови...
dlga_companion_rejoin_response:close_window|З поверненням, друже!
dlga_companion_rejoin_response:companion_rejoin_refused|На жаль, поки що я не можу взяти Вас назад.
dlga_companion_rejoin_refused:close_window|Як побажаєте. Я залагоджу деякі справи і знову прибуду до Вас через кілька днів.
dlga_event_triggered:companion_rejoin_response.3|Бажаєте, аби я приєднався до Вас?
dlga_event_triggered:close_window.1|Прошу вибачення - це я просто бурмочу собі під ніс [ПОМИЛКА- {s51}]
dlga_start:lord_start|Пані моя, я сподіваюся укласти наш шлюб одразу ж, як тільки-но зможу влаштувати гідний бенкет. 
dlga_start:lord_start.1|Так, дружино моя?
dlga_start:lord_start.2|Так, Ваша світлосте?
dlga_start:lord_start.3|О, це ви, друже!
dlga_start:lord_groom_vows|Панно, я більше не в силах чекати. Може, ми просто обміняємося обітницями?
dlga_start:lord_groom_vows.1|Панно, я так радий вас бачити. Давайте обміняємося обітницями.
dlga_lord_groom_vows:female_pc_marriage_vow|Моя пані, перед цими свідками я беру вас у дружини і даю обітницю шанувати, плекати і оберігати вас. Хай дарують нам небеса довголіття, безбідне життя і здорове потомство.
dlga_female_pc_marriage_vow:lord_groom_wedding_complete|Я готова назвати вас своїм чоловіком.
dlga_female_pc_marriage_vow:close_window|Стривайте, мені треба подумати.
dlga_lord_groom_wedding_complete:close_window|Оголошую вас чоловіком і дружиною. Хай розпочнеться свято!
dlga_start:close_window.10|Ха! Тепер-то ви не настільки галантні. Позбавте мене від вашого товариства. 
dlga_start:close_window.11|Добре. Ви перемогли. Нехай всі присутні засвідчать мою поразку. Я ж надалі не буду добиватися прихильності {s10}. Що, безсердечний виродку, тепер ви задоволені?
dlga_start:close_window.12|Підведіться. Нехай всі присутні засвідчать мою перемогу. Відтепер і надалі ви не можете домагатися прихильності {s10}. Я дозволяю вам побачитися з нею в останній раз - якщо хочете, можете з нею попрощатися. Якщо ж ви і далі будете шукати з нею зустрічі, хай кожен знає, що ви негідник і безчесна людина.
dlga_start:close_window.13|Як же чудово - ще трохи, і ми одружимося! Однак не забувайте, що в передвесільні дні нам не пристало часто бувати разом. 
dlga_start:close_window.14|Хм, {playername}, ви, напевно, не знаєте наших весільних звичаїв, але мені здавалося, що хто-небудь вам це розповість... Поговоріть спершу {моїм/моєю} {s11} {s4}.
dlga_start:close_window.15|Я не знаю, де зараз {s11} {s10}, але {reg4?вона:він} за традицією має бути розпорядником на нашому весіллі. Мабуть, нам слід почекати, поки ми {reg4?її:його} не знайдемо.
dlga_start:player_siege_castle_commander_1|Що Вам треба?
dlga_player_siege_castle_commander_1:player_siege_ask_surrender|Здавайтеся! Вам уже немає на що сподіватися!
dlga_player_siege_castle_commander_1:close_window|Нічого. Я піду.
dlga_player_siege_ask_surrender:player_siege_ask_surrender_treatment|Можливо... чи дасте Ви слово чести, що з нами поводитимуть належним чином?
dlga_player_siege_ask_surrender:player_siege_ask_leave_unmolested|Ми готові залишити цей замок, якщо Ви дасте слово чести, що ми зможемо спокійно піти.
dlga_player_siege_ask_surrender:close_window|Здатися? Ха! Та ми можемо обороняти ці стіни, допоки не помремо від старості!
dlga_player_siege_ask_surrender_treatment:player_siege_ask_surrender_treatment_reject|Жодних умов. Здавайтеся або готуйтеся до смерті!
dlga_player_siege_ask_surrender_treatment_reject:close_window|Курвець. Ми битимемося з Вами до останньої краплі крови!
dlga_player_siege_ask_surrender_treatment:player_siege_ask_surrender_treatment_accept|Я відпущу Вас в обмін на викуп, а Ваші бійці залишаться живими. Даю Вам слово.
dlga_player_siege_ask_surrender_treatment_accept:close_window|Що ж. На таких умовах я можу здатися.
dlga_player_siege_ask_leave_unmolested:player_siege_ask_leave_unmolested_accept|Даю Вам слово: коли Ви полишите замок, Вас не атакуватимуть.
dlga_player_siege_ask_leave_unmolested_accept:close_window|Добре. Тоді ми залишаємо замок у Ваших руках. Сьогодні Ви перемогли. Але ми ще зустрінемося!
dlga_player_siege_ask_leave_unmolested:player_siege_ask_leave_unmolested_reject|Не піде. Мені потрібні полонені.
dlga_player_siege_ask_leave_unmolested_reject:close_window|Тоді ми будемо обороняти цей замок до останнього подиху. Нам більше нема про що говорити. Прощавайте.
dlga_lord_prison_break:lord_prison_break_confirm|Я збираюся витягти Вас звідси
dlga_lord_prison_break:close_window|Неважливо. Головне - мовчіть!
dlga_lord_prison_break_confirm:lord_prison_break_confirm_2|Хвала небесам! Не знаю, скільки ще мені вдалося б тут протягнути.
dlga_lord_prison_break_confirm_2:lord_prison_break_confirm_3|Але постійте! Як ми втечемо? Ледве ми вийдемо за двері, на нас накинеться весь гарнізон. Звісно ж, я битимуся разом із Вами, але зауважте - полонених тут утримують на рідкій каші та недоїдках, а тому сил у мене замало.
dlga_lord_prison_break_confirm_3:lord_prison_break_confirm_4|Тримайтеся за моєю спиною і намагайтеся не вплутуватися у бійку.
dlga_lord_prison_break_confirm_3:lord_prison_break_confirm_4.1|Візьміть зброю і допоможіть мені - хоч якісь сили у Вас залишилися. 
dlga_lord_prison_break_confirm_3:close_window|Не заважайте і не вплутуйтесь в бійку!
dlga_lord_prison_break_confirm_4:close_window|Ідемо! {s14}
dlga_start:freed_lord_answer|Дякую, що звільнили мене! Я перед Вами у боргу!
dlga_freed_lord_answer:freed_lord_answer_1|Ніхто Вас не звільняв. Тепер Ви у мене в полоні.
dlga_freed_lord_answer_1:close_window|Курвець! Коли-небудь я повішу тебе за це, ось згадаєш моє слово!
dlga_freed_lord_answer:freed_lord_answer_2|Ви можете йти куди заманеться, мій пане.
dlga_freed_lord_answer_2:close_window|Дякую Вам, {добрий пане/мила леді}. Я ніколи не забуваю тих, хто робив мені добро.
dlga_start:defeat_lord_answer|{s43}
dlga_defeat_lord_answer:defeat_lord_answer_1|Відтепер Ви у мене в полоні.
dlga_defeat_lord_answer_1:close_window|Я сподіваюся на Ваше милосердя.
dlga_defeat_lord_answer:defeat_lord_answer_2|Ви мужньо билися. Я відпускаю Вас.
dlga_defeat_lord_answer_2:close_window|{s43}
dlga_start:party_encounter_lord_hostile_attacker|{playername}!
dlga_start:party_encounter_lord_hostile_attacker.1|Стійте!
dlga_party_encounter_lord_hostile_attacker:party_encounter_lord_hostile_attacker|{s42}
dlga_party_encounter_lord_hostile_attacker:party_encounter_lord_hostile_attacker_2|{s43}
dlga_party_encounter_lord_hostile_attacker_2:close_window|Ми будемо боротися до кінця!
dlga_party_encounter_lord_hostile_attacker_2:lord_recruit_1_relation|Залиште зброю неоголеною! Мені треба поговорити з вами наодинці.
dlga_party_encounter_lord_hostile_attacker_2:party_encounter_offer_dont_fight|Може, не будемо лізти в бійку? У мене немає бажання битися з вами.
dlga_party_encounter_lord_hostile_attacker_2:close_window.1|Не атакуйте! Ми здаємося.
dlga_party_encounter_offer_dont_fight:close_window|За мною був боржок... Ну гаразд, на цей раз я вас відпущу.
dlga_party_encounter_offer_dont_fight:close_window.1|{s43}
dlga_start:lord_requests_recruitment|{s9}
dlga_lord_requests_recruitment:close_window|{s9}
dlga_lord_requests_recruitment:lord_requests_recruitment_refuse|{s9}
dlga_lord_requests_recruitment_refuse:close_window|{s9}
dlga_start:supported_pretender_talk|Я чекаю вашої поради, {playername}.
dlga_start:pretender_intro_1|Ми знайомі?
dlga_pretender_intro_1:pretender_intro_2|Мене звуть {playername}. До Ваших послуг.
dlga_pretender_intro_1:pretender_intro_2.1|Я {playername}. Може, чули про мої подвиги?
dlga_pretender_intro_2:pretender_intro_3|{s48}
dlga_pretender_intro_3:pretender_rebellion_cause_1|Мені здавалося, {s12} володіє {s11}...
dlga_start:pretender_start|Вітаю вас, {playername}
dlga_pretender_start:pretender_rebellion_cause_prelim|Ви не могли б повторити вашу розповідь, {reg65?моя пані:мій пане}?
dlga_pretender_rebellion_cause_prelim:pretender_rebellion_cause_1|Зараз все розповім.
dlga_pretender_rebellion_cause_1:pretender_rebellion_cause_2|{s48}
dlga_pretender_rebellion_cause_2:pretender_rebellion_cause_3|{s48}
dlga_pretender_rebellion_cause_3:pretender_start|{s48}
dlga_pretender_start:pretender_discuss_rebellion_1|Я хочу приєднатися до вас і допомогти відвоювати трон!
dlga_pretender_start:pretender_end|Мені пора.
dlga_pretender_discuss_rebellion_1:pretender_discuss_rebellion_2a|{playername}, а ви впевнені, що впораєтеся із завданням? Повернути мені трон - справа не з легких. Вся знать нашої країни присягнула на вірність {s11}. Звичайно, клятва узурпатору не може вважатися істинною присягою, а тому деякі дворяни перейдуть на наш бік, але попереду все одно ще багато тяжких випробувань.
dlga_pretender_discuss_rebellion_2a:pretender_discuss_rebellion_2|{s11}
dlga_pretender_discuss_rebellion_2:pretender_discuss_rebellion_3|Я чудово це розумію.
dlga_pretender_discuss_rebellion_2:pretender_end|Так. Мабуть, мені треба ще трохи подумати.
dlga_pretender_discuss_rebellion_3:close_window|Я не сумніваюся, що ви пропонуєте допомогу від чистого серця, {playername}, і вдячний вам. Але, чесно кажучи, я не думаю, що наші шанси на успіх дуже великі. Якщо б ви здобули популярність на полях битв і прославилися як великий полководець, тоді наші друзі не вагаючись приєдналися б до нас, а наші вороги боялись би піднімати проти нас зброю. Коли прийде цей час, я з радістю буду битися з вами пліч-о-пліч. Але до того буде розумніше, якщо самозванець {s11} ні про що не дізнається.
dlga_pretender_discuss_rebellion_3:close_window.1|Мені здавалося, {s17} вже розраховує на вашу підтримку. Мабуть, у вас справді високо розвинене почуття справедливості. Але - спасибі, ні. Я не хочу грати в ігри.
dlga_pretender_discuss_rebellion_3:close_window.2|{playername}, ви вже дали клятву вірності {s15}. А раз так, я не можу довірити вам свої справи і дати ворогам привід говорити, що я всього лише маріонетка, а за ниточки смикає {s16}. {s17} і королівський престол будуть належати мені тільки в тому випадку, якщо моє право на нього справедливе, і підтримувати мене повинні лише мої власні васали. Якщо ви хочете допомогти мені, вам доведеться відмовитися від клятви, принесеної {s15}.
dlga_pretender_discuss_rebellion_3:close_window.3|Ви монарх за власним правом, {сір/леді}, якщо Ви підтримаєте мене, я стану Вашим слугою.
dlga_pretender_discuss_rebellion_3:pretender_rebellion_ready|Ви умілий воїн, {playername}, і я впевнений, що завдяки вашій військовій славі і праведності моєї справи, дворяни і всі добрі люди {s12} підтримають нас. Пора діяти! Під нашим спільним натиском {s11} впаде, і ми вирвемо трон з його заплямованих кров'ю рук. Але спочатку ви повинні принести мені клятву вірності і прийняти мене як {reg65?свою пані:свого сюзерена}.
dlga_pretender_rebellion_ready:lord_give_oath_2|Я віддам всі свої сили вашій справі, {reg3?моя пані:мій сеньйор}.
dlga_pretender_rebellion_ready:pretender_end|Давайте ще трохи виждемо.
dlga_lord_give_conclude_2:close_window|Отже, вперед! Наше перше завдання - захопити фортецю і переконати інших лордів приєднатися до нас. Ведіть нас!
dlga_pretender_end:close_window|Ну що ж, тоді прощайте.
dlga_start:lord_event_choose_friend|Кажуть, ви здружилися з {s43} - {s6}. Повірте, цій людині не можна довіряти. Ви маєте припинити з ним будь-які стосунки.
dlga_lord_event_choose_friend:lord_event_choose_friend_renounce|Я запевняю Вас, {s65}, {s6} зовсім мені не друг.
dlga_lord_event_choose_friend_renounce:lord_pretalk|Приємно це чути, {playername}, інакше мені довелося б побоюватися за Вашу безпеку. Якщо {s6} зустрінеться вам, будьте напоготові і не вірте жодному його слову.
dlga_lord_event_choose_friend:lord_event_choose_friend_defend|{s6} - гідний чоловік, ви не маєте права говорити про нього такі речі!
dlga_lord_event_choose_friend_defend:lord_pretalk|Як скажете, {playername}. Може, ви й дурні, зате вірні. Урахуйте тільки, що {s6} може виявитися не настільки вірним по відношенню до Вас.
dlga_lord_event_choose_friend:lord_event_choose_friend_neutral|Не втягуйте мене в вашу сварку з {s6}.
dlga_lord_event_choose_friend_neutral:lord_pretalk|Пфф... Як побажаєте, {playername}. Просто пам'ятайте, що людині в цьому світі потрібні друзі: ви ніколи їх не матимете, якщо не визначитеся, на чиєму ви боці.
dlga_start:lord_start.4|Моя пані, як же я радий знову вас бачити...
dlga_start:lord_start.5|У вас є до мене питання, {мілорде/міледі}?
dlga_start:lord_start.6|Кого я бачу! {playername}, моя надія і опора...
dlga_start:lord_invite_player_monarch_1|Ну що ж, {playername}. Я пробачаю Вам вашу зухвалість і те, що Ви поспішили оголосити себе {королем/королевою}. Я пропоную Вам місце повноправного васала у своєму королівстві. Ви готові принести клятву вірності?
dlga_lord_invite_player_monarch_1:lord_invite_2|Так... мій пане.
dlga_lord_invite_player_monarch_1:lord_enter_service_reject|Ні. Слова клятви застрягли у мене в горлі.
dlga_start:lord_invite_1|{playername}, я чекав на Вас. Слава про Ваші досягнення дійшла й до мене. Про Вашу доблесть і відвагу стільки теревенять, що мені не довелося довго думати. Ви гідні того, аби стати моїм васалом.
dlga_lord_invite_1:lord_invite_2|Дякую Вам, {s65}, Ви надаєте мені честь своєю пропозицією.
dlga_lord_invite_1:lord_invite_2.1|Добре, що хоч хтось гідно цінує мої заслуги.
dlga_lord_invite_2:lord_invite_3|Так-так. Давайте швидше закінчимо з формальностями, {playername}! Ви готові принести мені клятву вірності?
dlga_lord_invite_3:lord_give_oath_2|Так, {s65}.
dlga_lord_invite_3:lord_enter_service_reject|Ні, {s65}. Зараз я не можу поступити до Вас на службу.
dlga_start:lord_female_pc_marriage_proposal|Моя пані, я довго думав про нашу нещодавню розмову. Уважаю, настав час поставити Вам найважливіше питання. Скажіть, Ви станете моєю дружиною?
dlga_lord_female_pc_marriage_proposal:lord_marriage_proposal_female_pc_next_step|Так.
dlga_lord_female_pc_marriage_proposal:lord_female_pc_marriage_proposal_postponed|О боже, я маю подумати.
dlga_lord_female_pc_marriage_proposal:lord_female_pc_marriage_proposal_rejected|Ні. Я вважаю, що це невдала затія.
dlga_lord_female_pc_marriage_proposal_postponed:lord_start|Зрозуміло, моя пані. Думайте, скільки завгодно.
dlga_lord_female_pc_marriage_proposal_rejected:lord_female_pc_marriage_proposal_rejected_confirm|Моя пані, Ви даєте мені рішучу відмову?
dlga_lord_female_pc_marriage_proposal_rejected_confirm:lord_female_pc_marriage_proposal_rejected_confirm_yes|Так. 
dlga_lord_female_pc_marriage_proposal_rejected_confirm:lord_female_pc_marriage_proposal_postponed|Ні, ви не зрозуміли мене - мені треба трохи подумати.
dlga_lord_female_pc_marriage_proposal_rejected_confirm_yes:close_window|Раз так, ось що я скажу: ваша груба відмова зняля пелену з моїх очей. Гадаю, ви маєте рацію - ми з вами не рівня. Тепер я і сам не побажав би взяти вас в дружини. Прощавайте.
dlga_lord_female_pc_marriage_proposal_rejected_confirm_yes:close_window.1|Моя пані, це ваше право. Якщо ви зміните гнів на милість, я буду щасливий.
dlga_start:lord_start.7|{playername}, приємно Вас бачити...
dlga_start:lord_start.8|Ми знову зустрілися, {playername}...
dlga_start:lord_start.9|{s8}
dlga_start:lord_start.10|Радий Вас знову бачити {playername}...
dlga_start:lord_start.11|О, яке щастя знову Вас зустріти, {playername}...
dlga_start:lord_meet_neutral|Ми знайомі?
dlga_lord_meet_neutral:lord_intro|Я {playername}.
dlga_lord_meet_neutral:lord_intro.1|Мене звуть {playername}. До Ваших послуг, пане.
dlga_lord_intro:lord_start|{s11}
dlga_start:lord_meet_enemy|{s43}
dlga_lord_meet_enemy:lord_intro|Я відомий як {playername}, {s65}.
dlga_lord_meet_enemy:lord_intro.1|Моє ім'я - {playername}. Запам'ятай його, незабаром ти ще не раз про мене почуєш.
dlga_start:lord_start.12|{s8}
dlga_lord_start:lord_start|{s42}
dlga_lair_quest_intermediate_1:lord_pretalk|Блискуча робота, {playername}! Про зухвалий напад говорить все королівство. Без сумніву, вони або їм подібні скоро повернуться, але на короткий час ви подарували цим землям невеликий перепочинок. Ми вам дуже вдячні.
dlga_lair_quest_intermediate_2:lord_pretalk|Ну що ж, {playername}. Схоже, кілька бандитів втекли - і, звичайно ж, вони продовжать загрожувати мирним подорожнім. Тим не менш, спасибі за допомогу..
dlga_lord_start:lord_generic_mission_completed|Ваш хірург переконав мого друга погодитися на операцію. Тепер все в божих руках, ми можемо тільки молитися. У будь-якому випадку спасибі, що дозволили мені скористатися послугами вашого лікаря, {мій пане/мила пані}. Я ніколи цього не забуду.
dlga_lord_start:wedding_ceremony_bride_vow|Нехай небеса стануть свідками того, що я готовий дарувати вам в дружини {s4}...
dlga_lord_start:lord_wedding_reschedule|Вітаю вас, {playername}. Весільна церемонія почнеться, коли всі зберуться.
dlga_lord_wedding_reschedule:lord_start|Немає проблем. Я можу почекати.
dlga_lord_wedding_reschedule:lord_return_dower|Я сумніваюся, що це весілля відбудеться. Поверніть моє придане.
dlga_lord_return_dower:close_window|Що ж, якщо ви настільки не вірите в нашу сім'ю, будьте ласкаві. Забирайте гроші, це ваше право. 
dlga_lord_start:lord_generic_mission_completed.1|Ха! Наша маленька змова проти бідолахи {reg3} відмінно спрацювала, {playername}. Цей бовдур втратив одного зі своїх найбільших васалів, а ми стали на крок ближче до перемоги. Ось, тримайте, в цьому кошелі {reg5} динарів. Кожну монету ви чесно заслужили. І навряд чи вам треба нагадувати, що при бажанні ви зможете заробити набагато більше...
dlga_lord_start:close_window|Ви не впоралися з найпростішим завданням. Я ж все організував! Вам потрібно було просто убити гінця, і ми б зараз святкували перемогу. Але ні, як же - ви у нас такий до біса благородний, так?
dlga_lord_start:quest_meet_spy_in_enemy_town_completed|Є якісь новини про моє доручення? Ви знаєте, про що я...
dlga_quest_meet_spy_in_enemy_town_completed:quest_meet_spy_in_enemy_town_completed_2|Папери, які вам потрібні, у мене.
dlga_quest_meet_spy_in_enemy_town_completed_2:lord_pretalk|Відмінно! Приємно мати справу з компетентними людьми. Ось вам обіцяна плата.
dlga_lord_start:lord_pretalk|Блискуча робота, {playername}! Не знаю, що ви там влаштували, але {s13} тепер жадає почати війну! Тепер настав час пожинати плоди наших праць, і дуже скоро ми займемося цим на землях нашого ворога! Запам'ятайте мої слова - ця війна зробить нас по-справжньому багатими!
dlga_lord_start:lord_collect_debt_completed|Мені доповіли, що вам вдалося забрати гроші, які мені заборгував {s7}. Давно треба було за нього взятися. Отже, я обіцяв вам п'яту частину від загальної суми, так? З {reg4} динарів віддайте мені {reg3} динарів. Інше можете залишити собі.
dlga_lord_collect_debt_completed:lord_collect_debt_pay|Звичайно, {s65}. Ось {reg4} динарів.
dlga_lord_collect_debt_pay:lord_pretalk|Повинен визнати, я вражений, {playername}. Я вже втратив всяку надію повернути гроші. Прийміть мою щиру подяку.
dlga_lord_collect_debt_completed:lord_collect_debt_no_pay|Боюся, мій пане, що грошей у мене немає.
dlga_lord_collect_debt_no_pay:close_window|Це що, жарт? Я чудово знаю, що {s7} дав вам гроші, і я хочу отримати кожен динар, який він мені заборгував, {шановний пане/пані}. Давайте ось як зробимо поки я не побачу своїх грошей, ви особисто будете мені їх винні.
dlga_lord_start:close_window.1|Я чув, ви позбавилися від цього нестерпного торговця, який так дошкуляв мені. Дивлюся, ви не боїтеся забруднити ручки, а? Цю рису в людях я ціную. Ось ваша винагорода. Пам'ятайте, {playername}: тримайтеся мене, і ми пройдемо разом довгий, дуже довгий шлях.
dlga_lord_start:close_window.2|А, це ви. Просвітіть мене, як, ну як можна було програти найпростіший бій у брудного торговця? Серйозно, якщо мені раптом заманеться навчити свою варту лягати й помирати, я прийду до вас. Залиште мене, {playername}, у мене багато справ.
dlga_lord_start:lord_kill_local_merchant_let_go|У вас що, тирса замість мізків? Якщо я кажу вбити торговця, по-вашому, я маю на увазі поговорити з ним і відпустити? Що на вас найшло?
dlga_lord_kill_local_merchant_let_go:lord_kill_local_merchant_let_go_2|Мій пане, він поклявся мені, що надалі не буде діяти вам на шкоду.
dlga_lord_kill_local_merchant_let_go_2:lord_pretalk|Нісенітниця якась. Замість того щоб читати йому проповіді, прибрали б його тихо - і вся біда. І моліться, щоб він не порушив слова, інакше вам обом доведеться про це пошкодувати. Ось половина вашої винагороди. І ні слова більше, {playername}, - радійте тому, що отримали. Мені не потрібні люди, які не вміють виконувати накази.
dlga_lord_start:lord_follow_spy_completed|Файно є, {playername}! Ви зуміли захопити і шпигуна, і його наймача! Ця парочка вже у підземеллі, чекають допиту. Моєму катові доведеться сьогодні вночі попрацювати! У всякому разі, я дуже задоволений результатом, {playername}. Прийміть цей капшук у знак моєї вдячності.
dlga_lord_start:lord_follow_spy_half_completed|Побий вас грім! Мені потрібні були ДВОЄ бранців, {playername}, а один - все одно, що нічого! Я і так знаю все, що знає шпигун. Мені потрібен був його наймач. За півроботи вам належить половина винагороди. Беріть, і геть з очей моїх.
dlga_lord_start:lord_follow_spy_half_completed.1|Я просив вас привести двох бранців, {playername}, а не одного. Двох. Втім, я думаю, ви захопили наймача шпигуна, а він - особа більш важлива в цій парі. Шпигун не посміє повернутися сюди і виявиться практично безкорисним для того, кому він служить. Однак, гадаю, ви зрозумієте мене, якщо я заплачу вам половину обіцяної винагороди за повністю виконану роботу.
dlga_lord_start:lord_follow_spy_failed|Ох жеж, {playername}, ви проявили просто чудеса некомпетентності. Впустити і шпигуна, і його наймача - це рідкісне невезіння. Забудьте про нагороду. Ви нічим її не заслужили.
dlga_lord_follow_spy_half_completed:lord_pretalk|Я намагався, як міг, {s65}.
dlga_lord_follow_spy_completed:lord_pretalk|Дякую вам, {s65}.
dlga_lord_follow_spy_failed:lord_pretalk|Гм. Як вам буде завгодно, {s65}.
dlga_lord_start:lord_generic_mission_completed.2|Будь я проклятий, як вам це вдалося, {playername}?! Всі мої кріпаки повернулися і зайнялися підготовкою до збирання врожаю. Ви, безперечно, заслужили нагороду. Ось, прийміть її, разом з моєю вдячністю.
dlga_lord_start:lord_bring_back_runaway_serfs_failed|{playername}. Я очікував отримати моїх кріпаків, але ніхто з них так і не повернувся. У вас є пояснення цьому? Може, хлопи обвели вас навколо пальця? Або, можливо, ви змовилися з моїми ворогами і навмисно хочете знищити мене...
dlga_lord_bring_back_runaway_serfs_failed:lord_bring_back_runaway_serfs_failed_1a|Вибачте, {s65}, це хлопство - вони слизькі як вугрі, не впіймаєш.
dlga_lord_bring_back_runaway_serfs_failed:lord_bring_back_runaway_serfs_failed_1b|Треба було краще з ними поводитись...
dlga_lord_bring_back_runaway_serfs_failed_1a:lord_pretalk|П-ф-ф, навряд чи це виправдовує ваш провал, {playername}. А тепер прошу вибачити, мені потрібно шукати нових людей для польових робіт, поки на моїх землях не почався голод.
dlga_lord_bring_back_runaway_serfs_failed_1b:close_window|Ага, тепер-то ваша підлість розкрилася у всій красі! Ваші слова повністю відповідають вашим діям. З самого початку не варто було вам довіряти.
dlga_lord_start:lord_runaway_serf_half_completed|Ви мене розчарували, {playername}. Я наказав вам повернути три групи кріпаків. ТРИ. А не {reg17}. Я думаю, тим, хто повернувся, доведеться працювати вдвічі важче, щоб заповнити нестачу робочих рук. Що ж до вашої винагороди, {playername}, я заплачу вам лише за тих, кого ви повернули. Ось гроші. Беріть, і давайте покінчимо з цією справою.
dlga_lord_runaway_serf_half_completed:lord_pretalk|Дякую вам, {s65}. Ви справді щедрі.
dlga_lord_runaway_serf_half_completed:lord_pretalk.1|Так, мій час витрачено даремно...
dlga_lord_start:lord_deal_with_bandits_completed|{playername}, мені повідомили, що ви знищили розбійників у моєму селі {s5}. Вельми вдячний вам за це. Дозвольте мені оплатити ваші витрати. Я сподіваюся, {reg14} динарів буде достатньо.
dlga_lord_deal_with_bandits_completed:lord_pretalk|Відмінно, {s65}.
dlga_lord_deal_with_bandits_completed:lord_pretalk.1|Завжди до ваших послуг.
dlga_lord_deal_with_bandits_completed:lord_pretalk.2|О, це дурниці. 
dlga_lord_start:lord_pretalk.1|Будьте ви прокляті, {playername}! Ви не змогли виставити бандитів з мого села! Вони перетворили {reg5} в згарище! А мені казали, що ви вмієте воювати... Схоже, це не так.
dlga_lord_start:lord_deliver_cattle_to_army_thank|Ах, {playername}. Мій інтендант повідомив, що ви доставили худобу. Не знаю, в хвостах їх міряють, або в головах, але і того, і іншого {reg13}. Я вражений.
dlga_lord_deliver_cattle_to_army_thank:lord_pretalk|Нічого складного, {s65}.
dlga_lord_deliver_cattle_to_army_thank:lord_pretalk.1|Завжди до ваших послуг.
dlga_lord_deliver_cattle_to_army_thank:lord_pretalk.2|Що ви, це було легше легкого.
dlga_lord_start:lord_scout_waypoints_thank|З вас вийшов хороший розвідник, {playername}. Мій гінець тільки-но приніс донесення про вашу роботу в {s13}, {s14} і {s15}. Чудово.
dlga_lord_scout_waypoints_thank:lord_pretalk|Це було нескладно, {s65}.
dlga_lord_scout_waypoints_thank:lord_pretalk.1|Така робота якраз по мені.
dlga_lord_scout_waypoints_thank:lord_pretalk.2|Мені в радість служити вам, мій повелителю.
dlga_lord_start:lord_mission_told_deliver_cattle_to_army|Провіант надто швидко закінчується, {playername}. Щоб прогодувати війська, мені потрібно {reg3} голів худоби. Мені байдуже, де ви їх візьмете, просто прижиніть їх як можна швидше.
dlga_lord_mission_told_deliver_cattle_to_army:lord_mission_told_deliver_cattle_to_army_accepted|Думаю, я зможу знайти якусь худобу.
dlga_lord_mission_told_deliver_cattle_to_army:lord_mission_told_deliver_cattle_to_army_rejected|Шкодую, пане, але у мене є інші справи.
dlga_lord_mission_told_deliver_cattle_to_army_accepted:close_window|Відмінно! Ви знаєте, що робити, {playername}, так вирушайте. Мені потрібна худоба - і чим швидше, тим краще.
dlga_lord_mission_told_deliver_cattle_to_army_rejected:close_window|Дуже... дуже шкода, {playername}. Доведеться мені знайти для цієї роботи когось іншого. А тепер покиньте мене, я зайнятий.
dlga_lord_start:lord_pretalk.2|Дякую, що відгукнулися на мій заклик, {playername}. Однак зараз ми ні з ким не воюємо і не потребуємо ваших послугах. Ви можете бути вільні. 
dlga_lord_start:lord_report_to_army_asked|А, Ви нарешті прибули, {playername}. Ми Вас чекали. Сподіваюся, Ви привели з собою достатньо досвідчених воїнів.
dlga_lord_report_to_army_asked:lord_report_to_army_completed|Зі мною прибув загін чудових хлопців, загартованих вояків. Ми готові до Вас приєднатися.
dlga_lord_report_to_army_asked:lord_report_to_army_continue|У мене поки недостатньо воїнів. Мені потрібно ще трохи часу.
dlga_lord_report_to_army_completed:close_window|Пречудово. Я повідомлю, коли у мене з'явиться завдання для Вас. А поки слідуйте за нами невідступно, тримайтеся ближче. Незабаром вирушаємо.
dlga_lord_report_to_army_continue:close_window|Тоді Вам краще поквапитися. Незабаром ми виступаємо на ворога, і мені знадобляться всі воїни, яких ми зможемо взяти до бою.
dlga_lord_start:lord_mission_told_scout_waypoints|{playername}, я шукаю добровольця для розвідки околиць. Ми дуже мало знаємо, а я повинен уявляти собі загальну картину, аби приймати якісь рішення. Вирушайте до {s13}, {s14} і {s15} і доповістіть про все, що побачите.
dlga_lord_mission_told_scout_waypoints:lord_mission_told_scout_waypoints_accepted|Я з радістю виконаю завдання, маршале.
dlga_lord_mission_told_scout_waypoints:lord_mission_told_scout_waypoints_rejected|Боюся, мені доведеться відмовитися.
dlga_lord_mission_told_scout_waypoints_accepted:close_window|От молодчина! Просто походіть поблизу {s13}, {s14} і {s15} та з'ясуйте, що там відбувається. Візьміть на замітку все, що знайдете, і повертайтеся до мене якомога швидше.
dlga_lord_mission_told_scout_waypoints_rejected:lord_pretalk|Гм. Я розчарований, {playername}. Дуже розчарований. Побалакаємо пізніше, зараз мені потрібно знайти іншого шпигуна.
dlga_lord_generic_mission_thank:lord_generic_mission_completed|Ви мені дуже допомогли, {playername}. Прийміть мою подяку.
dlga_lord_generic_mission_completed:lord_pretalk|Для мене честь - служити вам.
dlga_lord_start:lord_pay_debt_2|Мені здається, ви винні мені {reg1} динарів, {playername}. Ви найближчим часом плануєте погасити борг?
dlga_lord_pay_debt_2:lord_pay_debt_3_1|Для цього я тут, {s65}. Ось, візьміть - тут весь мій борг до останнього динара.
dlga_lord_pay_debt_2:lord_pay_debt_3_2|На жаль, у мене недостатньо коштів, {s65}. Але я незабаром усе Вам поверну.
dlga_lord_pay_debt_3_1:lord_pretalk|О, чудово. Ви людина чести, {playername}. Я задоволений, що Ви повернули все сповна.
dlga_lord_pay_debt_3_2:lord_pretalk|Гаразд, але не змушуйте мене чекати надто довго.
dlga_lord_start:lord_start.1|До речі, я сподіваюся, що Ви зустрінете {мого/мою} {s11}, {s14}.
dlga_lord_start:lord_start.2|До речі, моя {s11}, {s14}, напевно буде Вам рада. Вона чекає на Вас у своїх покоях.
dlga_lord_start:lord_buy_prisoner|Кажуть, наш ворог, {s3}, потрапив до Вас у полон. Мені не шкода за нього {reg6} динарів, якщо Ви готові прийняти за нього викуп. Звісно ж, Ви можете зачекати, доки його сім'я не заплатить Вм... але хтозна, коли це станеться?
dlga_lord_buy_prisoner:lord_buy_prisoner_accept|Я приймаю Вашу пропозицію. {s3} буде переданий Вам за викуп розміром {reg6} динарів.
dlga_lord_buy_prisoner:lord_buy_prisoner_deny|Боюся, я не можу прийняти Вашу пропозицію.
dlga_lord_buy_prisoner_accept:lord_pretalk|Чудово! Ось гаман із {reg6} динарами. Я відправлю своїх людей, аби вони без зволікання перевели бранця до моєї темниці.
dlga_lord_buy_prisoner_deny:lord_pretalk|Ммм... як забажаєте, {playername}, але навряд чи Ви дочекаєтеся щедрішої пропозиції. Тож погоджуйтеся.
dlga_lord_start:lord_talk|Я піднімаю келих за Ваше здоров'я, {playername}!, Ви найважливіший гість для мене.
dlga_lord_start:lord_talk.1|Користуючись нагодою, я вітаю Вас у своєму маєтку {playername}. Що привело Вас сюди?
dlga_lord_start:lord_talk.2|Яка Ваша ставка?
dlga_lord_start:lord_talk.3|{playername} Я вітаю Вас у моєму замку.
dlga_lord_start:lord_talk.4|{s4} дуже чесний і добрий чоловік, так піднімемо ж келихи за його здоров'я!
dlga_lord_talk:offer_gift_quest_complete|У мене є дещо для {s4}.
dlga_offer_gift_quest_complete:close_window|Ах, дозвольте мені взяти це. Ми сподіваємося, це виправить сварку між Вами двома. Ви можете вимагати розмови з {reg4? ним:нею}, і побачити, чи мав я який-небудь успіх.
dlga_lord_talk:intrigue_quest_state_complaint|Мій пане, мені б хотілося розповісти вам про щось важливе. Мова йде про одного з ваших васалів.
dlga_intrigue_quest_state_complaint:lord_pretalk|Незалежно від того, що Ви хочете сказати, я попросив би, щоб Ви почекали, поки ми не залишимося наодинці.
dlga_intrigue_quest_state_complaint:intrigue_quest_state_complaint_plyr|Що таке? Я ціную вашу думку, але щиро сподіваюся, що ви не намагаєтеся внести розлад в ряди моїх васалів.
dlga_intrigue_quest_state_complaint_plyr:lord_intrigue_quest_complaint_stated|Багато ваших васалів вважають що, {s4}, {s5}, і що він може загрожувати цілісності вашого держави
dlga_intrigue_quest_state_complaint_plyr:lord_pretalk|Вибачте, але мені нема чого вам сказати.
dlga_lord_intrigue_quest_complaint_stated:lord_pretalk|Хм... Я стурбований це почути. Хоча я не заохочую своїх васалів погано говорити один про одного, я ціную Вашу думку. Можливо, я маю подумати двічі про надання {s4} феодального володіння...
dlga_lord_intrigue_quest_complaint_stated:intrigue_quest_state_complaint_failed|Сієте розбрат серед моїх васалів, чи не так? Ви думаєте, що я оціню своїх дворян, {s5} гризуть один одного як брудні шавки? Дозвольте мені запитати Вас - хтось просив Вас про це?
dlga_intrigue_quest_state_complaint_failed:intrigue_quest_state_accept_blame|Я підтримую свої слова.
dlga_intrigue_quest_state_complaint_failed:intrigue_quest_state_deflect_blame|Так, сір - {s4} поставив мене обвинувачем людини на ймення {s5}!
dlga_intrigue_quest_state_accept_blame:lord_pretalk|Розумію. Ви можете не відступати від своїх слів, але і я від своїх переконань не відступлю. Я не дам вам паплюжити честь мого вірного слуги {s4}.
dlga_intrigue_quest_state_deflect_blame:lord_pretalk|Я так і думав. Ось тобі моя порада, {хлопче/дівчинко} - не лізь у справи інших. І досить про це.
dlga_lord_talk:lord_denounce_1|З нас вистачить ваших злісних промов проти нашої держави, {s4}!.
dlga_lord_denounce_1:lord_denounce_2|Пробачте... Що ви маєте на увазі?
dlga_lord_denounce_2:lord_denounce_3|Ви прекрасно мене зрозуміли.
dlga_lord_denounce_2:lord_pretalk|О, забудьте. Мабуть ви помилилися.
dlga_lord_denounce_3:close_window|Як у вас язик повернувся? Подібна образа після стількох днів нашої дружби подібно удару ножем у спину - воно тне болючіше, ніж меч ворога. Не знаю, що за гру ви затіяли, але брати в ній участь я не бажаю. Геть. Я не хочу вас бачити.
dlga_lord_denounce_3:close_window.1|Пф. Ось як? Ви самі це придумали або мої вороги навчили вас, що говорити? А втім, неважливо. Я не буду брати участь у вашій грі. Забирайтеся і прихопіть з собою клубок інтриг.
dlga_lord_denounce_3:lord_denounce_4|{Пане/Пані}, я не дозволю плямувати своє ім'я. Візьміть свої слова назад, або наступного разу ми зустрінемося на поєдинку.
dlga_lord_denounce_3:lord_denounce_4.1|Справді? Так ось що я вам скажу: ви змія, шахрай і, якщо не наважитеся виступити проти мене на дуелі, то ще й боягуз. Що ви на це скажете? Ви забираєте свої слова назад або бажаєте схрестити клинки?
dlga_lord_denounce_4:lord_respond_to_insult_challenge_duel_confirm|Я із задоволенням схрещу з вами мечі.
dlga_lord_denounce_4:lord_denounce_retract|Мені... Мені не варто було стільки пити. Приношу свої вибачення.
dlga_lord_denounce_retract:lord_pretalk|Я так і думав. А тепер забирайтеся звідси.
dlga_lord_talk:lord_respond_to_insult|{s9}
dlga_lord_pretalk:party_encounter_lord_hostile_attacker_2|Досить балаканини! Схилися або бийся!
dlga_lord_pretalk:lord_talk|Щось іще?
dlga_hero_pretalk:lord_talk|Маєте розмову?
dlga_lord_talk:lord_quarrel_intervention_1|Мені хотілося б побалакати про Вашу сварку з {s11}.
dlga_lord_talk:lord_recruit_1_relation|Почекайте! Мені треба Вам дещо сказати. 
dlga_lord_talk:lord_bandit_information|Я розшукую зграю розбійників з такими прикметами... Ви їх бачили?
dlga_lord_bandit_information:lord_pretalk|{s15}
dlga_lord_talk:lord_internal_politics_cur_stance|Кого, на вашу думку, слід призначити головнокомандуючим нашого королівства?
dlga_lord_talk:lord_internal_politics_cur_stance.1|Хто, на вашу думку, повинен отримати в наділ {s4}?
dlga_lord_talk:lord_husband_auto_recruit|Потрібно, щоб Ви відмовилися від відданості {s4} і приєдналися до {s5}, мій чоловіче.
dlga_lord_husband_auto_recruit:lord_pretalk|Поговоримо пізніше, коли будемо на одинці.
dlga_lord_husband_auto_recruit:close_window|Як бажаєш, моя кохана.
dlga_lord_talk:lord_recruit_1_relation.1|Мені б хотілося з Вами дещо обговорити. Наодинці.
dlga_lord_talk:lord_recruit_1_relation.2|Мені б хотілося обговорити з Вами дещо наодинці.
dlga_lord_talk:lord_talk|ЧИТ - Прибрати нетерпимість лорда до інтриг
dlga_lord_talk:lord_respond_to_insult_challenge_duel|ЧИТ - Зустрінемося на дуелі!
dlga_lord_respond_to_insult:lord_pretalk|Ха! Мені подобаються гострі язики. Можливо, коли-небудь я відріжу вашого язика і буду тішитися ним без зайвого клопоту... Але сьогодні я не можу не вшанувати вашої сміливості.
dlga_lord_respond_to_insult:lord_pretalk.1|Пані, не тримайте на мене зла.
dlga_lord_respond_to_insult:lord_respond_to_insult_challenge_battle|Намагаєтеся мене спровокувати? Майте на увазі: я не маю звички битися з жінками, простолюдинами, бунтарями і лиходіями. Зате я можу наказати своїй челяді взяти і відшмагати. Хочете?
dlga_lord_respond_to_insult:lord_respond_to_insult_challenge_duel|Спроба провокації? Майте на увазі: я не любитель бійок з жінками, простолюдинами, бунтарями і лиходіями. Втім, ваш випадок може стати винятком. Ну, нестерпне дитя, готові отримати заслуженого прочухана?
dlga_lord_respond_to_insult:close_window|Провокуєте мене? Майте на увазі: я не з тих хто б`ється з жінками, простолюдинами, бунтарями і лиходіями. Зараз у мене дуже гарний настрій, тому я не буду наказувати відшмагати вас. Але ви мене втомили, ідіть геть!
dlga_lord_respond_to_insult_challenge_battle:lord_respond_to_insult_challenge_battle_confirm|Хотілося б подивитися, що з цього вийде.
dlga_lord_respond_to_insult_challenge_battle:close_window|Справа не варта того, щоб проливати кров.
dlga_lord_respond_to_insult_challenge_battle_confirm:close_window|Моє терпіння вичерпалося! Хапайте {/}, хлопці!
dlga_lord_respond_to_insult_challenge_duel:lord_respond_to_insult_challenge_duel_confirm|Зараз я дам вам урок.
dlga_lord_respond_to_insult_challenge_duel:close_window|Воно того не варте, щоб за це вмирати.
dlga_lord_respond_to_insult_challenge_duel_confirm:close_window|Хай буде так! Бороніться!
dlga_lord_quarrel_intervention_1:lord_quarrel_intervention_2|{s14}
dlga_lord_quarrel_intervention_2:lord_quarrel_intervention_3a|А, гаразд. Схоже, ви праві.
dlga_lord_quarrel_intervention_2:lord_quarrel_intervention_3b|Які б не були ваші розбіжності, я більше не бажаю про них чути.
dlga_lord_quarrel_intervention_2:lord_quarrel_intervention_3b.1|Хіба Ви не могли бути переконливими в залагодженні Ваших розбіжностей?
dlga_lord_quarrel_intervention_2:lord_pretalk|Якщо подумати, то я не збираюся втручатися.
dlga_lord_quarrel_intervention_3a:lord_pretalk|Відрадно, що ви так вважаєте.
dlga_lord_quarrel_intervention_3b:lord_quarrel_intervention_4|Заради нашої дружби я погоджуся з вами і буду намагатися примиритися з {s11}.
dlga_lord_quarrel_intervention_3b:lord_pretalk|{s11} залишиться моїм ворогом. Моє діло праве.
dlga_lord_quarrel_intervention_4:lord_pretalk|Будемо вважати, що цієї сварки ніколи не було.
dlga_lord_quarrel_intervention_4:lord_pretalk.1|Вважаю, що вам слід поговорити з {s11} та дізнатися, чи зробить він для мене те ж саме.
dlga_lord_internal_politics_cur_stance:lord_internal_politics_cur_stance_plyr_response|Я поки що не можу вирішити. 
dlga_lord_internal_politics_cur_stance:lord_internal_politics_cur_stance_plyr_response.1|Я підтримую {s15}. {s10}
dlga_lord_internal_politics_cur_stance:lord_internal_politics_cur_stance_plyr_response.2|Я віддаю голос за {s15}. {s10}
dlga_lord_internal_politics_cur_stance_plyr_response:lord_internal_politics_plyr_choose_candidate|Дозвольте мені сказати, кого я підтримую...
dlga_lord_internal_politics_cur_stance_plyr_response:lord_internal_politics_cur_stance_plyr_response|ЧИТ - У підтримці відмовлено
dlga_lord_internal_politics_plyr_choose_candidate:lord_internal_politics_plyr_choose_candidate_select|Кого ви підтримуєте?
dlga_lord_internal_politics_plyr_choose_candidate_select:lord_internal_politics_pretalk|Я волію назвати себе
dlga_lord_internal_politics_plyr_choose_candidate_select:lord_internal_politics_pretalk.1|Думаю мій чоловік {s4}, Я завжди за нього.
dlga_lord_internal_politics_plyr_choose_candidate_select:lord_internal_politics_support_acknowledge|Я підтримую Вас, {s4}
dlga_lord_internal_politics_plyr_choose_candidate_select:lord_internal_politics_support_same_acknowledge|Мабуть, я погоджуся з вами, {s4}
dlga_lord_internal_politics_plyr_choose_candidate_select:lord_pretalk|Нічого
dlga_lord_internal_politics_support_acknowledge:lord_pretalk|Ви дуже великодушні, але мені не потрібно цього. Мені доведеться відмовитися від Вашої підтримки.
dlga_lord_internal_politics_support_acknowledge:lord_pretalk.1|Я Вам не довіряю, і Ваша підтримка мені не потрібна. 
dlga_lord_internal_politics_support_acknowledge:lord_pretalk.2|Ви дуже великодушні. 
dlga_lord_internal_politics_support_same_acknowledge:lord_pretalk|Скажіть йому про це самі. Я Вам не довіряю і не бажаю брати участь у Ваших іграх. 
dlga_lord_internal_politics_support_same_acknowledge:lord_pretalk.1|Враховуючи Ваші відносини з {s4}, не думаю, що він буде радий Вашій підтримці.
dlga_lord_internal_politics_support_same_acknowledge:lord_pretalk.2|Я розповім про це {s4}. Безсумнівно, він буде вдячний вам за підтримку. 
dlga_lord_internal_politics_plyr_choose_candidate_select:lord_internal_politics_pretalk.2|Я підтримую {s4}.
dlga_lord_internal_politics_pretalk:lord_internal_politics_cur_stance_plyr_response|Так. Вельми цікаво.
dlga_lord_internal_politics_cur_stance_plyr_response:lord_internal_politics_plyr_request_support|Можу я замість цього попрохати Вас підтримати мене?
dlga_lord_internal_politics_cur_stance_plyr_response:lord_pretalk|Досить цікаво...
dlga_lord_internal_politics_plyr_request_support:lord_pretalk|Ви - джерело розбіжностей, а тому зараз не можете вважатися гідним кандидатом. Раджу вам трохи почекати, перш ніж шукати додаткових почестей.
dlga_lord_internal_politics_plyr_request_support:lord_pretalk.1|Вибачте. Мені не хотілося б загострювати свої відносини з {s4}
dlga_lord_internal_politics_plyr_request_support:lord_pretalk.2|Я б сказав, що Вас і так уже нагородили маєтком згідно Ваших заслугам.
dlga_lord_internal_politics_plyr_request_support:lord_pretalk.3|Мені здається, вам треба ще показати себе, перш ніж претендувати на таку посаду.
dlga_lord_internal_politics_plyr_request_support:lord_pretalk.4|Гм... Ви прохаєте занадто багато, враховуючи наші відносини.
dlga_lord_internal_politics_plyr_request_support:lord_pretalk.5|Я із задоволенням підтримаю Вас.
dlga_lord_recruit_1_relation:lord_pretalk|Я не дуже сприймаю розмови про політику. Можливо, іншим разом.
dlga_lord_recruit_1_relation:lord_pretalk.1|{s12}
dlga_lord_recruit_1_relation:lord_recruit_pretender|Ви підняли повстання на славу {s16}, а тепер збираєтеся просити за {reg3?неї:нього}?
dlga_lord_recruit_pretender:lord_recruit_3_dilemma_1|Саме так.
dlga_lord_recruit_pretender:lord_recruit_1_relation|Це не так. Я тут не для цього.
dlga_lord_recruit_1_relation:lord_pretalk.2|{s12}
dlga_lord_recruit_1_relation:lord_recruit_2|{s12}
dlga_lord_recruit_2:lord_recruit_2_philosophy|А що Ви взагалі гадаєте про королів, знать та політику?
dlga_lord_recruit_2:lord_spouse_leave_faction|Чоловіче мій, я вважаю, що Вам варто переглянути своє ставлення до {s11}.
dlga_lord_spouse_leave_faction:lord_spouse_leave_faction_2|Я не бачив від {s9} нічого крім доброти і справедливості, однак я вас вислухаю. Що ви пропонуєте?
dlga_lord_spouse_leave_faction:lord_spouse_leave_faction_2.1|Я не бачу причин залишати {s9}, але мені б хотілося послухати, що ви пропонуєте.
dlga_lord_spouse_leave_faction:lord_spouse_leave_faction_2.2|Авжеж. Залишатися під владою {s9} дуже непросто. Так що ви пропонуєте?
dlga_lord_spouse_leave_faction_2:lord_spouse_leave_faction_husband_king|Чоловіче мій, я вважаю, що саме ви повинні стати королем!
dlga_lord_spouse_leave_faction_2:lord_spouse_leave_faction_proclaim_queen|Я - законна королева Кальрадії.
dlga_lord_spouse_leave_faction_2:lord_pretalk|Нічого
dlga_lord_spouse_leave_faction_husband_king:lord_pretalk|Можливо, дружино моя, колись так і станеться, але перш ніж оголошувати себе королем, хотілося б, щоб у кого-небудь з нас була фортеця, яка могла б стати нашим домом.
dlga_lord_spouse_leave_faction_proclaim_queen:lord_pretalk|Я не проти вашого наміру, моя дружино, але хотілося б, щоб у нас була фортеця, яка могла б стати нашим двором до того, як ми оголосимо про свої наміри.
dlga_lord_spouse_leave_faction_proclaim_queen:lord_spouse_leave_faction_proclaim_queen_confirm|{s11}
dlga_lord_spouse_leave_faction_proclaim_queen:lord_pretalk.1|{s11}
dlga_lord_spouse_leave_faction_proclaim_queen_confirm:close_window|Чоловіче мій, я готова ступити на шлях, що веде до престолу.
dlga_lord_spouse_leave_faction_proclaim_queen_confirm:lord_pretalk|Чоловіче мій, я готова ступити на шлях, що веде до престолу.
dlga_lord_spouse_leave_faction_husband_king:lord_pretalk.1|Можливо, але для подібних намірів мені потрібно вся ваша підтримка. Втім, спочатку розберіться з бунтом {s4}, а потім будемо обговорювати наші подальші плани.
dlga_lord_spouse_leave_faction_husband_king:lord_spouse_leave_faction_husband_king_2|В цих землях велика частина знатних родин так чи інакше здатна пред'явити права на трон... Враховуючи, як передається влада останнім часом, у мене не менше прав називатися королем, ніж у {s4}.
dlga_lord_spouse_leave_faction_husband_king_2:lord_spouse_leave_faction_husband_king_3|Як король, я рахуватимуся з Вашою думкою, обираючи радників, проводячи зовнішню політику й у всіх інших справах держави. 
dlga_lord_spouse_leave_faction_husband_king_3:close_window|Чудово, мій чоловіче. Зараз саме час заявляти про свої права на престол. 
dlga_lord_spouse_leave_faction_husband_king_3:lord_pretalk|Узагалі-то, краще трохи почекати.
dlga_lord_recruit_2_philosophy:lord_recruit_2|{s43} Бажаєте побалакати про що-небудь інше?
dlga_lord_recruit_2:lord_recruit_2_discontent|Що Ви думаєте про {s15}?
dlga_lord_recruit_2:lord_recruit_3_a|Пам'ятаєте, про що ми з Вами теревенили?
dlga_lord_recruit_2:lord_recruit_quarrel_describe|Ходять чутки, що Ви посварилися з {s16}.
dlga_lord_recruit_quarrel_describe:lord_recruit_2|Це не секрет. {s14}
dlga_lord_recruit_2:lord_pretalk|Нічого.
dlga_lord_recruit_2_discontent:lord_recruit_2_discontent_b|{s12}
dlga_lord_recruit_2_discontent:lord_recruit_hesitant|{s12}
dlga_lord_recruit_2_discontent_b:lord_recruit_3|Іноді я дбаю про стан речей у країні.
dlga_lord_recruit_hesitant:lord_recruit_hesitant_persuade|Можливо, Ви зможете розповісти якісь подробиці?
dlga_lord_recruit_hesitant:lord_pretalk|Добре... Змінимо тему.
dlga_lord_recruit_hesitant_persuade:lord_recruit_3|Якщо вже про це зайшла мова, варто зізнатися, мене теж іноді турбує стан справ у нашій державі.
dlga_lord_recruit_hesitant_persuade:lord_pretalk|Ви випробовуєте моє терпіння. Сказано ж, що мені додати нічого.
dlga_lord_recruit_3:lord_recruit_3_a|Що ж, мені є що Вам сказати.
dlga_lord_recruit_3:lord_pretalk|Гм, цікаво. Утім, доволі про політику.
dlga_lord_recruit_3_a:lord_recruit_3_reset_claim|{s12}
dlga_lord_recruit_3_reset_claim:lord_recruit_3_claim|Так, саме так.
dlga_lord_recruit_3_reset_claim:lord_recruit_3_a_reset|Дозвольте мені висловитися дещо точніше.
dlga_lord_recruit_3_a:lord_recruit_3_b|Так?
dlga_lord_recruit_3_a_reset:lord_recruit_3_b|Так?
dlga_lord_recruit_3_b:lord_recruit_3_why|Я хочу зайняти трон Кальрадії та прошу Вас допомогти мені у цьому.
dlga_lord_recruit_3_b:lord_recruit_3_why.1|{s45} єдиний, хто може бути володарем всієї Кальрадії, приєднуйтесь до нього!
dlga_lord_recruit_3_b:lord_pretalk|Забудьте.
dlga_lord_recruit_3_dilemma_1:lord_recruit_3_dilemma_2|{s43}
dlga_lord_recruit_3_dilemma_2:lord_recruit_3_why|{s43}
dlga_lord_recruit_3_why:lord_pretalk|Ніхто з нас не настільки сильний, як одна фортеця під нашим ім'ям. Або Ви хочете, аби Вашим королівством керувало лігво злочинців у лісі?
dlga_lord_recruit_3_why:lord_recruit_3_d|З чого б мені підтримувати таку людину, як {s44}?
dlga_lord_recruit_3_d:lord_recruit_3_claim|{s43}
dlga_lord_recruit_3_d:lord_recruit_3_claim.1|Якби {s45} був {s47} всі люди, як прості так і знать, отримували би те, на що вони заслуговують.
dlga_lord_recruit_3_d:lord_recruit_3_claim.2|Якби {s45} був {s47}, {s45} поважав би стародавні права знаті цих земель.
dlga_lord_recruit_3_d:lord_recruit_3_claim.3|Тому що {s45} може згуртувати Кальрадію та покласти кінець розбратам.
dlga_lord_recruit_3_d:lord_recruit_3_claim.4|Тому що {s45} нагородить Вас наділами.
dlga_lord_recruit_3_d:lord_pretalk|Забудьте.
dlga_lord_recruit_3_claim:lord_recruit_3_claim|Може, Ви скажете всім в окрузі те, що, по-Вашому, вони хочуть почути найбільше? {s12}
dlga_lord_recruit_3_claim:lord_recruit_4|{s12}
dlga_lord_recruit_3_claim:lord_pretalk|{s12}
dlga_lord_recruit_4:lord_recruit_4_objective_conditions|Я прошу Вас принести клятву вірності {s16}.
dlga_lord_recruit_4:lord_pretalk|Забудьте.
dlga_lord_recruit_4_objective_conditions:lord_recruit_5_security|Дайте-но подумати...
dlga_lord_recruit_5_security:lord_recruit_5_political|{s32}
dlga_lord_recruit_5_political:lord_recruit_5_ideological|{s31}
dlga_lord_recruit_5_ideological:lord_recruit_5_change_sides|{s33}
dlga_lord_recruit_5_change_sides:lord_recruit_6|{s34}
dlga_lord_recruit_6:lord_recruit_6_reaction|Прийшов час прийняти рішення.
dlga_lord_recruit_6:lord_pretalk|Необов'язково вирішувати все просто зараз, ми можемо повернутися до цієї розмови пізніше.
dlga_lord_recruit_6_reaction:lord_recruit_7_decision|Гаразд...
dlga_lord_recruit_7_decision:lord_pretalk|{A12}
dlga_lord_recruit_7_decision:lord_recruit_pledge|Хай буде по-Вашому, {playername}! Я присягну на вірність {reg4?королеві:королю}.
dlga_lord_recruit_pledge:lord_recruit_pledge|Пам'ятаєте, ви обіцяли мені землі. Я не забуду цього.
dlga_lord_recruit_pledge:lord_recruit_pledge_conclude|Хай буде так! Я приношу Вам клятву вірності як відданий васал. Я буду битися з Вашими ворогами там, де потрібний мій меч. Я буду відстоювати ваші права і підтримувати Ваших законних спадкоємців. Натомість я очікую заступництва і визнання моїх васальних прав.
dlga_lord_recruit_pledge:lord_recruit_pledge_conclude.1|Хай буде так! Можете повідомити {s4}, що я приношу {reg4?їй:йому} васальну клятву. Я буду битися з {reg4?її:його} ворогами там, де потрібен мій меч. Я буду стояти за {reg4?її:його} права і підтримувати законних спадкоємців. Натомість я очікую заступництва і визнання моїх васальних прав.
dlga_lord_recruit_pledge_conclude:close_window|Це дуже важливе рішення... Тепер мені треба піти: для підготовки до прийдешніх змін потрібен деякий час.
dlga_lord_start:close_window.3|Мені принесли дарунок, який ви передали через {s11} {s10}. {Пане мій/Моя пані}, це був благородний жест. Я жалкую, що ми з вами сварилися.
dlga_lord_start:close_window.4|Мені принесли дарунок, який ви передали через {s11} {s10}. Заради {reg4?її:його} блага я погоджуся забути старі образи.
dlga_lord_start:close_window.5|Мені принесли дарунок, який ви передали через {s11} {s10}. Ха! Невже ви і справді вважаєте, ніби моє прихильність можна купити?
dlga_lord_start:close_window.6|Мені принесли дарунок, який ви передали через {s11} {s10}. Він гарний, але я не можу пробачити колишніх образ.
dlga_lord_talk:denounce_lord_results|{s4} отримав звинувачення, як ви хотіли.
dlga_denounce_lord_results:lord_pretalk|Так. Сподіваюся, що тепер {s4} двічі подумає, перш ніж дарувати наділи, титули та почесті цій змії. Ми вам вдячні.
dlga_denounce_lord_results:close_window|Охоче вам вірю. А ми чули, що він змусив вас забрати свої слова назад, і тепер виглядає ще впевненішим, ніж раніше. Вибачте мене, {пане/міледі}, якщо мої слова подяки здаються вам недостатньо щирими.
dlga_lord_talk:lord_quest_intrigue_result|За вашим проханням {s5} тепер знає про {s4}, і що від нього чекати.
dlga_lord_quest_intrigue_result:lord_pretalk|Так, ми чули. Сподіваюся, що тепер {s4} двічі подумає, перш ніж дарувати цій пригрітій змії наділи, титули та почесті. Ми вам вдячні.
dlga_lord_quest_intrigue_result:close_window|Це ми чули - але на жаль, схоже, що це пройшло повз вуха {s5}. Все ж, ми вдячні за вашу спробу.
dlga_lord_talk:lord_lend_companion_end|{s14} - моя людина, і я хочу {reg4?її:його} повернути, {s65}.
dlga_lord_lend_companion_end:lord_pretalk|У вас в загоні вже занадто багато воїнів, {playername}. Ви не зможете вести більше людей, ніж зараз. 
dlga_lord_lend_companion_end:lord_pretalk.1|Звичайно, {playername}. {reg3?Вона розумна дівчина:Він розумний хлопець}. Вам пощастило, що у вас такі гідні супутники.
dlga_lord_talk:lord_ask_to_collect_debt|Я тут, аби стягнути з вас гроші, які позичив Вам {s1}.
dlga_lord_ask_to_collect_debt:lord_ask_to_collect_debt_2|Ось як?.. {s1} дійсно позичив мені грошей на зворотній шлях, але я в минулому надав йому чимало послуг і вважаю, що ми в розрахунку.
dlga_lord_ask_to_collect_debt_2:convince_begin|{s1} вважає, що за вами борг. Він мене попросив поговорити з вами від його імені.
dlga_lord_ask_to_collect_debt_2:lord_pretalk|Тоді я більше не буду наполягати.
dlga_convince_accept:close_window|{s8} дійсно дав мені грошей в борг, і термін сплати давно закінчився, так що мені дуже ніяково. Величезне спасибі, що віднесете йому гроші. Будь ласка, передайте йому кошель з {reg10} динарами й мою подяку.
dlga_lord_talk:lord_ask_to_make_peace|Прошу вас, {s64}! Війну, яку ведуть між собою {A12} і {s13}, давно пора припинити!
dlga_lord_ask_to_make_peace:lord_ask_to_make_peace_2|А? Не впевнений, що я вас розумію, {playername}. Про війну не можна просто забути. У мене, бачте, дуже хороша пам'ять... З якого дива я буду укладати мир з цими негідниками?
dlga_lord_ask_to_make_peace_2:convince_begin|Можливо, мені вдасться переконати вас...
dlga_lord_ask_to_make_peace_2:lord_pretalk|Забудьте. Зараз і справді не час для миру...
dlga_convince_accept:close_window.1|Ви... переконали мене, {playername}. Добре, я даю вам своє благословення, передайте {s14} пропозицію про мир. Вони його можуть не взяти, але якщо вони погодяться, то і я згоден на життя без війни.
dlga_lord_talk:lord_challenge_duel_for_lady|Кажуть, Ви ганьбите {s1}. Я вимагаю, щоб Ви взяли свої слова назад!
dlga_lord_challenge_duel_for_lady:lord_challenge_duel_for_lady_2|Хіба ж це звинувачення? Навіть діти знають, що вона спить зі своїми конюхами і з тими, до кого встигне дотягнутися, поки її чоловік у від'їзді. Я лише повторюю те, про що говорять всі...
dlga_lord_challenge_duel_for_lady_2:lord_challenge_duel|Ви зречетесь від цієї брехні, або доведете це проти мого меча!
dlga_lord_challenge_duel_for_lady_2:lord_pretalk|Воля ваша...
dlga_lord_challenge_duel:close_window|{s15}
dlga_lord_talk:lord_challenge_courtship_rival|Залиште свої притензії на {s5}!
dlga_lord_challenge_courtship_rival:lord_challenge_courtship_rival_2|Або що? Ви зібралися битися за даму? Відкрию вам таємницю наш пан не схвалює подібного запалу. Тим більше зараз, коли ворог біля воріт, і кожен воїн на рахунку.
dlga_lord_challenge_courtship_rival_2:lord_challenge_duel|Ви боїтеся битися зі мною?
dlga_lord_challenge_courtship_rival_2:lord_pretalk|Вибачте. Мені не варто було так гніватись...
dlga_lord_talk:lord_message_delivered|{s9} надсилає вам повідомлення.
dlga_lord_message_delivered:lord_pretalk|Правда? Дайте-но подивитися... Ну і ну! Добре, що Ви надали мені це повідомлення, {playername}. Візьміть мою печатку як доказ, що я отримав його, і передайте {s9} мій привіт.
dlga_lord_talk:lord_message_delivered_enemy|{s9} надсилає вам повідомлення.
dlga_lord_message_delivered_enemy:close_window|Правда? Дайте-но подивитися... Гмм... Добре, що Ви надали мені його, {playername}. Візьміть мою печатку як доказ, що я отримав його, разом з моєю вдячністю.
dlga_lord_talk:lord_deliver_message_prisoner|{s11} надсилає вам повідомлення.
dlga_lord_deliver_message_prisoner:lord_deliver_message_prisoner_2|Справді?! Дякую, {playername}! Ви принесли крихітний промінчик надії до цих похмурих стін. Можливо, колись таки я зможу вВам віддячити...
dlga_lord_deliver_message_prisoner_2:lord_deliver_message_prisoner_2a|Це найменше, що я міг зробити, {s65}.
dlga_lord_deliver_message_prisoner_2a:close_window|Мою подяку не можна виразити словами, {playername}. Спасибі, спасибі!
dlga_lord_deliver_message_prisoner_2:lord_deliver_message_prisoner_2b|Не турбуйтеся, {s65}. У Вас ще буде шанс віддячити мене, коли Ви опинитеся на свободі.
dlga_lord_deliver_message_prisoner_2b:close_window|Ах, звичайно ж, {playername}. Моя вдячність буде з вами вічно.
dlga_lord_talk:lord_rescue_by_replace_offer Не бійтеся, я тут, щоб врятувати вас.
dlga_lord_rescue_by_replace_offer:lord_rescue_by_replace_offer_2|Боже мій, Ви серйозно? У вас вже є план?
dlga_lord_rescue_by_replace_offer_2:lord_rescue_by_replace_offer_3|Простенький виверт, {s65}. Якщо ми поміняємося одягом, я займу ваше місце тут, у в'язниці, а Ви підете в моїй сукні. Вартові отримали від мене пристойну суму, так що, думаю, вони вже скупили половину винних припасів у сусідній таверні. Напевно незабаром вони нап'ються до такої міри, що своїх власних матерів не впізнають, не те що на нас. Так що часу на те, щоб вибратися звідси, у вас буде предостатньо.
dlga_lord_rescue_by_replace_offer_3:lord_rescue_by_replace_offer_4|Гм, може бути, це і спрацює... Але як же Ви, {друже мій/моя мила}? Навряд чи стражникам сподобається цей трюк. Раптом з вами щось зроблять?!
dlga_lord_rescue_by_replace_offer_4:lord_rescue_by_replace_offer_5a|Нема про що турбуватися, {s65}. Я вже починаю звикати до цього місця.
dlga_lord_rescue_by_replace_offer_4:lord_rescue_by_replace_offer_5b|До тих пір, поки я пам'ятаю про обіцяну нагороду, зі мною все буде в порядку.
dlga_lord_rescue_by_replace_offer_5a:lord_rescue_by_replace_offer_6|У вас відважна душа. Я не забуду вашого вчинку.
dlga_lord_rescue_by_replace_offer_5b:lord_rescue_by_replace_offer_6|Звичайно, {мій друже/красуне}, звичайно! Приходьте до мене, як тільки звільнитеся, і, швидше за все, я зможу відплатити вам добром за добро.
dlga_lord_rescue_by_replace_offer_6:close_window|Хутко ж, {s65}, давайте мінятися одягом. Вам вже давно пора звідси зникнути.
dlga_lord_talk:lord_ask_pardon_after_oath_renounced|{s66}, мені б хотілося, щоб {s4} знову прийняв мою присягу.
dlga_lord_ask_pardon_after_oath_renounced:lord_pretalk|Боюся, тут я вам не помічник, {playername}. Тільки сам {s4} може вирішити, що з вами робити.
dlga_lord_ask_pardon_after_oath_renounced:lord_ask_pardon_terms|{s11}.
dlga_lord_ask_pardon_terms:lord_pretalk|Як побажаєте, {s65}. Я прийму будь-яке ваше рішення.
dlga_lord_ask_pardon_terms:lord_pretalk.1|Прикро, {s65}. Прикро.
dlga_lord_ask_pardon_terms:lord_pretalk.2|Дуже добре, ідіть і вмирайте без мене.
dlga_lord_ask_pardon_terms:lord_ask_pardon_after_renounce_peace|Так, я до ваших послуг.
dlga_lord_ask_pardon_terms:lord_ask_pardon_terms_rejected|По здоровому глузду я відмовляюся. Я не хочу більше служити вам.
dlga_lord_ask_pardon_terms:lord_ask_pardon_after_renounce_peace.1|Так, мене влаштовують ці умови.
dlga_lord_ask_pardon_terms:lord_ask_pardon_terms_rejected.1|Ціна занадто висока, {s65}. Мені доведеться відмовитися.
dlga_lord_ask_pardon_after_renounce_peace:lord_pretalk|Відмінно. Незважаючи на ваше зрадництво, {playername}, наші серця радіють, що Ви повернулися на шлях істинний. Цим приймаю вашу васальну клятву. Встаньте ж знову як чесний воїн у мене на службі.
dlga_lord_ask_pardon_terms_rejected:close_window Тоді забирайтеся з очей моїх, підле стерво! Геть звідси, і ніколи не повертайтеся!
dlga_lord_talk:lord_ask_pardon Мені б хотілося укласти мир із {s4}.
dlga_lord_ask_pardon:lord_pretalk|Ви серйозно, {playername}? Тоді йдіть і своїм клинком здобудьте мир для всіх нас.
dlga_lord_ask_pardon:lord_pretalk.1|{playername}, {васал/васал} без сеньйора, Ви правите від свого імені, не будучи вірнопідданим жодної держави. Поки ця ситуація не зміниться, жоден правитель у Кальрадії не погодиться укласти з Вами тривалий мир.
dlga_lord_ask_pardon:lord_pretalk.2|Укласти мир, коли у мене така перевага? Не найкраща думка.
dlga_lord_ask_pardon:lord_pretalk.3|Не думаю, що в моїх інтересах йти на мирову.
dlga_lord_ask_pardon:lord_truce_offer|Добре... Мені вже набридло битися з вами. Можу запропонувати перемир'я на сорок днів. Якщо Ви дотримаєте свого слова і не будете руйнувати мої землі і підданих, можна буде і про мир поговорити...
dlga_lord_truce_offer:close_window|Я приймаю вашу пропозицію. Давайте знімемо тяжкий тягар війни, хоча б на час.
dlga_lord_truce_offer:lord_pretalk|Якщо подумати, приймати подібне рішення не в моїх інтересах.
dlga_lord_ask_pardon:lord_ask_pardon_2|Гм. Я міг би скористатися своїм впливом, аби домовитися про Ваше прощення, {playername}, але є люди, які вважають Вас ворогом. Вони не будуть задоволені, доки Ви не виплатите данину. Вам потрібно принести не менше {reg16} динарів, аби завести хоча б якихось друзів {s4}.
dlga_lord_ask_pardon:lord_pretalk.4|Я не в праві щось пропонувати. Ви повинні поговорити з {s7}.
dlga_lord_ask_pardon:lord_ask_pardon_2.1|Так... У мене є більш важливі турботи, ніж Ви, або ваші послідовники. Однак, Ви образили моїх підданих, і несправедливість вимагає компенсації в розмірі {reg16} денарів. Я припускаю, що міг би погодитися пробачити Вас. Що Ви на це скажете?
dlga_lord_ask_pardon:lord_pretalk.5|Я шкодую, але у мене немає грошей, щоб заплатити вам за прощення!
dlga_lord_ask_pardon_2:lord_ask_pardon_tribue_accept|У мене є такі гроші. {reg16} динарів.
dlga_lord_ask_pardon_2:lord_ask_pardon_tribue_deny|Боюся, виплатити таку суму я не можу.
dlga_lord_ask_pardon_tribue_accept:close_window|Відмінно, {playername}. Я використовую ці гроші для того, щоб пом'якшити гнів ваших недоброзичливців. Я впевнений, скоро пройде чутка, що {s4} більше не вважає вас ворогом.
dlga_lord_ask_pardon_tribue_accept:close_window.1|Чудово, {playername}. Я використовую гроші для того, щоб переконати тих, хто може заперечити проти вашого прощення. І я впевнений, що скоро буде відомо, що Ви більше не ворог {s4}.
dlga_lord_ask_pardon_tribue_deny:lord_pretalk Тоді я нічого не можу зробити для вас, {playername}. Немає грошей - немає прощення.
dlga_lord_talk:lord_active_mission_1|Що стосується завдання, яке Ви дали мені...
dlga_lord_talk:lord_switch_to_spouse|Давайте обговоримо питання, пов'язані з нашим будинком.
dlga_lord_switch_to_spouse:lord_pretalk|Давайте почекаємо, поки ми не в залі, моя дружино, як важко мати справу з побутовим кадастром і іншими питаннями у цій сфері.
dlga_lord_switch_to_spouse:spouse_talk|Звичайно, моя дружино.
dlga_lord_talk:lord_request_mission_ask|Ви маєте для мене завдання?
dlga_lord_talk:combined_political_quests|Уважаєте, що ми можемо допомогти один одному зміцнитися в цих землях?
dlga_combined_political_quests:lord_pretalk|Сумніваюся, що у нас з вами є хоча б якісь спільні інтереси. 
dlga_combined_political_quests:lord_pretalk.1|Хм... Давайте обговоримо це в більш приватній обстановці - і пізніше. 
dlga_combined_political_quests:lord_pretalk.2|Хм.. У мене дійсно є ідея, але вона вимагає від Вас відсутності протипріч з будь-ким. Якщо б Ви почекали деякий час, не входячи в суперечки з іншими лордами нашого царства, можливо ми могли б домовитися.
dlga_lord_talk:lord_ask_resign_marshalship|Я бажаю залишити посаду маршала.
dlga_lord_ask_resign_marshalship:lord_pretalk|Нехай так. Я повинен буду знайти когось ще.
dlga_lord_talk:lord_ask_enter_service|{s66}, я хочу запропонувати Вам мій меч і васальну присягу!
dlga_lord_talk:lord_ask_enter_service.1|{s66}, я хочу присягнути на вірність і битися за вашу честь.
dlga_lord_talk:lord_ask_leave_service|{s66}, мені б хотілося звільнитися від клятви, даної вам.
dlga_lord_talk:lord_talk_preoffer У мене до вас є пропозиція.
dlga_lord_talk:lord_give_troops|Я хочу передати Вам частину війська.
dlga_lord_give_troops:lord_pretalk|Добре, мені саме не вистачає хороших бійців. Дякую.
dlga_lord_talk:lord_give_order_ask У мене для Вас нове завдання.
dlga_lord_talk:lord_give_suggestion_ask|Я можу запропонувати план дій?
dlga_lord_give_order_ask:lord_give_order|Так?
dlga_lord_give_suggestion_ask:lord_give_order|Що таке?
dlga_lord_give_suggestion_ask:lord_pretalk|Прошу вибачення, але я Вас погано знаю, щоб прислухатися до ваших порад.
dlga_lord_give_suggestion_ask:lord_give_order.1|Що це?
dlga_lord_give_order:lord_give_order_answer|Слідуйте за мною.
dlga_lord_give_order:lord_give_order_answer.1|Ви будете слідувати за мною? У мене є план...
dlga_lord_give_order:lord_give_order_details_ask|Вирушайте в...
dlga_lord_give_order:lord_give_order_details_ask.1|Здійсніть наліт на село...
dlga_lord_give_order:lord_give_order_details_ask.2|Патрулюйте околиці...
dlga_lord_give_order:lord_give_order_assault|Разом ми зможемо захопити {s11}. Але висуватися варто негайно...
dlga_lord_give_order:lord_give_order_details_ask.3|На нас напали, але ворога можна заставити відступити. Вам варто вирушити до...
dlga_lord_give_order:lord_give_order_details_ask.4|На нас напали, але ворога можна заставити відступити. Вам варто зібрати армію і рухатися до...
dlga_lord_give_order_assault:lord_pretalk|Цією облогою командує {s4}. Пропоную {reg4?з нею:з ним} поговорити.
dlga_lord_give_order_assault:lord_pretalk.1|Наше приготування ще не закінчене. Нам не вистачає {s11}.
dlga_lord_give_order_assault:close_window|Так і бути, на стіни!
dlga_lord_give_order:lord_give_order_details_ask.5|Є тут фортеця, яку буде нескладно захопити. Вирушайте в...
dlga_lord_give_order:lord_give_order_details_ask.6|Сюди йдуть численні ворожі війська. Відступайте до...
dlga_lord_give_order:lord_give_order_stop|Деякий час Ви не будете мені потрібні. Можете зайнятися своїми справами.
dlga_lord_give_order:lord_give_order_stop.1|Вам більше не потрібно супроводжувати мене.
dlga_lord_give_order:lord_pretalk|Не важливо.
dlga_lord_give_order_details_ask:lord_pretalk|Я не стану втікати від ворого опустивши хвоста, навіть не побачивши його війська.
dlga_lord_give_order_details_ask:lord_pretalk.1|Хочете, щоб мої люди стекли кров'ю під стінами фортеці, поки інші будуть стояти і дивитися? Ну вже ні.
dlga_lord_give_order_details_ask:lord_give_order_details|Де?
dlga_lord_give_order_details:lord_give_order_answer|{s1}
dlga_lord_give_order_details:lord_pretalk|Неважливо.
dlga_lord_give_order_stop:lord_pretalk|Добре. На цьому я й зупинюся.
dlga_lord_give_order_answer:lord_give_order|Це не дуже розумно. Було б більш доречно для Вас слідувати за мною замість цього.
dlga_lord_give_order_answer:lord_pretalk|Добре. Я так і зроблю.{s12}
dlga_lord_give_order_answer:lord_pretalk.1|Вибачте. Зараз мені пора зайнятися своїми справами.
dlga_lord_start:lord_talk.5|Герої не вмирають...  Ви щось хотіли!?
dlga_lord_talk:lord_give_order_call_to_arms_verify|Я хочу почати нову кампанію. Давайте зберемо тут армію.
dlga_lord_give_order_call_to_arms_verify:lord_give_order_call_to_arms_verify_2|Ви хочете зібрати всіх лордів для нової кампанії?
dlga_lord_give_order_call_to_arms_verify_2:lord_give_order_call_to_arms|Так, треба зібрати всі наші сили, перш ніж ми виступимо на ворога.
dlga_lord_give_order_call_to_arms_verify_2:lord_pretalk|Думаю, все-таки немає необхідності закликати всіх і кожного.
dlga_lord_give_order_call_to_arms:lord_pretalk|Добре. Я розішлю гінців з наказом кожному прибути сюди.
dlga_lord_talk:lord_give_order_disband_army_verify|Я хочу завершити цю кампанію і розпустити всіх по домівках.
dlga_lord_give_order_disband_army_verify:lord_give_order_disband_army_2|Ви хочете закінчити поточну кампанію і відпустити зі служби всіх васалів?
dlga_lord_give_order_disband_army_2:lord_give_order_disband_army|Так. Всі сили тут нам більше не потрібні.
dlga_lord_give_order_disband_army_2:lord_pretalk|Думаю, що краще триматися разом.
dlga_lord_give_order_disband_army:lord_pretalk|Добре. Я дам всім знати, що вони можуть бути вільні.
dlga_lord_talk:lord_talk_ask_something|Мені б хотілося дещо запитати.
dlga_lord_talk_ask_something:lord_talk_ask_something_2|Так? І що ж?
dlga_lord_talk_ask_something_again:lord_talk_ask_something_2|Щось іще?
dlga_lord_talk_ask_something_2:lord_talk_ask_location|Мені потрібно дізнатися, де знаходиться одна людина.
dlga_lord_talk_ask_something_2:lord_tell_objective|Що Ви та Ваші люди тут робите?
dlga_lord_talk_ask_something_2:lord_talk_ask_about_strategy|Як справи в державі?
dlga_lord_talk_ask_about_strategy:lord_pretalk|Ви повинні вирішити це, тому що Ви тут Маршал.
dlga_lord_talk_ask_something_2:lord_talk_ask_about_war|Як справи на війні?
dlga_lord_talk_ask_something_2:lord_marriage_permission|{s19}
dlga_lord_marriage_permission:lord_pretalk|Святі небеса! Якщо я не дозволяю Вам навіть побачитися з нею, з якого дива мені благословити ваш шлюб?
dlga_lord_marriage_permission:lord_pretalk.1|Я не збираюся віддавати мою {s11} заміж проти її волі.
dlga_lord_marriage_permission:lord_pretalk.2|Вибачте, молодий чоловік. Я не збираюся видавати {s11} за вас. Нехай краще стане дружиною для {s12}.
dlga_lord_marriage_permission:lord_marriage_permission_endowment|Прекрасні новини, молодий чоловік! Я з радістю введу вас у нашу сім'ю. Однак давайте обговоримо умови шлюбу. Згідно з традицією, кожен з нас повинен подбати про те, щоб {s11} жила безбідно навіть у разі непередбачених обставин.
dlga_lord_marriage_permission_endowment:lord_marriage_permission_endowment_answer|Беручи до уваги високий статус наших будинків, я вважаю, що Ви можете зібрати придане {reg3}, а я - в {reg4} динарів. Ця сума стане запорукою добробуту вашої дружини на випадок, якщо Ви не зможете забезпечити їй безбідне життя. Що скажете?
dlga_lord_marriage_permission_endowment_answer:lord_marriage_permission_engagement_date|Добре, так і зробимо.
dlga_lord_marriage_permission_endowment_answer:lord_marriage_permission_endowment_answer_delay|Поки що я не можу собі це дозволити.
dlga_lord_marriage_permission_endowment_answer:lord_marriage_permission_endowment_answer_no|Це занадто багато.
dlga_lord_marriage_permission_endowment_answer_no:close_window|Що ж. Беручи до уваги традиції і правила пристойності, я не стану прирікати свою дочку на злиденне існування. Якщо щось придумаєте, дайте мені знати.
dlga_lord_marriage_permission_engagement_date:close_window|Чудово! Можете вважати, що Ви офіційно заручені. З цього приводу я влаштую {s24} великий бенкет, як тільки зможу. Зрозуміло, вам повідомлять, коли все буде готово.
dlga_lord_marriage_permission_engagement_date:close_window.1|На жаль, залишилася одна маленька проблема - у нас немає безпечного місця для проведення весільної церемонії. Тому давайте поки що утримаємося від весілля.
dlga_lord_marriage_permission_endowment_answer_delay:lord_pretalk|Нічого страшного, просто знайдіть потрібну суму. Я хочу, щоб моя дочка жила в достатку.
dlga_lord_marriage_permission_endowment_answer_delay:lord_pretalk.1|Яка жалість. Але я б пішов проти свого батьківського обов'язку, якби відпустив від себе доньку без хорошого приданого.
dlga_lord_talk_ask_something_2:lord_courtship_permission|{s10}, {s14} {s12} буде тут?
dlga_lord_courtship_permission:lord_pretalk|До мене доходили чутки, що Ви вже говорили з нею, не отримавши мого дозволу. Ось, що я на це скажу: я - її захист і опора, і у мене на неї є плани. Я не збираюся терпіти перешіптування за спиною. Я в домі господар!
dlga_lord_courtship_permission:lord_pretalk.1|{s14}
dlga_lord_courtship_permission:lord_pretalk.2|{s12}
dlga_lord_talk_ask_something_2:lord_talk_ask_marriage_1|Що потрібно зробити, аби укласти міцний союз із Вашим будинком?
dlga_lord_talk_ask_something_2:lord_pretalk|Неважливо.
dlga_lord_talk_ask_location:lord_talk_ask_location_2|Гаразд. Може, я відповім, а може - ні. Про кого Ви хочете дізнатися?
dlga_lord_talk_ask_location_2:lord_talk_ask_location_3|{s1}
dlga_lord_talk_ask_location_2:lady_pretalk|Неважливо. 
dlga_lord_talk_ask_location_2:lord_pretalk|Забудьте.
dlga_lord_talk_ask_location_3:lady_pretalk|{s1}
dlga_lord_talk_ask_location_3:lord_pretalk|{s1}
dlga_lord_talk_ask_about_war:lord_talk_ask_about_war_2|{s12}
dlga_lord_talk_ask_about_war_2:lord_talk_ask_about_war_details|Розкажіть про війну з {s1}.
dlga_lord_talk_ask_about_war_2:lord_pretalk|Це все, що мені потрібно було знати. Дякую вам.
dlga_lord_talk_ask_about_war_details:lord_talk_ask_about_war_2|{s9}.
dlga_lord_talk_ask_about_strategy:lord_strategy_follow_evaluation|{s7} {s9} {s14}
dlga_lord_strategy_follow_evaluation:lord_talk_ask_something_2|Ще щось?
dlga_lord_strategy_follow_evaluation:lord_strategy_follow_up|Наш проводир {s4} надто {reg4?обережний:обережна}. {reg4?Він:Вона} мусить або напасти на ворога на чолі армії, або відправлятися додому.
dlga_lord_strategy_follow_evaluation:lord_strategy_follow_up.1|Наша армія топчеться на одному місці і нічого не робить. Очевидно, на заклик відповіли занадто мало васалів. Можливо, {s4} не користується особливою підтримкою лордів цього королівства.
dlga_lord_strategy_follow_evaluation:lord_strategy_follow_up.2|Я не погоджуюся з цією стратегією. Вважаю, що було б краще {s4}.
dlga_lord_strategy_follow_evaluation:lord_strategy_follow_up.3|Особисто я вважаю, що краще напасти на {s8}, але наш головнокомандувач, {s10}, вважає, що це {s9}
dlga_lord_strategy_follow_evaluation:lord_strategy_follow_up.4|Особисто я вважаю, що краще обороняти {s8} замість {s9}.
dlga_lord_strategy_follow_evaluation:lord_talk|Що небудь ще?
dlga_lord_strategy_follow_evaluation:lord_strategy_follow_up.5|Ця стратегія здається мені розумною.
dlga_lord_strategy_follow_up:lord_strategy_why_not|Якщо Ви атакуєте, то чому не...
dlga_lord_strategy_follow_up:lord_talk_ask_something_again|Зрозуміло...
dlga_lord_strategy_follow_up:lord_talk_replace_marshal|Так Ви хочете сказати, що {s4} не повинен залишатися головнокомандувачем?
dlga_lord_talk_replace_marshal:lord_talk_ask_something_again|Сподіваюся, що наше королівство вирішить питання з {s4} до того, як ми почнемо обговорювати відставку головнокомандувача.
dlga_lord_talk_replace_marshal:lord_talk_ask_something_again.1|Так. Моя позиція з цього питання цілком зрозуміла. Вважаю, що {s4} повинен стати головнокомандувачем замість {s4}.
dlga_lord_talk_replace_marshal:lord_talk_ask_something_again.2|Я визначуся з рішенням і без ваших підказок, {пане/міледі}.
dlga_lord_talk_replace_marshal:lord_talk_replace_marshal_decision|Гм...
dlga_lord_talk_replace_marshal_decision:lord_talk_ask_something_again|Вважаю, що так. А то вже хотілося сказати, що я підтримую {s15}. Добре, що ми з вами це обговорили, і тепер я знаю, що ми однієї думки з цього приводу.
dlga_lord_talk_replace_marshal_decision:lord_talk_ask_something_again.1|Не обов'язково. {s4} і я можемо мати різні думки з приводу стратегії, але це не означає, що я прагну до його відставки.
dlga_lord_strategy_why_not:lord_strategy_why_not_select|Так?
dlga_lord_strategy_why_not_select:lord_talk_ask_something_again|Нічого
dlga_lord_strategy_why_not_select:lord_strategy_why_not_reason|...продовження атаки на {s4}?
dlga_lord_strategy_why_not_select:lord_strategy_why_not_reason.1|...захист {s4}?
dlga_lord_strategy_why_not_select:lord_strategy_why_not_reason.2|...напад на {s4}?
dlga_lord_strategy_why_not_reason:lord_talk_why_not_repeat|{s9}
dlga_lord_strategy_why_not_reason:lord_talk_why_not_repeat.1|Наш головнокомандувач {s11} вважає, що {s8} {s9}{s10}
dlga_lord_strategy_why_not_reason:lord_talk_why_not_repeat.2|Ми можемо піти туди. {s7} Однак, {s5} {s3} {s4}. {s6} {s8}.
dlga_lord_talk_why_not_repeat:lord_strategy_why_not_select|У вас були схожі питання? Чому ми не...
dlga_lord_talk_ask_marriage_1:lord_pretalk|Не приймайте мою відповідь близько до серця, але в мене як у монарха є інші плани на моїх дітей.
dlga_lord_talk_ask_marriage_1:lord_pretalk.1|Щоб союз був надійним, Ви можете закріпити його шлюбом. На жаль, в моєму будинку немає дівчат на виданні.
dlga_lord_talk_ask_marriage_1:lord_courtship_pre_permission|{s15}
dlga_lord_talk_ask_marriage_1:lord_marriage_proposal_female_pc_confirm|Ви що, пропонуєте нам одружитися?
dlga_lord_courtship_pre_permission:lord_courtship_permission|Чи можу я {s15} вважатися нареченим?
dlga_lord_courtship_pre_permission:lord_marriage_permission_engagement_date|ЧИТ - Укласти заручини
dlga_lord_courtship_pre_permission:lord_pretalk|Не беріть в голову.
dlga_lord_marriage_proposal_female_pc_confirm:lord_marriage_proposal_female_pc_reax|Так, така моя пропозиція.
dlga_lord_marriage_proposal_female_pc_confirm:lord_pretalk|Ні... Думаю, Ви неправильно мене зрозуміли.
dlga_lord_marriage_proposal_female_pc_reax:lord_pretalk|{s14}
dlga_lord_marriage_proposal_female_pc_reax:lord_marriage_proposal_female_pc_next_step|{s14}
dlga_lord_marriage_proposal_female_pc_next_step:lord_marriage_proposal_female_pc_next_step_4|Думаю, тепер мені потрібно надіслати послання вашій родині, щоб вони дозволили Вам вийти заміж. Втім, мені здається, Ви вправі приймати власні рішення.
dlga_lord_marriage_proposal_female_pc_next_step_4:lord_marriage_proposal_female_pc_next_step_5|Ви абсолютно праві.
dlga_lord_marriage_proposal_female_pc_next_step_5:lord_marriage_proposal_female_pc_confirm_engagement|Чудово. Раз у нас немає причин відкладати весілля, варто подумати про заручини? Я скличу гостей на бенкет, і Ви з нареченим зможете обмінятися клятвами перед обличчям знаті. Якщо побажаєте...
dlga_lord_marriage_proposal_female_pc_confirm_engagement:lord_marriage_proposal_female_pc_confirm_engagement_yes|Так, побажаю.
dlga_lord_marriage_proposal_female_pc_confirm_engagement:lord_marriage_proposal_female_pc_confirm_engagement_no|Взагалі-то, мені треба подумати.
dlga_lord_marriage_proposal_female_pc_confirm_engagement_yes:close_window|Добре. З божою допомогою, через місяць з невеликим Ви станете чоловіком і дружиною.
dlga_lord_marriage_proposal_female_pc_confirm_engagement_no:close_window|Звичайно, мила. Думайте, скільки вважаєте за потрібне.
dlga_lord_talk:party_encounter_lord_hostile_ultimatum_surrender|Я двічі не повторюю, {s4}! Здавайтеся або помрете!
dlga_party_encounter_lord_hostile_ultimatum_surrender:close_window|{s43}
dlga_lord_talk:lord_predemand|Я тут, аби передати Вам свої вимоги!
dlga_lord_predemand:lord_demand|Га? Чого Ви хочете?
dlga_lord_demand:lord_ultimatum_surrender|Я пропоную Вам єдиний шанс - здавайтеся, або ж Ви помрете.
dlga_lord_ultimatum_surrender:lord_attack_verify|{s43}
dlga_lord_attack_verify:lord_attack_verify_cancel|Вибачте мене, повелителю. Я не знаю, як так вийшло.
dlga_lord_attack_verify_cancel:close_window|Тоді забирайтеся.
dlga_lord_attack_verify:lord_attack_verify_commit|Це не Ваша справа! Готуйтеся до бою!
dlga_lord_ultimatum_surrender:lord_attack_verify_b|{s43}
dlga_lord_attack_verify_b:lord_attack_verify_cancel|Прошу вибачення, володарю. Усе якось вийшло з-під контролю.
dlga_lord_attack_verify_b:lord_attack_verify_commit|Я не зміню рішення. Готуйтеся до бою!
dlga_lord_attack_verify_commit:close_window|{s43}
dlga_lord_demand:lord_pretalk|Простіть мене. Нічого не сталося.
dlga_lord_talk:liege_defends_claim_1|У мандрах мені зустрівся чоловік на ймення {s45}...
dlga_liege_defends_claim_1:liege_defends_claim_2|Та Ви що? Не кожен ризикне згадати це ім'я в моїй присутності. Навіть не знаю, нагородити Вас за сміливість або покарати за зухвалість.
dlga_liege_defends_claim_2:liege_defends_claim_3|Гаразд. Я задовільню Вашу цікавість. Але слухайте уважно, тому я не повторюватиму.
dlga_liege_defends_claim_3:liege_defends_claim_4|{s48}
dlga_liege_defends_claim_4:lord_talk|{s48}
dlga_lord_join_rebellion_suggest_cheat:close_window|Чит: Добре.
dlga_lord_talk:lord_prison_break_chains|Я тут, аби визволити Вас звідси!
dlga_lord_prison_break_chains:close_window|Хвала небесам, що Ви прийшли! Але я не зможу піти звідси з ланцюгами на ногах. Спробуйте забрати ключ у вартового.
dlga_lord_tell_objective:lord_pretalk|Що я роблю? А що ви думаєте? Я тут у полоні сиджу!
dlga_lord_tell_objective:lord_pretalk.1|зараз я ніким не командую.
dlga_lord_tell_objective:lord_pretalk.2|Ми відпочиваємо у {s1}. {s14}
dlga_lord_tell_objective:lord_pretalk.3|Ми прямуємо до {s1}. {s14}
dlga_lord_tell_objective_2:lord_pretalk|Я прямую до околиць {s1}. {s14}{s15}
dlga_lord_tell_objective:lord_pretalk.4|Ми набираємо нових бійців у {s1}. {s14}{s15}
dlga_lord_tell_objective:lord_pretalk.5|Ми шукаємо ворогів в околицях {s1}. {s14}{s15}
dlga_lord_tell_objective:lord_pretalk.6|Ми грабуємо {s1}. {s14}{s15}
dlga_lord_tell_objective:lord_pretalk.7|Ми збираємося відступити {s1}. {s14}{s15}
dlga_lord_tell_objective:lord_pretalk.8|Ми тримаємо в облозі {s1}. {s14}{s15}
dlga_lord_tell_objective:lord_pretalk.9|Ми боремося з {s1}. {s14}{s15}
dlga_lord_tell_objective:lord_pretalk.10|Я прикриваю наступ {s1}. {s14}{s15}
dlga_lord_tell_objective:lord_pretalk.11|Ми супроводжуємо {s1}. {s14}{s15}
dlga_lord_tell_objective:lord_talk_ask_about_strategy|Я командую армією держави.
dlga_lord_tell_objective:lord_pretalk.12|Ми обдумуємо нашу наступну ціль.
dlga_lord_tell_objective:lord_pretalk.13|Я не знаю: {reg1} {s1} (ПОМИЛКА)
dlga_lord_talk:lord_ask_follow|Підете зі мною? У мене є план.
dlga_lord_ask_follow:close_window|Мені до вподоби Ваше товариство, {playername}, але у мене є інші важливі справи. Можливо, через кілька днів я зможу знову до вас приєднатися.
dlga_lord_ask_follow:close_window.1|Навряд чи варто це робити, {playername}. Чому б замість цього не піти за мною?
dlga_lord_ask_follow:close_window.2|{s43}
dlga_lord_ask_follow:close_window.3|Показуйте, куди їхати, {playername}! Принесемо ж смерть і розорення всім нашим ворогам!
dlga_lord_talk_preoffer:lord_talk_offer|Так?
dlga_lord_talk_offer:knight_offer_join|Я хочу викупити одного з ваших бранців.
dlga_lord_talk_offer:lord_pretalk|Не важливо.
dlga_knight_offer_join:hero_pretalk|Боюся, що не можу приєднатися до вас зараз, {playername} - у мене є важливіші справи, які не терплять зволікання.
dlga_knight_offer_join:hero_pretalk.1|Ви забуваєтесь, {пане/пані}. Від таких, як Ви, я наказів не приймаю.
dlga_knight_offer_join:knight_offer_join_2|Я із задоволенням бився б на вашому боці, друже мій, але є одна проблема... Справа в тому, що я опинився в боргах, і борг в {reg6} динарів мені доведеться виплатити зовсім скоро. Для мене справа честі виплатити все в строк і до останньої монети. Якщо у вас немає {reg6} динарів, мені доведеться самому подбати про те, щоб зняти цей тягар із своїх плечей.
dlga_knight_offer_join:close_window|Приєднатися до вас? Думаю, що ні.
dlga_knight_offer_join:knight_offer_join_2.1|Так, друже мій, я з радістю до вас приєднаюся.
dlga_knight_offer_join_2:knight_offer_join_accept|Ось, візьміть, кошель з {reg6} динарами. Це всього-навсього гроші...
dlga_knight_offer_join_2:knight_offer_join_accept.1|Тоді їдемо разом, друже мій!
dlga_knight_offer_join_2:close_window|Добре. Я про це подумаю.
dlga_knight_offer_join_2:hero_pretalk|Добре. Я про це подумаю.
dlga_knight_offer_join_accept:knight_offer_join_accept_party|В моєму загоні є вірні люди, які могли б вам знадобитися. Як бути з ними?
dlga_knight_offer_join_accept:close_window|Так, звичайно, було б весело!
dlga_knight_offer_join_accept_party:knight_join_party_disband|Ви можете розпустити своїх людей. Мені не потрібні додаткові війська.
dlga_knight_offer_join_accept_party:knight_join_party_join|Ваші люди можуть теж приєднатися. Нам потрібен кожен воїн, якого ми можемо взяти.
dlga_knight_offer_join_accept_party:knight_join_party_lead_out|Виводите своїх людей з міста. Я наздожену вас по дорозі.
dlga_knight_offer_join_accept_party:knight_join_party_lead_out.1|Продовжуйте займатися своїми справами. Я знайду вас пізніше.
dlga_knight_join_party_disband:close_window|Ех... Добре, {playername}. Дуже мені не подобається втрачати хороших людей, але рішення залишається за вами. Я розпущу свої війська і приєднаюся до вас.
dlga_knight_join_party_join:close_window|Відмінно. Ми з моїми хлопцями поскачем з вами.
dlga_knight_join_party_lead_out:close_window|Добре. Я поки огляну околиці. Повертайтеся, якщо у вас будуть для мене інші накази.
dlga_lord_enter_service_reject:close_window|Дійсно... Тоді Ви пропонували васальну клятву, щоб тільки протягнути час? Чудово - у вас буде час подумати, але якщо Ви граєте зі мною, це не піде на користь вашій репутації.
dlga_lord_give_oath_give_up:close_window|Дійсно... Тоді Ви пропонували васальну клятву, щоб тільки протягнути час? Чудово - у вас буде час подумати, але якщо Ви граєте зі мною, це не піде на користь вашій репутації.
dlga_lord_enter_service_reject:close_window.1|Що за гидота! Подумати тільки, і я збирався запропонувати вам місце серед своїх дворян! Геть, злиденне убозтво, поки я не втратив терпіння!
dlga_lord_ask_enter_service:lord_give_oath_under_oath_already|Адже Ви вже пов'язані клятвою {s5}, хіба не так?
dlga_lord_give_oath_under_oath_already:lord_pretalk|Саме так, {s65}. Вибачте мене.
dlga_lord_ask_enter_service:lord_pretalk|Я приймаю клятви тільки від тих, хто може стримати їх, {playername}.
dlga_lord_ask_enter_service:lord_ask_enter_service_female_2|Моя пані, у вас видно задатки чудового воєначальника. Для жінки Кальрадії це вкрай незвично, проте такі випадки вже мали місце. Благородні дами іноді брали на себе командування військами, коли їх батьки або чоловіки були вбиті, або потрапляли в полон.
dlga_lord_ask_enter_service_female_2:lord_ask_enter_service_female_response|Правда, мені ніколи не доводилося чути про жінку, що отримала від короля наділ не за певні заслуги, а тому що монарху був потрібен ще один васал. Зроби я так, мужі всієї Кальрадії прийдуть в сум'яття. Люди скажуть, що мене задурманили або зачарували. А тому, як не шкода, я не можу дарувати Вам землі.
dlga_lord_ask_enter_service_female_response:lord_ask_enter_service_female_solution_capture|А що якщо я силою захоплю замки одного з ваших ворогів?
dlga_lord_ask_enter_service_female_response:lord_ask_enter_service_female_solution_marriage|А що якщо я вийду заміж за вашого васала?
dlga_lord_ask_enter_service_female_response:lord_ask_enter_service_female_solution_competitor|Може, один з ваших суперників виявиться більш розумніший.
dlga_lord_ask_enter_service_female_response:lord_ask_enter_service|Я все одно буду боротися за вас, з наділом або без.
dlga_lord_ask_enter_service_female_response:lord_pretalk|Тоді забудемо.
dlga_lord_ask_enter_service_female_solution_marriage:lord_ask_enter_service_female_response|В цьому випадку я все одно не зможу дарувати вам землі. Втім, Ви з легкістю зможете зайнятися власністю чоловіка, якщо він дозволить вам діяти від свого імені. У вас ще є питання?
dlga_lord_ask_enter_service_female_solution_competitor:lord_ask_enter_service_female_response|Можливо, становище якого-небудь монарха настільки плачевно, що вам вдасться щось отримати. З іншого боку, у таких правителів зазвичай дуже небагато землі. У вас ще є питання?
dlga_lord_ask_enter_service_female_solution_capture:lord_ask_enter_service_female_response|В такому разі, при сприятливих обставинах, я міг би погодитися залишити їх вам. У вас ще є питання?
dlga_lord_ask_enter_service:lord_give_oath_1|Ви відомі як сміливий воїн і добрий командир, {playername}. Я буду радий прийняти вас на службу і стати вашим сеньйором, якщо Ви готові принести мені васальну клятву.
dlga_lord_ask_enter_service:lord_pretalk.1|Ви повинні проявити себе як розумний командир, {playername}. Окропіть свій меч кров'ю ворогів моїх і доведіть, що Ви гідні стати моїм васалом. Тоді і поговоримо.
dlga_lord_give_oath_1:lord_give_oath_2|Добре, {s65}.
dlga_lord_give_oath_1:lord_give_oath_give_up|Вибачте, {s65}, мені потрібно спочатку все гарненько обдумати...
dlga_lord_give_oath_give_up:lord_pretalk|Звичайно, мила. Думайте, скільки вважаєте за потрібне.
dlga_lord_give_oath_give_up:close_window.1|Що це за ігри, {playername}? Ідіть і вирішуйте, і досить витрачати свій час даремно.
dlga_lord_give_oath_2:lord_give_oath_3|Добре. Тоді повторюйте слова клятви слідом за мною: "Присягаю зберігати вірність Вам, законному правителю {s41}".
dlga_lord_give_oath_3:lord_give_oath_4|Я зобов'язуюся зберігати вірність Вам, як законному правителю {s41}.
dlga_lord_give_oath_3:lord_give_oath_give_up|Вибачте мене, {reg65?моя пані:мій пане}. Я відчуваю, що мені треба обміркувати все це.
dlga_lord_give_oath_4:lord_give_oath_5|Я буду вірно слідувати за вами, поки не обірветься моє життя...
dlga_lord_give_oath_5:lord_give_oath_6|Я буду вірно слідувати за вами, поки не обірветься моє життя...
dlga_lord_give_oath_5:lord_give_oath_give_up|{reg65?Моя пані:Мій пане}, можу я попросити дати мені трохи часу на роздуми?
dlga_lord_give_oath_6:lord_give_oath_7|... і буду битися з ворогами вашими, якщо вам знадобиться мій меч.
dlga_lord_give_oath_7:lord_give_oath_8|... і буду битися з ворогами вашими, якщо вам знадобиться мій меч.
dlga_lord_give_oath_7:lord_give_oath_give_up|{reg65?Моя пані:Мій пане}, дайте мені, будь ласка, ще трохи часу на роздуми.
dlga_lord_give_oath_8:lord_give_oath_9|І, нарешті, я буду підтримувати ваші законні наміри і такі ж - ваших законних спадкоємців.
dlga_lord_give_oath_9:lord_give_oath_10|І, нарешті, я буду підтримувати ваші законні наміри і такі ж - ваших законних спадкоємців.
dlga_lord_give_oath_9:lord_give_oath_give_up|{reg65?Моя пані:Мій пане}, мені потрібно ще час, щоб все обдумати.
dlga_lord_give_oath_10:lord_give_oath_go_on_2|Відмінно. Ви принесли мені клятву вірності, {playername}. Зберігайте її вічно, ревно і з належною сміливістю.
dlga_lord_give_oath_go_on_2:lord_give_oath_go_on_3|Нехай буде відомо, що з цього дня Ви мій клятвенник і васал. Я надаю Вам свій захист, дарую Вам право піднімати зброю на мою честь і обіцяю, що не заберу Ваше життя, свободу або власність, окрім як за законним вироком рівних Вам, або за законом і звичаєм цієї країни.{reg1? Окрім того, Вам у володіння переходить {s1} з усіма рентами і доходами:}.
dlga_lord_give_oath_go_on_3:lord_give_conclude|Ви вчинили мудро, {playername}. Служіть мені як слід - і, я обіцяю, Ви піднесетеся.
dlga_lord_give_conclude:lord_give_conclude_2|{s41}
dlga_lord_give_conclude_2:close_window.1|Хай буде так, дружино моя. Хотілося б мені, аби всі мої васали були б такими ж вірними й доблесними.
dlga_lord_give_conclude_2:close_window.2|{playername}, я покладаю на Вас великі надії та вірю, що Ви зможете їх виправдати.
dlga_lord_ask_enter_service:lord_enter_service_swear|Так, це мудре рішення. Вірний мені чоловік зможе стати багатим і сильним, а наші вороги... Що ж, наші вороги попадають, як пшениця під серпом. Однак, щоб поступити до мене на службу, Ви повинні перш відкинути всі мирські клятви і пута, і заприсягтися, що будете служити тільки {s5}.
dlga_lord_enter_service_swear:lord_enter_service_swear_accepted|Я присягаюсь у цьому, {s65}.
dlga_lord_enter_service_swear:lord_enter_service_swear_denied|Мені потрібно обдумати це.
dlga_lord_enter_service_swear_denied:close_window|Ви намагаєтеся мене обдурити? У мене немає часу на ігри, {playername}. Приймайте рішення і припиніть витрачати мій час.
dlga_lord_enter_service_swear_accepted:lord_enter_service_swear_accepted_2|В такому разі я із задоволенням вітаю вас на службі мого дому. З цього дня, {playername}, Ви - боєць і захисник {s5} з усіма відповідними обов'язками та привілеями.
dlga_lord_enter_service_swear_accepted_2:close_window|Я доручаю вам знищувати наших ворогів, де б вони вам не зустрілися. Час від часу у мене і у деяких підвладних мені лордів будуть для вас спеціальні завдання. Служіть, боріться і залишайтеся вірні вашим клятвам. Це допоможе вам просунутися, якщо Ви бажаєте підвищення. Та пошле господь всім нам довге життя і численні перемоги, які ми відсвяткуємо в моєму палаці!
dlga_lord_ask_leave_service:lord_ask_leave_service_verify|Гхм. Ваша клятва вам стала тягарем, {playername}? Прохання про звільнення від клятви досить незвичне, але, враховуючи вашу бездоганну службу, я не буду тримати вас, якщо Ви дійсно хочете піти. Хоча мені вас буде дуже не вистачати.
dlga_lord_ask_leave_service:lord_ask_leave_service_verify.1|Звільнити вас від клятви? Гм, мабуть, це буде навіть краще... Однак, {playername}, Ви повинні бути абсолютно впевнені в своєму бажанні. Це дуже серйозне рішення.
dlga_lord_ask_leave_service_verify:lord_ask_leave_service_2|Мені доведеться піти на це, {s65}.
dlga_lord_ask_leave_service_verify:lord_ask_leave_service_giveup|Ви праві, {s65}. Моє місце тут.
dlga_lord_ask_leave_service_giveup:lord_pretalk|Я радий чути це, {playername}. Я сподіваюся, такі негідні думки більше не прийдуть вам у голову.
dlga_lord_ask_leave_service_2:lord_ask_leave_service_verify_again|Так, Ви впевнені?
dlga_lord_ask_leave_service_verify_again:lord_ask_leave_service_3|Так, {s65}.
dlga_lord_ask_leave_service_verify_again:lord_ask_leave_service_giveup|Звісно ж ні, {s65}. Я Ваш вірний васал навічно.
dlga_lord_ask_leave_service_3:lord_ask_leave_service_end|Як побажаєте. Оголошую Вашу клятву недійсною. Ви більше не володієте землею або титулами від мого імени, і я звільняю Вас від обов'язків щодо мого дому. Ви вільні, {playername}.
dlga_lord_ask_leave_service_end:lord_ask_leave_service_end_2|Дякую Вам, повелителю. Для мене було честю служити Вам.
dlga_lord_ask_leave_service_end:lord_ask_leave_service_end_2.1|Дякую. Добре знову відчути себе {вільним/вільною}.
dlga_lord_ask_leave_service_end_2:close_window|Прощавайте ж, {playername}, і щасти Вам.
dlga_lord_active_mission_1:lord_lend_companion_end|О, Ви хочете повернути свого супутника? Зрозуміло...
dlga_lord_active_mission_1:lord_pretalk|{playername}, я змушений прохати Вас потерпіти, мені ще потрібен Ваш супутник. Будь ласка, поверніться пізніше, коли я все владнаю.
dlga_lord_active_mission_1:lord_active_mission_2|Як там справи, є хороші новини?
dlga_lord_active_mission_2:lord_generic_mission_thank|Так. Я привів Вам {reg1} полонених, вони {s1}.
dlga_lord_active_mission_2:capture_enemy_hero_thank|Так, звичайно. Я захопив для Вас лорда {s13}.
dlga_capture_enemy_hero_thank:capture_enemy_hero_thank_2|Вельми вдячний, друже мій. З ним можна буде провернути чудову операцію. Спасибі за хорошу роботу. Думаю, {reg5} динарів за допомогу вам буде достатньо.
dlga_capture_enemy_hero_thank_2:lord_pretalk|Звичайно, {s65}.
dlga_capture_enemy_hero_thank_2:lord_pretalk.1|Мені це нічого не вартувало.
dlga_capture_enemy_hero_thank_2:lord_pretalk.2|Наступного разу давайте складніше завдання.
dlga_lord_active_mission_2:lord_raise_troops_thank|Так. {s13} на моєму боці. Їх {reg1} осіб, і вони готові служити Вам.
dlga_lord_raise_troops_thank:lord_raise_troops_thank_2|Ці люди мають схилити шальки терезів у мою сторону, {playername}. Я впевнений, що Ви їх добре навчили. Прийміть мої вітання та подяку.
dlga_lord_raise_troops_thank_2:lord_pretalk|Тепер вони у Вашому розпорядженні, мілорде. Сподіваюся, Ви добре про них подбаєте.
dlga_lord_active_mission_2:lord_collect_taxes_success|{s3} передає Вам податки у розмірі {reg19} динарів.
dlga_lord_active_mission_2:lord_collect_taxes_half_success|{s3} передає Вам податки у розмірі {reg19} динарів.
dlga_lord_active_mission_2:lord_collect_taxes_fail|На жаль, там вибухнув бунт, і мені не вдалося отримати більше {reg19} динарів.
dlga_lord_collect_taxes_success:lord_pretalk|Чудова робота, {playername}, просто чудова! Ви дійсно підійшли для цього завдання чи не найкраще. Я обіцяв Вам одну п'яту частину податків, себто близько {reg21} динарів. Якщо Ви віддасте мені {reg20}, інше можете залишити собі. Гадаю, що це влаштовує всіх, адже так?
dlga_lord_collect_taxes_half_success:lord_pretalk|Що? Ви вважаєте мене дурнем, {playername}? Це менше половини всіх грошей, що мені належать. Ви б й убивцю відпустили так само легко, як боржника. Що за блюзнірство! Можете забути про обіцяну нагороду. Мені буде достатньо {reg20} динарів зібраної Вами суми. Дякуйте богові, що я людина чести і не стану обдирати Вас до нитки.
dlga_lord_collect_taxes_fail:lord_pretalk|Боже, до якої кепської події Ви нас залучили, {playername}. Усе могло б обернутися дуже погано, якби я вчасно не втрутився. Сподіваюся, Ви прийшли сюди не за тим, щоб одержати плату. {reg19} динарів мені буде достатньо, аби не мати до Вас більше претензій. І після цього - жодних спільних справ.
dlga_lord_active_mission_2:lord_hunt_down_fugitive_success|{s4} поніс заслужене покарання. Він переховувався у селі {s3}.
dlga_lord_active_mission_2:lord_hunt_down_fugitive_fail|Боюся, що він пішов.
dlga_lord_hunt_down_fugitive_success:lord_hunt_down_fugitive_success_2|Усім нам буде краще без нього! Удячний Вам, {playername}, що позбавили мене цієї мороки. Приємно мати вірну людину, яка може тихо і швидко розібратися з усіма справами. Я обіцяв Вам нагороду, і Ви її отримаєте. 300 динарів, і ні копійки менше!
dlga_lord_hunt_down_fugitive_success_2:lord_hunt_down_fugitive_reward_accept|Дякую, {s65}. Ці гроші мені знадобляться.
dlga_lord_hunt_down_fugitive_success_2:lord_hunt_down_fugitive_reward_reject|Це криваві гроші, я не можу їх прийняти.
dlga_lord_hunt_down_fugitive_reward_accept:lord_pretalk|Звичайно, {playername}. Ось гроші. Ще раз дякую Вам за те, що {s44} мене більше не потурбує.
dlga_lord_hunt_down_fugitive_reward_reject:lord_pretalk|О, для вас доконана справедливість - уже достатня нагорода? Як забажаєте, {playername}, як забажаєте. Вельми гідне рішення. У будь-якому випадку, завдяки Вам {s44} мене більше не потурбує.
dlga_lord_hunt_down_fugitive_fail:lord_pretalk|Сьогодні сумний день, якщо {s43} знову уникнув караючої руки правосуддя. Я гадав, Ви з цим упораєтеся, {playername}. Дуже шкода, що я помилився.
dlga_lord_active_mission_2:lord_active_mission_3|Я ще працюю над ним.
dlga_lord_active_mission_2:lord_mission_failed|Боюся, я не зможу виконати це завдання.
dlga_lord_active_mission_3:lord_pretalk|Гаразд. Пам'ятайте, я на Вас розраховую.
dlga_lord_mission_failed:lord_pretalk|{s43}
dlga_lord_suggets_attack_enemy_castle3:lord_pretalk|{s1}? Непогана ідея. Напад повинен бути вдалим.
dlga_lord_propose_mercenary:lord_mercenary_service|Бачте, {playername}... Я пообіцяв {s10}, що я найму загін воїнів для майбутньої кампанії. 
dlga_lord_mercenary_service:lord_mercenary_service_reject|Мене це не цікавить, але все одно дякую.
dlga_lord_mercenary_service:lord_mercenary_service_accept|Чудово, я приєднаюся до {s9}.
dlga_lord_mercenary_service:lord_mercenary_elaborate_pay|Цікаво. Розкажіть докладніше.
dlga_lord_mercenary_service_accept:lord_mercenary_service_verify|Ось і добре. Звичайно, вам доведеться принести клятву вірності і пообіцяти залишатися на службі у {s9} не менше трьох місяців.
dlga_lord_mercenary_service_verify:lord_mercenary_service_verify_2|Як побажаєте. Ваші вороги - мої вороги.
dlga_lord_mercenary_service_verify:lord_mercenary_service_reject|Ні, я все ж краще відмовлюся.
dlga_lord_mercenary_service_verify_2:lord_mercenary_service_accept_3|Ось і добре. Ви зробили мудрий вибір, друже мій. {s9} не бідна держава, і Ви отримаєте гідну винагороду за службу.
dlga_lord_mercenary_service_accept_3:lord_pretalk|А тепер, я пропоную вам підготуватися до серйозної кампанії. Натренуйте і спорядіть своїх бійців найкращим чином і будьте готові виступити за першим сигналом.
dlga_lord_mercenary_service_reject:lord_pretalk|Мені дуже сумно чути це. {s9} - відмінне місце, будьте впевнені.
dlga_lord_mercenary_elaborate_pay:lord_mercenary_elaborate_1|Я можу запропонувати вам контракт на три місяці. По закінченні цього періоду контракт можна буде продовжувати місяць за місяцем. При підписанні контракту вам буде виплачено винагороду в розмірі {reg12} динарів. Після цього {s10} буде платити вам щотижня суму, що залежить від кількості бійців вашого загону і їх умінь. За вами залишається право на військові трофеї і на захоплених вами бранців. Війна часом буває дуже прибутковим заняттям...
dlga_lord_mercenary_service_elaborate_duty:lord_mercenary_elaborate_1|Обов'язки? Їх небагато, і вони не важкі. По-перше, відкрито заявіть про свою відданість. Присягніть на вірність нашій справі. Потім Ви повинні будете брати участь у військових кампаніях, виконувати накази вашого командування, а найголовніше - нападати на ворогів нашої держави, де б Ви не зіткнулися з ними.
dlga_lord_mercenary_elaborate_1:lord_mercenary_service_elaborate_duty|Якими будуть мої обов'язки?
dlga_lord_mercenary_elaborate_1:lord_mercenary_elaborate_castle|Чи можу я утримати у своєму володінні замки, які захоплю?
dlga_lord_mercenary_elaborate_1:lord_mercenary_elaborate_banner|Чи можу я вступати в бій під власним прапором?
dlga_lord_mercenary_elaborate_1:lord_mercenary_elaborate_pay|Скільки Ви будете платити мені за службу?
dlga_lord_mercenary_elaborate_1:lord_mercenary_service_accept|Звучить непогано. Я хочу вступити на службу до Вас як найманця.
dlga_lord_mercenary_elaborate_1:lord_mercenary_service_reject|Прошу вибачення, але мій меч не продається.
dlga_lord_mercenary_elaborate_castle:lord_mercenary_elaborate_1|Тільки мої вірні васали можуть володіти землями і замками в моїй державі, і всі мої васали - чоловіки.\Я не збираюся відступати від цієї традиції без причини. Проявіть себе в бою, і тоді я прийму вашу васальну клятву.\Тоді поговоримо, як вам отримати власний замок.
dlga_lord_mercenary_elaborate_castle:lord_mercenary_elaborate_1.1|Хм... Володіти землями і замками можуть лише вірні васали {s10}. І якщо королі іноді брали васальну клятву від чоловіків, які проявили себе в бою, і наділяли землею, то про жінок, які отримали наділ і стали васалами, я не чув. Вам краще обговорити це з {s10}.
dlga_lord_mercenary_elaborate_castle:lord_mercenary_elaborate_1.2|В моїй країні землі і замки можуть отримати тільки мої вірні васали. Найманцям ж я такої честі надати не можу. Однак прослуживши досить довго, Ви зможете принести мені клятву вірності і стати моїм васалом. Тоді Ви, без сумніву, отримаєте наділ.
dlga_lord_mercenary_elaborate_castle:lord_mercenary_elaborate_1.3|Землі і замки можуть отримати тільки вірні васали {s10}. Зрозумійте, найманцям такої честі надати просто не можна. Однак, прослуживши досить довго, Ви зможете принести клятву вірності {s10} і стати його васалом. Тоді Ви, без сумніву, отримаєте наділ.
dlga_lord_mercenary_elaborate_banner:lord_mercenary_elaborate_1|Тільки мої благородні васали мають честь битися під власними прапорами. Однак, прослуживши деякий час, Ви отримаєте можливість принести мені клятву вірності і стати моїм васалом, отримавши заодно і право вибрати собі знамено і битися під ним у битвах.
dlga_lord_mercenary_elaborate_banner:lord_mercenary_elaborate_1.1|{s10} дотримується старих традицій. Лише благородні васали мають честь битися під власними стягами. Однак, прослуживши деякий час, Ви отримаєте можливість принести васальну клятву {s10}. Після цього Ви отримаєте право вибрати собі прапор і битися під ним у битвах.
dlga_lord_request_mission_ask:lord_pretalk|Ви так і не виконали моє останнє завдання, {playername}. Вам слід було б більш ревно ставитися до служби, а не просити нові завдання.
dlga_lord_request_mission_ask:lord_pretalk.1|Нових завдань для вас поки немає.
dlga_lord_request_mission_ask:lord_tell_mission|Завдання?
dlga_lord_request_mission_ask:lord_pretalk.2|Моя пані, слідуючи канонам ввічливості, мені слід було б запропонувати вам свої послуги. На жаль, зараз у мене дуже мало часу, тому прошу вас, візьміть це на знак моєї поваги.
dlga_lord_tell_mission:lord_tell_mission_sworn_vassal|У мене є деякі справи, що вимагають втручання, але їх краще доручити кому-небудь з моїх людей, а не васалу короля.
dlga_lord_tell_mission_sworn_vassal:lord_pretalk|Якщо бажаєте битися з нашими ворогами, можете приєднатися до нашої атаки на {s4}. Противник може бути дуже сильний, так що, чим більше буде у нас людей, тим краще. 
dlga_lord_tell_mission_sworn_vassal:lord_pretalk.1|Якщо бажаєте битися з ворогами, вирушайте в {s4}. Ми отримали повідомлення, що в цих краях стоїть військо {s5}, і я збираюся туди навідатися. Втім, не можу вам обіцяти, що противник все ще буде там, коли Ви туди доберетеся. 
dlga_lord_tell_mission_sworn_vassal:lord_pretalk.2|Якщо бажаєте битися з ворогами, вирушайте в {s4}. Ми отримали повідомлення, що в цих краях стало військо {s5}. Я сам туди не поїду, але Ви можете подивитися, що там робиться. Втім, не можу вам обіцяти, що противник все ще буде там, коли Ви туди доберетеся. 
dlga_lord_tell_mission_sworn_vassal:lord_pretalk.3|Втім, якщо з'явиться цікава справа, я неодмінно доручу її вам. 
dlga_lord_tell_mission:destroy_lair_quest_brief|Так, Ви можете дещо зробити для нас. Ми чули, що група {s4} влаштувала собі лігво в цьому районі і тепер нападає на подорожніх. Якщо Ви зможете знайти їх притулок і знищити його, то ми будемо дуже вдячні.
dlga_lord_tell_mission:lord_mission_rescue_prisoner|Мого {s11} {s13} взяв у полон {s14} {s15}. Зазвичай благородні люди ставляться до знатних в'язнів як до гостей, якщо ті дають слово не тікати до сплати викупу. Але замість того щоб прийняти {s13} як личить, {s14} кинув {s11} в темницю. Поза всяких сумнівів, цей мерзотник хоче вимагати з нас більший викуп.
dlga_lord_mission_rescue_prisoner:lord_mission_rescue_prisoner_confirm|Ви повинні витягнути {s11} з в'язниці. Якщо Ви вирішите заплатити викуп, то ми готові відшкодувати вам витрати - до 5000 динарів. Якщо у вас є зв'язки в {s24}, спробуйте скористатися ними і таємно звільнити бранця. Якщо ж Ви хочете діяти прямо, дістаньтеся до тюремника і відніміть у нього ключі, а потім з боєм пробийтеся назовні. Ви зробите це?
dlga_lord_mission_rescue_prisoner_confirm:lord_mission_rescue_prisoner_accepted|Можна спробувати.
dlga_lord_mission_rescue_prisoner_confirm:lord_mission_rescue_prisoner_rejected|Не думаю, що я зможу вам допомогти.
dlga_lord_mission_rescue_prisoner_rejected:close_window|Розумію, це непросте завдання. Гаразд, ми що-небудь придумаємо.
dlga_lord_mission_rescue_prisoner_accepted:lord_mission_rescue_prisoner_method|Ми дуже вдячні. Можна дізнатися, що Ви збираєтеся робити далі?
dlga_lord_mission_rescue_other_ideas:lord_mission_rescue_prisoner_method|Ви вже знаєте, що будете робити?
dlga_lord_mission_rescue_prisoner_method:lord_mission_rescue_prisoner_method_prisonbreak|Я хочу вдертися в тюрму {s24}, відшукати {s13} і потім пробитися назовні.
dlga_lord_mission_rescue_prisoner_method:lord_mission_rescue_prisoner_method_siege|Я збираюся взяти {s24} штурмом.
dlga_lord_mission_rescue_prisoner_method:lord_mission_rescue_prisoner_planning_end|Вистачить з мене планів! Пора діяти!
dlga_lord_mission_rescue_prisoner_planning_end:close_window|Хай бережуть вас небеса.
dlga_lord_mission_rescue_prisoner_method_prisonbreak:lord_mission_rescue_prisoner_method_prisonbreak_2|Ми з моїми людьми обговорили, що тут можна зробити. Хто-небудь з них міг би таємно або відкрито проникнути в {s24}, знайти тюремника і силою відібрати у нього ключі. А от вийти назад буде нелегко. Навіть якщо солдати гарнізону не будуть поспішати, можна запросто опинитися віч-на-віч з півдюжиною ворогів, та ще й у якомусь провулку. Якщо зумієте пробитися через такий заслін, тоді, може, і вирвитеся з міста.
dlga_lord_mission_rescue_prisoner_method_prisonbreak_2:lord_mission_rescue_other_ideas|Думаю, буде корисним провести якийсь відволікаючий маневр. Якщо у вас є які-небудь зв'язки в селах поруч з {s24}, саме час їх використати.
dlga_lord_mission_rescue_prisoner_method_siege:lord_mission_rescue_other_ideas|Та вже, схоже, простішого способу не придумаєш.
dlga_lord_tell_mission:lord_mission_deliver_message|Мені потрібно відправити лист {s13}. Мабуть, він зараз в {s4}. Якщо вам трапиться побувати в тих краях, не передасте йому цей пакет? Його потрібно доставити протягом 30 днів.
dlga_lord_mission_deliver_message:lord_mission_deliver_message_accepted|Звичайно, {s4} мені якраз по дорозі, ніяких проблем.
dlga_lord_mission_deliver_message:lord_mission_deliver_message_rejected|Боюся, {s13} я побачу нескоро, {s65}. Краще надішліть лист з кимось іншим.
dlga_lord_mission_deliver_message:lord_mission_deliver_message_rejected_rudely|Я не посильний, мій лорд. Найміть кур'єра для таких дрібниць.
dlga_lord_mission_deliver_message_accepted:close_window|Я ціную це, {playername}. Ось лист і невелика сума, щоб покрити ваші дорожні витрати. {s13} зрадіє, отримавши мій сердечний привіт.
dlga_lord_mission_deliver_message_rejected:lord_pretalk|Що ж, добре. Знайду кого-небудь іншого.
dlga_lord_mission_deliver_message_rejected_rudely:lord_mission_deliver_message_rejected_rudely_2|Хм, так Ви відповідаєте на ввічливі прохання про невелику послугу? Сумно, {playername}. Мені здавалося, таке прохання не може бути образливиим.
dlga_lord_mission_deliver_message_rejected_rudely_2:lord_mission_deliver_message_rejected_rudely_3|Тепер знайте, що це так.
dlga_lord_mission_deliver_message_rejected_rudely_2:lord_mission_deliver_message_accepted|Пробачте мені мою запальність, {s65}. Я доставлю ваш лист.
dlga_lord_mission_deliver_message_rejected_rudely_3:close_window|Добре. Я це запам'ятаю.
dlga_lord_tell_mission:lord_mission_deliver_message.1|Мені потрібно доставити лист {s13} з {s15}, але зараз він, мабуть, {s4}. Якщо вам трапиться проїжджати в тих місцях, не доставите йому цей пакает? Він повинен потрапити до нього в руки протягом 40 днів.
dlga_lord_tell_mission:lord_mission_told|Є одне невеличке дільце... Моя {s17} {s13} збирається нанести візит своїм родичам, які живуть в {s14}. Подорож кілька разів відкладалося - дороги в наші дні небезпечні. Але цього разу вона твердо має намір їхати, так що мені хотілося б, принаймні, дати їй надійну охорону, супровід. Я довіряю вам, {playername}, і буду дуже вдячний, якщо Ви підете з нею і забезпечити її безпеку.
dlga_lord_tell_mission:lord_mission_deal_with_bandits_told|Банда розбійників знайшла притулок у моєму селі {s15}. Вони розоряють сусідні ферми, багатіють, крадучи мої податки і пожираючи мою худобу. Я хотів би піти туди і дати їм урок, але у мене зараз дуже багато справ, нічого не можу з цим вдіяти.
dlga_lord_mission_deal_with_bandits_told:lord_mission_deal_with_bandits_accepted|Не турбуйтеся, {s15} - не найбільш віддалене місце, так що я охоче туди піду і розберуся з цими мерзотниками.
dlga_lord_mission_deal_with_bandits_told:lord_mission_deal_with_bandits_rejected|Зверніться за допомогою до когось іншого, я занадто {зайнятий/зайнята}.
dlga_lord_mission_deal_with_bandits_accepted:close_window|Ви це зробите? Я буду Вам дуже вдячний! Ось трохи грошей, аби покрити витрати Вшої кампанії. Ох уже це село, ох уже ці {s43}... поставте їх на місце!
dlga_lord_mission_deal_with_bandits_rejected:lord_pretalk|Ах, ну добре. Забудьте мої слова.
dlga_lord_tell_mission:lord_tell_mission_raise_troops|Соромно у цьому зізнаватися, {playername}, але вчора я інспектував своїх бійців, і що ж? Деякі з них навіть не знають, з якого боку братися за меч. {s43} Ви стільки воювали, {playername}, - можливо, Ви допоможете мені підготувати війська? Я був би Вам вдячний.
dlga_lord_tell_mission_raise_troops:lord_tell_mission_raise_troops_2|Скільки людей Вам потрібно?
dlga_lord_tell_mission_raise_troops_2:lord_mission_raise_troops_told|Мені потрібні вмілі {s14} - усього {reg1} людей. Приведіть їх до мене, щойно закінчите навчання.
dlga_lord_mission_raise_troops_told:lord_mission_raise_troops_accepted|Звісно ж, {s65}. Дайте мені {reg1} новобранців, і незабаром із них вийдуть чудові {s14}.
dlga_lord_mission_raise_troops_told:lord_mission_raise_troops_rejected|Я надто зайнятий, аби займатися муштруванням.
dlga_lord_mission_raise_troops_accepted:close_window|Ви зняли тягар із моїх плечей, {playername}. Я накажу своїм командирам направити до Вас новобранців і передати їх до Вашого розпорядження. Також я видам Вам гроші, аби покрити витрати. Ось, цього має вистачити. Дякую за допомогу.
dlga_lord_mission_raise_troops_rejected:lord_pretalk|О, звичайно... я приблизно цього й очікував. Що ж, щасти Вам у такому випадку.
dlga_lord_tell_mission:lord_mission_collect_taxes_told|Можливо, Ви знаєте, що мені належить {reg9?місто:село} {s3}. Проте вже кілька місяців {s3} не відраховує мені ні податків, ні ренти, хоча я законний правитель цих місць. Схоже, ці обідранці задумали відхреститися від мене, так що мені потрібна людина, яка б належним чином нагадала їм про їхні обов'язки. І, у разі чого, переконала би їх силою. Якщо Ви підете туди й зберете податки, які вони мені винні, я дам Вам п'яту частину від привезеної Вами суми.
dlga_lord_mission_collect_taxes_told:lord_mission_collect_taxes_accepted|Гарна пропозиція, {s65}. Домовилися.
dlga_lord_mission_collect_taxes_told:lord_mission_collect_taxes_rejected|Вибачте, але у мене немає часу.
dlga_lord_mission_collect_taxes_accepted:close_window|Чудова новина, {playername}. Довіряю цю справу вам. Пам'ятаєте, {reg9?міська голота :селюки} надзвичайно хитрі. Вони підуть на будь-які хитрощі, аби тільки не платити мені мої законні, між іншим - податки. Не дайте себе обдурити.
dlga_lord_mission_collect_taxes_rejected:lord_pretalk|Ах, ну так... Що ж, удачі вам.
dlga_lord_tell_mission:lord_mission_hunt_down_fugitive_told|Існує одна річ, в якому Ви могли б допомогти. Суть у тому, що один негідник, відомий на ймення {s4}, убив мою людину і відтоді ховається від правосуддя. Я не можу допустити, аби він уникнув покарання, тому призначив за його голову нагороду розміром 300 динарів. Друзі вбитого вважають, що вбивця може ховатися у своїх родичів, у селі {s3}. Якщо б Ви вистежили його та покарали належним чином, отримали б нагороду.
dlga_lord_mission_hunt_down_fugitive_told:lord_mission_hunt_down_fugitive_accepted|Я зловлю його та покараю по заслузі.
dlga_lord_mission_hunt_down_fugitive_told:lord_mission_hunt_down_fugitive_rejected|Пробачте, мені зараз ніколи за ним ганятися.
dlga_lord_mission_hunt_down_fugitive_accepted:close_window|Пречудово, {playername}. Не лише я буду Вам вдячний, але й родина вбитого. І, звичайно, якщо Ви зловите злочинця, Вам належить винагорода за його впіймання. Гарного полювання!
dlga_lord_mission_hunt_down_fugitive_rejected:lord_pretalk|Як побажаєте, {playername}. Гадаю, тут знайдеться чимало людей, готових виконати цю роботу за винагороду...
dlga_lord_tell_mission:lord_mission_told_kill_local_merchant|Неприємна правда полягає в тому, що я винен чималу суму грошей одному з торговців тут, у {s3}. Звичайно, у мене немає ані найменшого бажання платити, але цей балакучий дурень підняв страшний галас. Він навіть мав нахабство прийти і погрожувати мені - мені! - що напише скаргу на мене торговим гільдіям та банкірам. Адже він зруйнує мою репутацію! Коротше, мені потрібна надійна людина, яка би змусила замовкнути цього торговця. Надовго. Назавжди.
dlga_lord_mission_told_kill_local_merchant:lord_mission_accepted_kill_local_merchant|Не переживайте, він більше не скаже й слова.
dlga_lord_mission_told_kill_local_merchant:lord_mission_rejected|Я не займаюся замовними вбивствами. Для Ваших брудних справ знайдіть когось іншого.
dlga_lord_mission_accepted_kill_local_merchant:close_window|Чудово. Я довіряю Вашому вмінню та обачности, {playername}. Не розчаруйте мене. Ідіть і чекайте звістку від мене - я повідомлю Вам, коли й де Ви можете застати торговця. Розберіться з ним, і я щедро винагороджу Вас.
dlga_lord_tell_mission:lord_mission_told_meet_spy_in_enemy_town|У мене є одна делікатна справа, {playername}, немає довірених осіб, щоб з ним розібратися. Справа в тому, що в місті {s13} у мене є наглядач. Він стежить за тим, що діється в місті, і повідомляє мені про все, що могло б привернути мою увагу. Щотижня я посилаю туди кого-небудь, щоб забрати у шпигуна донесення і привезти їх мені. Я можу доручити цю справу вам, якщо візьметеся.
dlga_lord_mission_told_meet_spy_in_enemy_town:quest_meet_spy_in_enemy_town_accepted|Так, я не проти розважитися. Все зроблю, не хвилюйтеся.
dlga_lord_mission_told_meet_spy_in_enemy_town:quest_meet_spy_in_enemy_town_rejected|Мені доведеться відхилити цю пропозицію. Справа "плаща і кинджала" - не для мене.
dlga_quest_meet_spy_in_enemy_town_accepted:quest_meet_spy_in_enemy_town_accepted_response|Відмінно! Вирушайте скоріше {s13}, мій шпигун буде чекати вас.
dlga_quest_meet_spy_in_enemy_town_accepted_response:quest_meet_spy_in_enemy_town_accepted_2|{s13} добре охороняється. Як мені підібратися ближче так, щоб мене не помітили?
dlga_quest_meet_spy_in_enemy_town_accepted_2:quest_meet_spy_in_enemy_town_accepted_response|Вам доведеться ховатися. Уникайте ворожих фортець, сіл і патрулів і не беріть з собою занадто багато людей. Якщо вам не вдасться проникнути в місто з першого разу, почекайте, поки гарнізон знову втратить пильність. Не поспішайте, або вам доведеться туго.
dlga_quest_meet_spy_in_enemy_town_accepted_response:quest_meet_spy_in_enemy_town_accepted_3|Як я впізнаю вашого шпигуна?
dlga_quest_meet_spy_in_enemy_town_accepted_3:quest_meet_spy_in_enemy_town_accepted_response|Коли доберетеся до {s13}, поговоріть з місцевими - серед них буде і шпигун. Якщо Ви вирішите, що знайшли його, скажіть: "{s11}". Мій агент відповість вам фразою: "{s12}". Так Ви дізнаєтеся, що це потрібна вам людина, і {reg7?вона:він} передасть вам всю зібрану для мене інформацію.
dlga_quest_meet_spy_in_enemy_town_accepted_response:quest_meet_spy_in_enemy_town_accepted_4|А Ви мені заплатите?
dlga_quest_meet_spy_in_enemy_town_accepted_4:quest_meet_spy_in_enemy_town_accepted_response|Звичайно, у мене в скринях повно срібла для вірних людей на зразок Вас. Надайте мені послугу, {playername}, а я в боргу не залишуся.
dlga_quest_meet_spy_in_enemy_town_accepted_response:quest_meet_spy_in_enemy_town_accepted_end|Мені ясно, що робити. Прощавайте, мій пане.
dlga_quest_meet_spy_in_enemy_town_accepted_end:lord_pretalk|Удачі, {playername}. Пам'ятайте, пароль: "{s11}". Відгук: "{s12}". Привезіть донесення мені, і я компенсую вам витрачений час і сили.
dlga_quest_meet_spy_in_enemy_town_rejected:lord_pretalk|Як хочете, {playername}. Але в такому разі я настійно рекомендую Вам забути все, що я говорив про якісь там шпигунів. Їх не існує, ніколи не існувало, а якщо б і були - ніхто їх ніколи не знайде. Пам'ятайте про це.
dlga_lord_tell_mission:lord_mission_told_raid_caravan_to_start_war|{s13} - підлий народ, і всі це знають. Мир з ними дратує мене, {playername}. Ми занадто довго закривали очі на їхні підступи. Тепер вони стають все сильніші, а їх зарозумілість перейшла всякі межі. Ми повинні оголосити їм війну, поки не пізно! На жаль, деякі лорди наших земель більше чіпляються за мир. Хм. Баби і безголові боягузи.
dlga_lord_mission_told_raid_caravan_to_start_war:lord_mission_tell_raid_caravan_to_start_war_2|Ви праві, {s65}, але що ми можемо вдіяти?
dlga_lord_mission_told_raid_caravan_to_start_war:quest_raid_caravan_to_start_war_rejected_1|Не можу з вами погодитися, пане. Мир все-таки привабливіший за війну.
dlga_lord_mission_tell_raid_caravan_to_start_war_2:lord_mission_tell_raid_caravan_to_start_war_3|Ах, приємно чути, що хоч хтось мене розуміє! Насправді ми можемо щось зробити, {playername}. Влаштувати невеличку провокацію. Якби один з наших загонів зміг проникнути на їх територію, розорити кілька караванів і при цьому залишити якісь свідчення, що там побували {s14}, це змусило б їх оголосити нам війну. А тоді - ну, тоді навіть боягузам серед нас доведеться стати на захист держави. Що скажете? Цікава ідея?
dlga_lord_mission_tell_raid_caravan_to_start_war_3:quest_raid_caravan_to_start_war_accepted|Відмінний план! Я візьмуся за цю справу.
dlga_lord_mission_tell_raid_caravan_to_start_war_3:lord_mission_tell_raid_caravan_to_start_war_4|А чому б вам не зайнятися цим особисто?
dlga_lord_mission_tell_raid_caravan_to_start_war_4:lord_mission_tell_raid_caravan_to_start_war_5|Ну, {playername}, деяким нашим лордам не сподобається, що хтось розв'язує війну без їх відома. Вони і так шукають привід, щоб вчепитися в мене, і якби я зважився на таке, вони могли б мені добряче попсувати кров. З іншого боку, Ви молоді, відважні, у вас немає ворогів, так що вам, якщо пощастить, вдасться легко звільнитися. І, звичайно, я підтримаю вас і виправдаю вас в очах ваших противників. Дехто з лордів може засмутитися через те, що Ви зробите, але я впевнений, нічого поганого вам не загрожує.
dlga_lord_mission_tell_raid_caravan_to_start_war_5:quest_raid_caravan_to_start_war_accepted|Хм... Розумно. Мабуть, я зможу цим зайнятися.
dlga_lord_mission_tell_raid_caravan_to_start_war_5:quest_raid_caravan_to_start_war_rejected_2|Мені це не подобається. Ідіть пошукайте когось іншого для виконання ваших задумів.
dlga_quest_raid_caravan_to_start_war_accepted:close_window|Відмінно! Отже, влаштуйте наліт на караван або, якщо нічого не вийде, нападіть на їх село, і справу зроблено. Ну що ж, удачі вам і гарного полювання. 
dlga_quest_raid_caravan_to_start_war_rejected_1:lord_pretalk|Ах, ось як Ви вважаєте? І скільки, по-вашому, триватиме ваш дорогоцінний мир? Недовго, можете мені повірити.
dlga_quest_raid_caravan_to_start_war_rejected_2:lord_pretalk|Хм. Як хочете, {playername}. Я-то думав, що у вас є своєрідна іскра, але, схоже, я помилявся...
dlga_lord_tell_mission:lord_mission_told.1|{s4} у мене з польових робіт втекло кілька кріпаків. Невдячні свині! Вони обробляли мої поля і жили в моїх будинках, і ось їхня подяка! Кажуть, вони чимдуж бігли в бік {s3} і розділилися на три групи, щоб їх не схопили. Я хочу, щоб Ви зловили всі три групи і привели їх назад, чого б це не коштувало. Мені слід було б повісити їх за спробу втечі, але скоро збір врожаю, і нам потрібна робоча сила, так що цього разу обмежуся хорошою прочуханкою.
dlga_lord_tell_mission:lord_tell_mission_follow_spy|Я точно знаю, що в цьому місті є ворожий шпигун. Його слід було б схопити і повісити за таку нахабність, але... скоро він піде звідси і відправиться на зустріч з господарем, щоб передати йому відомості. Сам шпигун не особливо важливий, але його господар дуже небезпечний і міг би багато чого нам розповісти, зумійте ми зловити його.
dlga_lord_tell_mission_follow_spy:lord_tell_mission_follow_spy_2|Чекайте, поки шпигун не відправиться геть з міста, а потім пройдіть за ним до місця зустрічі. Тільки дивіться не потрапити йому на очі, інакше він запідозрить недобре і повернеться. Коли з'явиться господар, заарештуйте обох і притягніть до мене. Живими, будь ласка.
dlga_lord_tell_mission_follow_spy_2:lord_tell_mission_follow_spy_accepted|Я все зроблю, {s65}.
dlga_lord_tell_mission_follow_spy_2:lord_tell_mission_follow_spy_rejected|Ні, це не по мені.
dlga_lord_tell_mission_follow_spy_accepted:close_window|Добре, думаю, Ви чудово впораєтеся. Один з моїх людей покаже вам шпигуна, щоб Ви знали, за ким стежити. Запам'ятайте: мені потрібні вони обидва, і обидва живцем!
dlga_lord_tell_mission_follow_spy_rejected:lord_pretalk|Погано. Ну що ж, ідіть, {playername}.
dlga_lord_tell_mission:lord_tell_mission_capture_enemy_hero|У мене є одне дуже важливе завдання, {playername}, і, можливо, як раз Ви з ним і впораєтеся. Потрібно захопити знатного лорда з {s13} і привести його до мене. Я можу обміняти цього лорда на мого родича, якого утримують в полоні. Робота нескладна, тільки от знатні лорди не ходять без охорони. Ну так що, згодні?
dlga_lord_tell_mission_capture_enemy_hero:lord_tell_mission_capture_enemy_hero_accepted|Буде зроблено, {s65}.
dlga_lord_tell_mission_capture_enemy_hero:lord_tell_mission_capture_enemy_hero_rejected|Ні, {s65}. Я не викрадаю людей.
dlga_lord_tell_mission_capture_enemy_hero_accepted:close_window|Ось і добре! Приведіть мені ворога, і я вип'ю за ваше здоров'я після повернення! І дам вам винагороду, звичайно ж.
dlga_lord_tell_mission_capture_enemy_hero_rejected:lord_pretalk|Хм, мабуть, не варто було мені переоцінювати ваші можливості. Нічого, {playername}, я знайду кого-небудь іншого.
dlga_lord_tell_mission:lord_tell_mission_lend_companion|Для вас у мене роботи немає, але ось {s3} мені зараз дуже знадобиться. Чи віддасте {reg3?її:його} мені під командування, ненадовго?
dlga_lord_tell_mission_lend_companion:lord_tell_mission_lend_companion_2|На скільки {reg3?вона:він} вам знадобиться?
dlga_lord_tell_mission_lend_companion_2:lord_mission_lend_companion_told|Лише на кілька днів, найбільше - на тиждень.
dlga_lord_mission_lend_companion_told:lord_tell_mission_lend_companion_accepted|Тоді {s3} залишається з вами на тиждень.
dlga_lord_mission_lend_companion_told:lord_tell_mission_lend_companion_rejected|Вибачте, але за тиждень {s3} може не раз мені знадобитися.
dlga_lord_tell_mission_lend_companion_accepted:close_window|Не знаю, як і дякувати вам, {playername}. Не бійтеся, скоро Ви отримаєте свого супутника назад.
dlga_lord_tell_mission_lend_companion_rejected:lord_pretalk|Що ж, це вкрай сумно, але раз {s3} підкоряється вам, то я не можу наполягати. Доведеться якось обійтися.
dlga_lord_tell_mission:lord_tell_mission_collect_debt|Деякий час назад {s3} зайняв у мене пристойну суму в {reg4} динарів. Він обіцяв повернути борг через місяць, але пройшло вже набагато більше часу, а він так нічого і не віддав. Так що, якщо Ви витрусите з нього моє по праву, я віддам вам п'яту частину зібраного. Що скажете?
dlga_lord_tell_mission_collect_debt:lord_tell_mission_collect_debt_2|Де мені знайти {s3}, {s65}?
dlga_lord_tell_mission_collect_debt_2:lord_tell_mission_collect_debt_3|Якщо Ви вирушите в дорогу зараз, то напевно зустрінетеся з ним у {s4}. Думаю, він буде дуже збентежений і негайно віддасть вам весь борг.
dlga_lord_tell_mission_collect_debt_3:lord_tell_mission_collect_debt_accepted|Нікуди {s3} не дінеться. Я поговорю з ним від вашого імені.
dlga_lord_tell_mission_collect_debt_3:lord_tell_mission_collect_debt_rejected|Вибачте, {s65}, але навряд чи у мене вийде повернути ваш борг краще, ніж у вас самого.
dlga_lord_tell_mission_collect_debt_accepted:close_window|Чудово, що Ви погодилися, {playername}! Прошу, зробіть все, щоб {s3} віддав вам мої гроші!
dlga_lord_tell_mission_collect_debt_rejected:lord_pretalk|Може, й так, {playername}. Видно, ніколи мені вже не отримати цих грошей.
dlga_lord_tell_mission:lord_tell_mission_incriminate_commander|Кажу вам, що {s14} не заслуговує такого слабкого правителя, як {s13}. Якщо б не його вірний васал {s15}, він вже давно втратив би всі свої земель. Але поки {s15} у нього на службі, йому нічого не страшно. Значить, {s15} має зникнути, і я навіть знаю, як саме. З вашою, зрозуміло, допомогою.
dlga_lord_tell_mission_incriminate_commander:lord_tell_mission_incriminate_commander_2|{s66}, я Вас уважно слухаю.
dlga_lord_tell_mission_incriminate_commander:lord_tell_mission_incriminate_commander_rejected|{s15} не заслуговує такої підлості з мого боку.
dlga_lord_tell_mission_incriminate_commander_rejected:lord_pretalk|Підлості?! Тьху, а мені-то здавалося, Ви нам допоможете, {playername}! Тепер доведеться шукати когось, кому можна вірити до кінця!
dlga_lord_tell_mission_incriminate_commander_2:lord_tell_mission_incriminate_commander_3|Треба написати фальшивий лист з моєю печаткою, з якого має слідувати, ніби {s15} змовився з нами і ми разом збираємося провернути якусь справу. Місцем збору значиться {s14}. Якщо {s13} повірить, що даний лист, {s15} довго не проживе. Залишиається, щоб {s13} повірив.
dlga_lord_tell_mission_incriminate_commander_3:lord_tell_mission_incriminate_commander_4|Продовжуйте, {s65}.
dlga_lord_tell_mission_incriminate_commander_3:lord_tell_mission_incriminate_commander_rejected|Ні, я не буду брати участь в цій брудній справі.
dlga_lord_tell_mission_incriminate_commander_4:lord_tell_mission_incriminate_commander_5|Ось тут якраз і пригодитесь Ви. Ви вирушите в {s14} з листом, віддасте його одному з ваших солдатів і накажете доставити його {s15}. Я попереджу свою людину з міської варти, і вашого солдата заарештують на півдорозі. Правоохоронці знайдуть лист, і незабаром його отримає {s13}. Звичайно, вашоу людину будуть катувати, але нічого особливого він сказати не може, крім того, що відправили лист Ви. {s13} знає, що Ви служите мені, і повинен швидко у все повірити.
dlga_lord_tell_mission_incriminate_commander_5:lord_tell_mission_incriminate_commander_7|І все?
dlga_lord_tell_mission_incriminate_commander_7:lord_tell_mission_incriminate_commander_8|І ще одне... Ваш посланець повинен бути надійним людиною. Якщо послати лист з яким-небудь непримітним селянином, {s13} може запідозрити змову. Розуму в нього не більше, ніж у равлика, але навіть равлик не проглядит очевидного. Так що пошліть з листом кого-небудь соліднішого, наприклад {s9}.
dlga_lord_tell_mission_incriminate_commander_8:lord_tell_mission_incriminate_commander_9|Що? {s9} - ! Я не посилаю своїх товаришів на смерть!
dlga_lord_tell_mission_incriminate_commander_8:lord_tell_mission_incriminate_commander_fin|Добре, беріть {s9}.
dlga_lord_tell_mission_incriminate_commander_9:lord_tell_mission_incriminate_commander_10|Ну ж, {playername}. Почуття важливі, але не зараз. Повірте, Ви отримаєте гідну винагороду, і потім, вмирати за наказом - це і є призначення будь-якого солдата.
dlga_lord_tell_mission_incriminate_commander_10:lord_tell_mission_incriminate_commander_fin|Нехай {s8}.
dlga_lord_tell_mission_incriminate_commander_10:lord_tell_mission_incriminate_commander_rejected|Ні, я не буду жертвувати своїми людьми.
dlga_lord_tell_mission_incriminate_commander_fin:lord_pretalk|Ви не уявляєте, як мені радісно це чути, {playername}. Ви допомагаєте мені усунути із шляху одне з найсерйозніших перешкод. Ось лист і 300 динарів на витрати. У випадку успіху Ви отримаєте більше, набагато більше!
dlga_lord_tell_mission:lord_mission_told.2|Під час останньої сутички з ворогом групу моїх людей взяли у полон. На щастя, у нас є угода про обмін полоненими, і їх відпустять, якщо ми повернемо натомість стільки ж людей того ж рангу. А бранців у мене якраз і немає! Тому мені потрібні {s3}, {reg1} людей, аби було кого обмінювати.
dlga_lord_tell_mission:lord_pretalk|Ні, {playername}. Зараз мені ваша допомога не потрібна. 
dlga_lord_mission_told:lord_mission_accepted|Можете розраховувати на мене, {s65}.
dlga_lord_mission_told:lord_mission_rejected|Боюся, зараз я не можу взятися за це завдання.
dlga_lord_mission_accepted:close_window|Відмінно, {playername}, відмінно. Я повністю довіряю Вам.
dlga_lord_mission_rejected:close_window|Що ж, видно, завдання Вам не по силам. Пошукаю кого-небудь метикуватішого.
dlga_lord_talk:lord_leave_prison|Мені треба йти.
dlga_lord_talk:lord_leave|Авдієнцію закінчено. У мене ще є справи.
dlga_lord_talk:lord_leave.1|Мені потрібно йти.
dlga_lord_leave:lord_leave_give_quest|Перш, ніж Ви підете, {playername}, мені треба про дещо попросити Вас. На цій війні ми опинилися по різні боки, але я вірю, що ми все-таки можемо ставитися один до одного по-людськи... І, можливо, Ви зумієте допомогти мені в одній дуже важливій справі.
dlga_lord_leave_give_quest:enemy_lord_tell_mission|Я слухаю.
dlga_enemy_lord_tell_mission:lord_mission_told|У мене є друг - старий воїн, і він тяжко хворий. Його старі рани запалилися, і якщо його негайно не показати хірургу, він помре. Цей воїн мені дуже дорогий, {playername}, але він також дуже упертий і не дозволяє нікому оглянути себе, тому що не вірить лікарям. Мені казали, що у вас є дуже хороший хірург. Може, Ви могли б відпустити {reg3?його:її} зі мною, щоб ми разом переконали мого друга зайнятися своїм здоров'ям? Будь ласка, я буду навіки у вашому боргу.
dlga_lord_leave_prison:close_window|Ми ще зустрінемося.
dlga_lord_leave:close_window|Прощавайте, пані моя. І знайте, я залишуся вашим найвідданішим шанувальником. 
dlga_lord_leave:close_window.1|Звичайно, {playername}. Прощавайте.
dlga_lord_leave:close_window.2|Щасливої Вам дороги, {playername}.
dlga_lord_leave:close_window.3|Так, так. Прощавайте.
dlga_lord_leave:close_window.4|Ми ще зустрінемося.
dlga_member_chat:lady_journey_1|Як Вам поїздка, {s65}?
dlga_lady_journey_1:close_window|Усе чудово, {playername}. Дякую за турботу.
dlga_start:spouse_talk|Так, мій чоловіче?
dlga_spouse_talk:minister_issues|Раз вже Ви - мій головний радник, давайте побалакаємо про державні справи.
dlga_spouse_talk:spouse_cancel_political_quest|Давайте відмовимося від нашого плану до {s10}.
dlga_spouse_cancel_political_quest:spouse_cancel_political_quest_confirm|Ви впевнені, що хочете відмовитися від цієї ідеї?
dlga_spouse_cancel_political_quest_confirm:spouse_pretalk|Так, я впевнений.
dlga_spouse_cancel_political_quest_confirm:spouse_pretalk.1|Насправді, нічого.
dlga_spouse_talk:combined_political_quests|Давайте подумаємо про те, як нам покращити наше становище в суспільстві.
dlga_spouse_talk:spouse_organize_feast|Я маю на меті влаштувати свято.
dlga_spouse_talk:spouse_household_possessions|Давайте проведемо облік майна нашої вотчини.
dlga_spouse_household_possessions:spouse_pretalk|Як завгодно, ось вміст нашої комори.
dlga_spouse_talk:close_window|{Моя дружино/Чоловіче мій}, побалакаємо пізніше.
dlga_wedding_ceremony_bride_vow:wedding_ceremony_player_vow|[Слова нареченої, камера ще не включена] Мій чоловіче, клянуся навіки залишатися вашою дружиною, і в горі, і в радості. Нехай небеса благословлять наш союз і не залишать нас.
dlga_wedding_ceremony_player_vow:wedding_ceremony_vows_complete|Прийми і ти мою клятву, і станемо чоловіком і дружиною.
dlga_wedding_ceremony_player_vow:close_window|Почекайте... Мені рано йти на такий крок.
dlga_wedding_ceremony_vows_complete:close_window|У такому разі, оголошую Вас і {s3} чоловіком і дружиною. Ідіть у приготовані для вас покої, а ми тим часом підготуємо Вашу наречену. Незабаром вона приєднається до вас у залах {s11}.
dlga_spouse_pretalk:spouse_talk|{Мій чоловіче/Дружино моя}, Вам потрібно щось іще?
dlga_spouse_organize_feast:spouse_pretalk|Чудова ідея, {мій коханий/моя любове}. Тим не менш давайте почекаємо закінчення поточного свята, перш ніж почати організовувати ще одне.
dlga_spouse_organize_feast:spouse_pretalk.1|Чудова ідея, {мій коханий/моя кохана}. Тим не менш, ми повинні поставити охорону до початку свята.
dlga_spouse_organize_feast:spouse_pretalk.2|Непогана думка, {мій коханий/моя кохана}. Тим не менш, у нашому королівстві вже нещодавно було свято. Можливо, нам варто почекати ще {reg3} днів, перш ніж організувати ще одне.
dlga_spouse_organize_feast:spouse_evaluate_larder_for_feast|Гарна думка, чоловіче мій. Однак, аби ненароком не образити гостей, ми повинні запастися провізією для шляхетних панів та їх сімей. Коротше кажучи, нам доведеться кілька днів годувати пару сотень голодних ротів. Давайте перевіримо наші запаси...
dlga_spouse_evaluate_larder_for_feast:spouse_feast_confirm|{s9}
dlga_spouse_feast_confirm:spouse_feast_added_items|Дозвольте поповнити нашу комору.
dlga_spouse_feast_added_items:spouse_evaluate_larder_for_feast|Добре, а давайте ще раз подивимося, що у нас є...
dlga_spouse_feast_confirm:spouse_feast_confirm_yes|Пора розсилати запрошення.
dlga_spouse_feast_confirm:spouse_pretalk|Тоді давайте заждіть.
dlga_spouse_feast_confirm_yes:spouse_pretalk|Я розішлю гінців одразу ж, тільки-но наша вотчина буде готова прийняти гостей. Мабуть, Вам краще зайнятися поповненням наших комор, аби ніхто не засумнівався у нашій гостинності.
dlga_spouse_feast_confirm_yes:spouse_pretalk.1|Дуже добре. Нехай свято розпочнеться одразу ж при дворі {reg4?тут:} в {s9}. Вам певне слід продовжувати поповнювати наші запаси, аби підтвердити нашу репутацію.
dlga_start:close_window.16|Високоповажний {s12} дозволив нам повернутися додому, до родин. Незабаром ми поїдемо. 
dlga_start:close_window.17|Незабаром ми поїдемо до {s4}. Приємно знати, що у нашому світі ще є люди, які не забули про честь. 
dlga_start:close_window.18|Ну що ж, {playername}, Ви викликали {s10} на поєдинок і програли. Згідно з нашими звичаями, я більше не можу Вас приймати. Прощавайте, {playername}.
dlga_start:close_window.19|О, {playername}! Як приємно з Вами зустрітися! Утім, шкода, мені треба йти. 
dlga_start:kingdom_lady_captive|Як же мені самотньо! Як сумую я за рідною сім'єю!
dlga_start:kingdom_lady_captive.1|{Пане/Пані}, тримаючи даму в таких умовах, Ви вчиняєте низько...
dlga_start:kingdom_lady_captive.2|Як дивно. Здається, що Ви добрі й привітні, і все ж Ви утримуєте мене тут супроти моєї ж волі.
dlga_start:kingdom_lady_captive.3|Ну чому моя сім'я не платить викуп? Так, Ви стали моїм тюремником, але при цьому дбаєте про мене більше, ніж рідня!
dlga_lady_stranded_next:close_window|Вітаю, {сір/міледі}. Припливи війни полишили мене у цій фортеці, де я застряг надовго. Але найближчим часом я збираюся йти.
dlga_start:lady_talk_refugee|{playername}, вважаю, що Ви як людина честі відпустите благородних дам, не стягуючи викупу з їхній сімей.
dlga_start:close_window.20|Я бачу стіни {s3}! Ми дісталися. Ось Ваша винагорода. Гадаю, {reg3} динарів вистачить. Сподіваюся, ми з Вами ще зустрінемося.
dlga_lady_talk_refugee:close_window|Зрозуміло, моя пані.
dlga_lady_talk_refugee:lady_captive_talk|Ах, люба, даремно Ви так вважаєте!
dlga_lady_captive_talk:lady_captive_confirm|Що?! Яка ницість!
dlga_lady_captive_confirm:close_window|Приношу свої вибачення. Ви мене неправильно зрозуміли. Звісно ж, Ви можете виїхати.
dlga_lady_captive_confirm:close_window.1|Пані, спишіться зі своєю сім'єю, аби домовитися про викуп.
dlga_kingdom_lady_captive:close_window|Потім напишіть своїй сім'ї і підженіть їх із викупом.
dlga_kingdom_lady_captive:close_window.1|Мабуть, я зміню рішення. Можете їхати.
dlga_start:close_window.21|Забирайся і не випробовуй моє терпіння, жебраку!
dlga_start:lady_duel_lost|О, {playername}! До мене дійшли чутки про Вашу сутичку з {s10}. Як би мені хотілося, аби Ваш поєдинок узагалі не відбувся. Зазнавши поразки, Ви заплямували мою честь. Тепер за традицією я не можу прийняти Ваших сватів. Прощавайте, {playername}.
dlga_lady_duel_lost:close_window|Правильно, ми повинні діяти так, як кажуть традиції... Прощавайте, моя пані.
dlga_lady_duel_lost:lady_duel_lost_flaunt_conventions|Хай честь і традиції горять у пеклі!
dlga_lady_duel_lost_flaunt_conventions:close_window|О, {playername}! Люди стануть паплюжити наші імена, але розлука з вами розіб'є мені серце! Давайте забудемо про ці дурні, жорстокі традиції.
dlga_lady_duel_lost_flaunt_conventions:close_window.1|Ні, {playername}... Я не можу зганьбити своє добре ім'я. І Вам не раджу.
dlga_start:lady_start|О, {playername}! До мене дійшли чутки про вашу сутичку з {s10}. Ви перемогли, і я вдячна вам за такий чудовий знак уваги!
dlga_start:lady_start.1|Що ж, {playername}... Ви взяли гору в сутичці з {s10}. Правила говорять, що тепер я не зможу бути з ним. Ах, він так мені подобався... Пане, Ви надали мені дуже незграбну послугу.
dlga_lady_duel_rep_1:lady_start|Що ж, {playername} - {s10} програв поєдинок з Вами. Ах, такі дурниці, що чоловіки повинні боротися за мене! (Зітхає ...) Але це трохи романтично, як на мене.
dlga_lady_duel_rep_2:lady_start|Щож, {playername} -- {s10} програв поєдинок з вами. Честь тепер вимагає, щоб він і я більше не бачилися... Я любила його, і Ви це знаєте. Ви мене не заслужили перемігши його, сір.
dlga_start:lady_qst_duel_for_lady_succeeded_1|О, {playername}, як приємно бачити Вас знову! Мені говорили, {s13} отримав від вас по заслугах! Сподіваюся, він ніколи не забуде свого приниження. Я хочу нагородити Вас, але боюся, що нагорода занадто мала для такого подвигу.
dlga_lady_qst_duel_for_lady_succeeded_1:lady_qst_duel_for_lady_succeeded_2|О, нічого, в самий раз!.
dlga_lady_qst_duel_for_lady_succeeded_1:lady_qst_duel_for_lady_succeeded_2.1|{s66}, ну, це вже занадто!
dlga_lady_qst_duel_for_lady_succeeded_1:lady_qst_duel_for_lady_succeeded_2.2|Прошу, {s65}, не потрібно ніяких нагород.
dlga_lady_qst_duel_for_lady_succeeded_2:lady_pretalk|{s10}
dlga_start:lady_qst_duel_for_lady_failed|Мені сказали, що Ви воювали з {s13} на поєдинку, щоб відстояти мою невинність, {playername}. Це дуже благородний жест, велике вам спасибі.
dlga_lady_qst_duel_for_lady_failed:lady_qst_duel_for_lady_failed_2|Прошу вибачення за свою невдачу, {s65}...
dlga_lady_qst_duel_for_lady_failed_2:lady_pretalk|Неважливо, {playername}. Ви хоча б спробували. Істину не можна довести за допомогою меча, але Ви безстрашно ризикували життям заради мене. Одне це вже переконає багатьох у моїй невинності.
dlga_start:lady_escort_lady_succeeded|Спасибі, що провели мене, {playername}. Прошу, прийміть цей дар в знак моєї вдячності. Сподіваюся, ми з вами ще зустрінемося.
dlga_lady_escort_lady_succeeded:close_window|Для мене було честю служити Вам, {s65}.
dlga_start:lady_start.2|Ах, {playername}! Схоже, Ви отримали моє повідомлення. Як добре, що Ви змогли прийти!
dlga_start:lady_proposal_pending|{playername}, чи є у Вас звісточка від моєї родини?
dlga_start:lady_betrothed|Ходять чутки, що {s11} не бажає нашого весілля. Чи означає це, що нам судилося розлучитися?
dlga_start:lady_generic_mission_succeeded|О, {playername}, Ви повернули мені, Ви врятували мого {s11}. Прошу Вас, візьміть це як скромну нагороду за Ваш подвиг.
dlga_start:rescue_prisoner_succeed_1|Ох, {playername}, Ви повернули його до мене! Я безмежно вдячний Вам за порятунок {s11}. Будь ласка, візьміть цю скромну винагороду, це все що мені вдалося зібрати.
dlga_rescue_prisoner_succeed_1:lady_pretalk|Завжди честь служити, {s65}.
dlga_start:lady_meet_end|А Ви, мабуть, {playername}. Нещодавно ми мали задоволення бачити Ваші подвиги на турнірі в {s8}.
dlga_start:lady_meet_end.1|А Ви, певне, {playername}. {s15} {s16} непогано висловлюються про Вас. Приємно з Вами познайомитися.
dlga_start:lady_premeet|Ваше обличчя мені незнайоме...
dlga_start:close_window.22|Ви прийшли саме вчасно. Приєднуйтесь до нас, і ми провчимо ворога разом!
dlga_start:lady_start.3|Як приємно бачити вас, {playername}. (Шепоче:) Я з млістю згадую про ваші візити.
dlga_start:lady_meet_end.2|А, {playername}! Відрада очей моїх, на минулому турнірі Ви були прекрасні.
dlga_start:lady_start.4|Ах, {playername} - Ви одержали мою записку. Як я рада вас бачити!
dlga_lady_start:lady_betrothed|У мене погані новини. Мені проти волі довелося побратися з {s5}! Ох, {playername}, як би мені хотілося розділити життя з вами!
dlga_lady_start:lady_betrothed.1|{playername}, тепер ми з {s5} заручені, а тому я більше не можу бачитися з вами.
dlga_lady_start:lady_other_suitor|Я повинна вам сказати, що моєї уваги домагається ще один знатний чоловік. Його не хвилюють мої почуття. Боюсь, він може дійти навіть до того, що візьме мене в дружини проти волі.
dlga_lady_start:lady_talk|{s11} Думаю, нам не слід затягувати цю бесіду занадто надовго, проте я буду з нетерпінням чекати вашого повернення.
dlga_lady_start:lady_talk.1|{s11}
dlga_lady_start:lady_talk.2|Я збираюся ненадовго відлучитися. Але, можливо, нам ще вдасться поговорити.
dlga_lady_start:lady_talk.3|Як чудово, що ми можемо побути разом...
dlga_lady_start:lady_talk.4|Що привело вас сюди?
dlga_lady_proposal_pending:close_window|Поки ні слова...
dlga_lady_proposal_pending:lady_proposal_pending_end|Мабуть, думати про весілля поки рано.
dlga_lady_proposal_pending_end:close_window|{s11}
dlga_lady_betrothed:lady_suggest_elope|Ніколи! Ми повинні бігти, негайно!
dlga_lady_betrothed:lady_pretalk|Можливо, я зумію переконати вашого {s11}.
dlga_lady_betrothed:lady_conclude_relationship|Хай буде так! А поки давайте розлучимося.
dlga_lady_suggest_elope:lady_conclude_relationship|Добрий {playername}, Ви хороший і милий чоловік, проте благородна дама не може йти наперекір сім'ї. Це неприпустимо!
dlga_lady_suggest_elope:lady_other_suitor|Мій пане, Ви, напевно, знаєте, що багато благородних людей шукають моєї уваги. Але всі Ви рівні переді мною.
dlga_lady_suggest_elope:lady_conclude_relationship.1|Зрозумійте, {playername}, Ви все ще шукаєте своє місце в цьому світі. Ви мені дуже, дуже цікаві, проте я не хочу йти назустріч невідомості.
dlga_lady_suggest_elope:lady_conclude_relationship.2|Ах, {playername}! Ви, звичайно, милі, але я не дуже впевнена у вашій благочесті і не буду ризикувати. Хоча я не особливо жалую свого чоловіка, та проти власної родини заради вас я не піду. 
dlga_lady_suggest_elope:lady_conclude_relationship.3|Мій дорогий {playername}, втекти з вами означає розірвати всі зв'язки з моєю родиною, що для мене абсолютно неможливо. Звичайно, Ви мені подобаєтеся, але на такі жертви заради вас я не піду.
dlga_lady_suggest_elope:lady_conclude_relationship.4|Дорогий {playername}, я не звикла до труднощів похідного життя і хочу швидше створити свій власний осередок. Якщо б у вас був замок або місто, приміром, я б з радістю стала вашою дружиною і господинею цього місця. Але зрозумійте, я не хочу жити в глушині, подібно дикому звіру.
dlga_lady_suggest_elope:lady_elope_agree|Що, втекти з вами? Так, ми могли б так вчинити. Подібний крок сильно вдарить по моїй сім'ї, але шлюб без любові і життя без вас набагато гірше! Однак майте на увазі: моя втеча завдасть страшного удару по репутації {s11}, а тому він зробить все, аби знищити вас.
dlga_lady_elope_agree:lady_elope_agree_nurse|Тоді поспішаємо! Не будемо втрачати часу.
dlga_lady_elope_agree:close_window|Зробить все? Гм... Мені треба подумати...
dlga_lady_elope_agree_nurse:lady_elope_agree_lady_vows|Ваша величносте... Ваша світлість... Накажете мені засвідчити ваш обмін обітницями?
dlga_lady_elope_agree_lady_vows:lady_elope_agree_nurse_2|Так. Перед богом і людьми даю обітницю: я, {s4}, клянуся поважати вас, {playername}, як чоловіка свого, як велить давній закон і звичаї наших батьків...
dlga_lady_elope_agree_nurse_2:lady_elope_agree_player_vows|Чудово. Чи готові Ви, {playername}, принести обітницю і взяти наречену {s4} у дружини?
dlga_lady_elope_agree_player_vows:close_window|Так.
dlga_lady_elope_agree_player_vows:close_window.1|Що? Все так швидко...
dlga_lady_elope_agree:lady_conclude_relationship|Ось як? Люба моя, я ні за що не стану між дамою і її сім'єю...
dlga_lady_conclude_relationship:lady_conclude_relationship_confirm|Виходить, скоро нашим золотим дням прийде кінець...
dlga_lady_conclude_relationship_confirm:lady_conclude_relationship_confirm_yes|Так, цього вимагає наш обов'язок...
dlga_lady_conclude_relationship_confirm:lady_conclude_relationship_confirm_no|Почекайте! Можливо, для нас не все втрачено!
dlga_lady_conclude_relationship_confirm_yes:close_window|Прощавайте, {playername}. Ми будемо іноді зустрічатися, при дворі правителя або знаті, але не смійте шукати зустрічей зі мною. І все ж... я назавжди запам'ятаю дні нашої близькості.
dlga_lady_conclude_relationship_confirm_no:close_window|Ну - подивимося, що буде, то буде.
dlga_lady_generic_mission_succeeded:lady_pretalk|Для мене честь служити Вам, {s65}.
dlga_lady_premeet:lady_meet|Я {playername}.
dlga_lady_premeet:lady_meet.1|Мене звуть {playername}. До Ваших послуг.
dlga_lady_meet:lady_meet_end|Ах так, звичайно! Нарешті ми зустрілися!
dlga_lady_meet:lady_meet_end.1|{playername}? Уперше чую Ваше ім'я.
dlga_lady_meet_end:lady_talk|Я змушена піти на час, але, можливо, нам ще вдасться поговорити.
dlga_lady_meet_end:lady_talk.1|А тепер, якщо Ви мене вибачите...
dlga_lady_meet_end:lady_talk.2|Я можу Вам чимось допомогти?
dlga_lady_talk:lord_talk_ask_location|Мені потрібно дізнатися, де знаходиться одна людина.
dlga_lady_pretalk:lady_talk|А тепер, якщо Ви мене вибачите...
dlga_lady_pretalk:lady_talk.1|Щось іще?
dlga_lady_talk:lady_relations|Пані, чи надасте Ви мені честь побільше розповісти про себе?
dlga_lady_relations:lady_pretalk|{s12}
dlga_lady_talk:lady_profess_admiration|Пані моя, я з гордістю готовий визнати, що я Ваш палкий шанувальник!
dlga_lady_talk:lady_tournament_dedication_reaction|Пані, дозвольте присвятити мої перемоги на цьому турнірі Вам.
dlga_lady_tournament_dedication_reaction:lady_pretalk|{s9}
dlga_lady_profess_admiration:close_window|{s11} Мені б дуже хотілося бачитися з Вами якомога частіше.
dlga_lady_profess_admiration:lady_pretalk|О, Ви так ласкаві... Боже, як швидко летить час! Уже пізно, мені пора йти.
dlga_lady_talk:lady_recite_poetry|Пані, Ви любите вірші?
dlga_lady_recite_poetry:lady_recite_poetry|Дивлячись які. Хочете порадувати мене читанням віршів?
dlga_lady_recite_poetry:lady_recite_poetry_response|Вітер, що дме в далекім степу...
dlga_lady_recite_poetry:lady_recite_poetry_response.1|Ні шовк із Форвіли, ні хутро з Кудана...
dlga_lady_recite_poetry:lady_recite_poetry_response.2|Ви є початком і кінцем, як он цей світ безкрайній...
dlga_lady_recite_poetry:lady_recite_poetry_response.3|Тут діва-войовнича метнула спис у ціль...
dlga_lady_recite_poetry:lady_recite_poetry_response.4|А я відбив насмішок лід, бронею з чистого кохання...
dlga_lady_recite_poetry:lady_pretalk|Боюся, я не знаю відповідного вірша...
dlga_lady_recite_poetry_response:lady_private_conversation_end|{s11}
dlga_lady_private_conversation_end:lady_pretalk|Час летить так швидко... Нам не варто тут затримуватися.
dlga_lady_talk:lady_marriage_discussion|Пані моя! Як гадаєте, чи можуть наші шляхи одного разу злитися в одну дорогу?
dlga_lady_marriage_discussion:lady_other_suitor|Мілорд, Ви напевно знаєте, що багато знатних панів шукають моєї уваги. І я поки не готова надати перевагу кому-небудь з вас.
dlga_lady_marriage_discussion:lady_proposal_refused|Мій пане, мені приємно і втішно чути такі речі. Але думаю, що нам краще почекати і краще пізнати один одного, а вже потім говорити про майбутнє.
dlga_lady_marriage_discussion:lady_proposal_refused.1|Рада чути, наскільки серйозно Ви ставитеся до майбутнього. Але перш ніж прохати моєї руки, спробуйте досягти більшого у цьому світі.
dlga_lady_marriage_discussion:lady_proposal_refused.2|Рада чути, що Ваші наміри настільки благородні. Проте я готова віддати своє серце лише людині високої моральності і хочу, аби Ви проявили себе на цьому терені.
dlga_lady_marriage_discussion:lady_betrothed|О, {playername}! Як я була б рада! Але {s11} {s4} нізащо не допустить цього... Мабуть, нам краще розлучитися...
dlga_lady_marriage_discussion:close_window|О, {playername}! Як я була б рада! Не зволікайте - нехай {s11} {s4} дарує нам своє благословення!
dlga_lady_proposal_refused:lady_proposal_refused_persuade_check|Можливо, я зможу переконати вас.
dlga_lady_proposal_refused_persuade_check:lady_proposal_refused_persuade_player_response|Вам є що сказати?
dlga_lady_proposal_refused_persuade_player_response:lady_proposal_refused_persuade_result|Любов, як троянда, моя пані.
dlga_lady_proposal_refused_persuade_player_response:lady_pretalk|Забудьте...
dlga_lady_proposal_refused_persuade_result:close_window|Досить, сер! Я не буду поспішати у шлюб, з вами або з ким-небудь ще!  Будь ласка, залиште мене у спокої на деякий час. Я дам вам знати, коли я захочу поговорити з вами ще раз.
dlga_lady_proposal_refused_persuade_result:lady_betrothed|Ох {playername} Я ніколи не могла дозволити, щоб це сталося! Ах, якщо б я могла б вийти заміж! Але мій {s11} {s4} ніколи не дасть своєї згоди... Можливо, це накраще, що ми розлучимося ...
dlga_lady_proposal_refused_persuade_result:close_window.1|Ох {playername}, Я ніколи не могла дозволити, щоб це сталося!Якщо {s4} дасть дозвіл на весілля, буде гарно.
dlga_lady_proposal_refused:close_window|Хай буде так! Я доведу, що гідний вашої руки!
dlga_lady_proposal_refused:lady_player_threatens_compel|Я втомився від цих ігор в цю ж годину вирушаю до вашої сім'ї і зажадаю почати приготування до весілля...
dlga_lady_player_threatens_compel:lady_player_threatens_compel_2|Що? Ви маєте на увазі...
dlga_lady_player_threatens_compel_2:lady_private_conversation_end|Ні, звичайно ж ні. Вибачте мою гарячність.
dlga_lady_player_threatens_compel_2:close_window|Саме так. Схоже, Ви самі не розумієте свого щастя.
dlga_lady_other_suitor:lady_pretalk|Пані, мені гірко чути подібні слова, але така суть речей.
dlga_lady_other_suitor:lady_other_suitor_challenge|Хто цей негідник? Скажіть мені його ім'я!
dlga_lady_other_suitor:lady_player_threatens_compel|Я втомився від цих ігор і негайно вирушаю до вашої сім'ї. Нехай силою ведуть вас під вінець!
dlga_lady_other_suitor_challenge:lady_pretalk|Ви так милі! Але ходять чутки, що Ви вже берете участь в поєдинку, тому він має право відмовитися від бою з вами. Прошу вас, владнайте свої справи і швидше позбавте мене від залицянь цього нав'язливого кавалера!
dlga_lady_other_suitor_challenge:lady_pretalk.1|О, ось воно як! Але ходять чутки, що Ви вже призначили поєдинок. Спершу розберіться з одним суперником, а вже потім кидайте виклик іншим! Ах... Деколи чоловіки такі дурні...
dlga_lady_other_suitor_challenge:lady_other_suitor_challenge_confirm|{s5}. Будь ласка, врятуйте мене від товариства цієї людини!
dlga_lady_other_suitor_challenge:lady_other_suitor_challenge_confirm.1|Справді? Що ж, це дуже цікаво. Добре. Ваш суперник - {s5}. Доведіть, що Ви сильніші духом і тілом.
dlga_lady_other_suitor_challenge:lady_other_suitor_challenge_confirm.2|Ох! Якщо б це не стосувалося питань честі, я б не відповів! Але на жаль, я мушу сказати вам, що ваш суперник - {s5}. О небеса, навіщо Ви дарували мені красу, яка спалює розуми і серця чоловіків?!
dlga_lady_other_suitor_challenge:lady_other_suitor_challenge_confirm.3|Я не бажаю продовжувати цю розмову! Ви зібралися битися з {s5}? Яка дурниця... Ой! Здається, я проговорилася... Прошу вас, забудьте ім'я, яке я назвала.
dlga_lady_other_suitor_challenge_confirm:lady_other_suitor_challenge_confirm_yes|Так тому і бути! Я викличу його на поєдинок честі!
dlga_lady_other_suitor_challenge_confirm:lady_other_suitor_challenge_confirm_no|Мабуть, я краще притримаю коней. Забудьте про нашу бесіду.
dlga_lady_other_suitor_challenge_confirm_yes:lady_pretalk|{s15}
dlga_lady_other_suitor_challenge_confirm_no:lady_private_conversation_end|Добре. Ви досить розумні, щоб ставити розум вище почуттів.
dlga_lady_talk:lady_ask_for_quest|Що я можу зробити для Вас?
dlga_lady_ask_for_quest:lady_pretalk|Завдань для Вас поки немає.
dlga_lady_ask_for_quest:lady_mission_told|О, боюся, що мій {s17} {s13} назавжди втрачений для мене... {s14} тримає його у темниці. Ми намагалися його викупити, але сума занадто велика, щоб її зібрати, нам довелося б продати все, що у нас є. А {s13} швидше згниє у в'язниці, аніж залишить нас у бідності... У мене є один план, як його врятувати, але для цього комусь знадобиться піти на велику жертву. Поки мені не вдалося нікого вмовити...
dlga_lady_ask_for_quest:lady_mission_told.1|Бідолаха {s11} {s13} перебуває у полоні в {s14}. Ми листуємося, але доставляти листи до глибоких підземель наших ворогів дуже і дуже небезпечно, тому ми пишемо одне одному вельми рідко. Прошу Вас, не могли б Ви віднести мій лист?
dlga_lady_ask_for_quest:lady_quest_duel_for_lady|О, {playername}! Дякую, що запитали, але Ви нічого не знаєте про мої проблеми, а я не можу прохати, аби Ви заради мене ризикували своїм життям.
dlga_lady_quest_duel_for_lady:lady_quest_duel_for_lady_2|Скажіть, у чому проблема, а далі вже мені вирішувати.
dlga_lady_quest_duel_for_lady_2:lady_quest_duel_for_lady_3|Добре, як скажете... Мій чоловік нажив собі кількох небезпечних ворогів. {s13} - найогидніший з них. Він постійно висуває проти мене жахливі звинувачення і ганьбить мене! Він не може безпосередньо зашкодити моєму чоловікові, тому чорнить наше добре ім'я через мене. Якщо б Ви тільки чули, що він каже! Я б хотіла, щоб хто-небудь провчив його як слід, але {s13} відмінно володіє мечем, і його всі бояться.
dlga_lady_quest_duel_for_lady_3:lady_quest_duel_for_lady_3_accepted|Я не боюся його, {s65}, і змушу забрати назад свої слова.
dlga_lady_quest_duel_for_lady_3_accepted:close_window|О! Мені не пристало просити вас про це, {playername}, але... Ви мені вселяєте довіру, і якби Ви погодилися відстояти мою честь, то моїм подяками і молитвами за вас не було б кінця...
dlga_lady_quest_duel_for_lady_3:lady_quest_duel_for_lady_3_rejected|Раз він так небезпечний, то, може, не варто до нього лізти?
dlga_lady_quest_duel_for_lady_3_rejected:close_window|Про... Може, Ви і праві, {playername}. Потрібно припинити ці дитячі мрії про лицарство і відвагу. Зараз немає таких людей, ніде немає. До побачення.
dlga_lady_ask_for_quest:lady_pretalk.1|Дякую, {playername}, але зараз мені нічого не треба.
dlga_lady_mission_told:lady_mission_accepted|Як скажете, {s65}. Буде зроблено.
dlga_lady_mission_told:lady_mission_rejected|{s66}, боюся, що зараз я нічим не можу вам допомогти.
dlga_lady_mission_accepted:close_window|Ви дуже шляхетні, {playername}. Дякую, що допомагаєте мені.
dlga_lady_mission_rejected:close_window|Не допоможете жінці в біді? Ганьба, {playername}... Прошу мене залишити, мої вишивальниці мене зачекалися.
dlga_lady_talk:lady_restore_relation|Мені потрібно налагодити відносини з лордом. Ви можете мені допомогти?
dlga_lady_restore_relation:lady_pretalk|{playername}, я не настільки добре Вас знаю, аби діяти від Вашого імени. Вибачте.
dlga_lady_restore_relation:lady_restore_relation_2|Гм. Здається, Ви завдали комусь неприємностей. Ну що ж, з ким Ви там бажаєте налагодити стосунки?
dlga_lady_restore_relation_2:lady_restore_relation_2b|{s1}
dlga_lady_restore_relation_2:lady_pretalk|Неважливо. У мене з усіма непогані стосунки.
dlga_lady_restore_relation_2b:lady_restore_relation_3|Я спробую допомогти вам. Думаю, отримавши кілька дорогих подарунків, {s10} змінить своє ставлення до вас.
dlga_lady_restore_relation_3:lady_restore_relation_4|{s10} буде ставитися до вас краще, якщо отримає від вас подарунок не дешевше {reg10} динарів. А якщо він буде коштувати {reg11} динарів, це справить ще на {reg4?неї:нього} ще більше враження. А вже якщо {reg12} динарів - все пройде як по маслу.
dlga_lady_restore_relation_4:lady_restore_relation_5|Думаю, {reg10} динарів на подарунок буде достатньо.
dlga_lady_restore_relation_4:lady_restore_relation_5.1|{reg11} динарів на подарунок мені не шкода.
dlga_lady_restore_relation_4:lady_restore_relation_5.2|Якщо так, то і {reg12} динарів не шкода.
dlga_lady_restore_relation_4:lady_restore_relation_cant_afford|Не думаю, що зараз я можу дозволити собі подарунок.
dlga_lady_restore_relation_5:lady_restore_relation_6|Відмінно. Тоді я виберу гідний подарунок, і подарую {s10} від вашого імені. Думаю, {reg4?вона:він} оцінить цей жест.
dlga_lady_restore_relation_6:lady_pretalk|Спасибі за допомогу, добродійко.
dlga_lady_restore_relation_cant_afford:lady_pretalk|Боюся, тут я нічим не допоможу, {playername}. Вибачте.
dlga_lady_talk:lady_leave|Мені потрібно йти.
dlga_lady_leave:close_window|{s12}
dlga_convince_begin:convince_options|Не розумію, чому мені потрібно з вами погоджуватися.
dlga_convince_options:convince_bribe|Я відшкодую вам збитки ({reg8} динарів).
dlga_convince_options:convince_friendship|Прошу, зробіть це заради нашої дружби! (-{reg9} у відносинах)
dlga_convince_options:convince_persuade_begin|Дозвольте мені переконати вас! (Переконання)
dlga_convince_options:lord_pretalk|Неважливо.
dlga_convince_bribe:convince_bribe_verify|Гм, щедрий подарунок, зрозуміло, допоможе... {reg8} динарів повинно вистачити. Якщо згодні, я прийму вашу пропозицію.
dlga_convince_bribe_verify:convince_bribe_cant_afford|Боюся, я не можу дозволити собі такого подарунка.
dlga_convince_bribe_verify:convince_bribe_goon|Добре, сподіваюся, {reg8} динарів вистачить, щоб висловити мою вдячність.
dlga_convince_bribe_verify:convince_begin|Мені потрібно обдумати це.
dlga_convince_bribe_cant_afford:convince_options|Що ж, тоді нічим не можу допомогти, - хіба що у вас знайдуться більш вагомі аргументи.
dlga_convince_bribe_goon:convince_accept|О, {playername}! Ваш щедрий подарунок змусив мене змінити думку і прийняти вашу мудру пропозицію.
dlga_convince_friendship:convince_friendship_verify|Ви добре обійшлися зі мною в минулому, {playername}, і за це я виконаю ваше прохання. Але знайте, що мені не подобається таке зловживання нашими відносинами!
dlga_convince_friendship_verify:convince_friendship_go_on|Пробачте, друже мій, але мені потрібна ваша допомога.
dlga_convince_friendship_verify:lord_pretalk|Якщо вам це неприємно, я спробую інший шлях.
dlga_convince_friendship_go_on:convince_accept|Добре, {playername}. Я погоджуся - тільки заради вас, але Ви мені будете зобов`язані.
dlga_convince_friendship:lord_pretalk|Не думаю, що варто надавати вам таку послугу, {playername}. Не бачу причин.
dlga_convince_friendship:lord_pretalk.1|Це жарт? У вас вистачає нахабства просити у мене про послугу, {playername}? Нічого Ви не отримаєте!
dlga_convince_persuade_begin:convince_persuade_begin_2|Добре. Говорите.
dlga_convince_persuade_begin_2:convince_persuade|[Спробувати переконати]
dlga_convince_persuade_begin_2:convince_begin|Постійте! Повинен же бути спосіб переконати вас!
dlga_convince_persuade_begin:lord_pretalk|Клянуся богом, {playername}! Ви що, ще не все сказали? Мені набридло вас слухати, йдіть!
dlga_convince_persuade:convince_accept|Добре, Ви мене переконали. Я зроблю, як Ви просите.
dlga_convince_persuade:convince_options|Потрібно визнати, певний сенс у ваших словах є, {playername}. Однак Ви так і не переконали мене до кінця.
dlga_convince_persuade:convince_options.1|Вистачить, {playername}! Аргументів у вас багато, але всі вони непереконливі. Я залишуся при своїй думці.
dlga_convince_persuade:convince_options.2|Бійтеся Бога, {playername}, ваші доводи мене не переконують. Те, про що Ви просите зараз, ще безглуздіше попереднього прохання.
dlga_start:siege_won_seneschal_1|Вітаю вас з перемогою, {мілорд/міледі}! {s1} вітає вас. Ми, хранителі цього замку, до ваших послуг.
dlga_siege_won_seneschal_1:siege_won_seneschal_2|Ви сенешаль?
dlga_siege_won_seneschal_2:siege_won_seneschal_3|Так і є, {мілорд/міледі}. {s1} - мій дім, і я завжди служив його лордам вірою і правдою. Ви можете розраховувати на мою відданість, поки будете правити тут. Ви залишите мене сенешалем? Обіцяю, Ви не пошкодуєте.
dlga_siege_won_seneschal_3:siege_won_seneschal_4|Добре, Ви збережете свою посаду.
dlga_siege_won_seneschal_3:siege_won_seneschal_4.1|Залишайтеся, але я буду за вами слідкувати.
dlga_siege_won_seneschal_4:siege_won_seneschal_5|Спасибі, {мілорд/міледі}. Вибачте мою цікавість, але я можу запитати: які ваші наміри щодо замку?
dlga_siege_won_seneschal_5:siege_won_seneschal_6|Продам іншому лорду.
dlga_siege_won_seneschal_5:siege_won_seneschal_6.1|Залишу його собі.
dlga_siege_won_seneschal_5:siege_won_seneschal_list_options|Поки не знаю. А як з ним можна зробити?
dlga_siege_won_seneschal_list_options:siege_won_seneschal_list_options_2|Згідно нашим законам і традиціям, Ви можете зробити кілька речей. По-перше, Ви можете розмістити тут гарнізон, який захистить замок від першої хвилі нападів, а потім домогтися аудієнції якого-небудь знатного дворянина - можливо, він зробить вам хорошу пропозицію. Замок може коштувати дуже дорого, повірте мені. Якщо ж Ви не хочете його продавати, тоді вам потрібно буде знайти собі підходящого сюзерена, який зміг би вас у разі чого захистити. Без королівської підтримки і армії за спиною довго Ви замок не втримаєте. І Ви, і {s1} - ласий шматок для будь-якого пройдисвіта з жменькою солдатів і мінімальними амбіціями.
dlga_siege_won_seneschal_list_options_2:siege_won_seneschal_list_options_3|При чому тут сюзерен?! Це місце було завойовано мною, воно моє, і більше мені ніхто не потрібен!
dlga_siege_won_seneschal_list_options_3:siege_won_seneschal_list_options_4|Ну звичайно, {мілорд/міледі}. Проте місцевий правитель не визнає вашого права на власність, якщо воно не буде скріплено королівською печаткою. {s1} стане незаконним володінням, і його відберуть при першій же можливості. А проти цілої армії вам не встояти.
dlga_siege_won_seneschal_list_options_4:siege_won_seneschal_6|Гм. Треба подумати.
dlga_siege_won_seneschal_6:close_window|Радий це чути, {мілорд/міледі}. Я намагаюся служити вам по мірі сил. Якщо я вам знадоблюсь, я буду у великому залі - піду готувати замок до передачі у ваші руки.
dlga_start:seneschal_intro_1|Привіт, {пане/пані}. Думаю, раніше ми не зустрічалися. Дозвольте мені, як сенешалю цього замку привітати вас!
dlga_seneschal_intro_1:seneschal_intro_1a|Яка приємна зустріч, {s65}!
dlga_seneschal_intro_1a:seneschal_talk|Чим можу я Вам допомогти?
dlga_seneschal_intro_1:seneschal_intro_1b|Що Ви тут робите?
dlga_seneschal_intro_1b:seneschal_talk|У сенешаль багато турбот, {пане/пані}. Наприклад, я збираю податки з панських маєтків, стежу за замковими коморами, веду справи з селянами, прислугою, збираю припаси для воїнів... Усю рутину свого наділу, мої панове, завжди довіряли мені. Усе, окрім безпосереднього командування солдатами.
dlga_start:seneschal_talk|Привіт, {пане/пані}.
dlga_seneschal_pretalk:seneschal_talk|Щось іще?
dlga_seneschal_talk:seneschal_ask_something|Я хочу у Вас запитати...
dlga_seneschal_talk:seneschal_ask_about_someone|Я хочу дізнатися про декого...
dlga_seneschal_ask_about_someone:seneschal_ask_about_someone_2|Може, я зумію допомогти. Про кого саме?
dlga_seneschal_ask_about_someone_2:seneschal_pretalk|Неважливо.
dlga_seneschal_talk:close_window|Мені час іти. Прощавайте!
dlga_seneschal_ask_something:seneschal_ask_something_2|Постараюся допомогти. Про що Ви хотіли запитати?
dlga_seneschal_ask_something_2:seneschal_ask_location|Можливо, Ви знаєте, де мені знайти одну людину...
dlga_seneschal_ask_location:seneschal_ask_location_2|Робота у мене така - все знати. То хто Вам потрібен?
dlga_seneschal_ask_location_2:seneschal_ask_location_3|{s1}
dlga_seneschal_ask_location_2:seneschal_pretalk|Неважливо.
dlga_seneschal_ask_location_3:seneschal_pretalk|{s1}
dlga_start:close_window.23|Забирайся і не випробовуй моє терпіння, жебраче!
dlga_start:talk_caravan_escort|Поки що ми тут... Попереду все чисто?
dlga_talk_caravan_escort:talk_caravan_escort_2a|Поруч можуть бути бандити. Тримайтеся ближче!
dlga_talk_caravan_escort_2a:close_window|Повірте, {playername}, ми тримаємося так близько, як тільки можемо. Показуйте дорогу.
dlga_talk_caravan_escort:talk_caravan_escort_2b|Нічого не видно, усе чисто.
dlga_talk_caravan_escort_2b:close_window|Я зітхну спокійно лише тоді, коли попереду завидніється {s1}. Ідемо далі.
dlga_start:merchant_talk|Чого вам треба? Ми заплатили Вам менше трьох днів назад!
dlga_start:merchant_talk.1|Вітаю Вас, друже мій.
dlga_start:merchant_talk.2|Вам щось потрібно!? Так ми ж той, прості купці, проблем не шукаємо, залиште нас у спокої!
dlga_start:merchant_talk.3|Гей, мерзото, геть із дороги! Цей караван під захистом {s9}! Тому пропусти нас, якщо тобі дороге життя!
dlga_start:merchant_talk.4|Так? Що Вам?
dlga_merchant_pretalk:merchant_talk|Чого ще?
dlga_merchant_talk:caravan_start_war_quest_1|Ви вторглися до земель {s17}. Я забираю караван й усі товари!
dlga_caravan_start_war_quest_1:caravan_start_war_quest_2|Що? Що за нісенітниця? У нас мир із {s17}, і ми маємо законне право перетинати ці землі!
dlga_caravan_start_war_quest_2:merchant_attack|Це ми ще подивимося! Обороняйтеся!
dlga_caravan_start_war_quest_2:close_window|Гм... Здається, ми не зрозуміли одне одного. Прощавайте.
dlga_merchant_talk:merchant_talk_offer|У мене до Вас пропозиція.
dlga_merchant_talk_offer:merchant_talk_offer_2|Яка саме?
dlga_merchant_talk_offer_2:caravan_offer_protection|Я можу супроводити вас за плату.
dlga_merchant_talk_offer_2:merchant_pretalk|Даруйте, але немає жодної.
dlga_merchant_talk:merchant_bandit_information|Я висліджую зграю бандитів з такими прикметами... Ви їх зустрічали?
dlga_merchant_bandit_information:merchant_pretalk|{s15}
dlga_merchant_talk:merchant_trip_explanation|Розкажіть про свої мандри.
dlga_merchant_trip_explanation:merchant_pretalk|Ми їдемо з {s11} у бік {s12}. {s14}
dlga_merchant_talk:merchant_demand|Мені від Вас дещо треба!
dlga_merchant_demand:merchant_demand_2|Що Ви хочете?
dlga_merchant_demand_2:merchant_demand_toll|Прохід тут платний!
dlga_merchant_demand_toll:merchant_demand_toll_2|Мені не потрібні неприємності! Ось, візьміть! Вистачить Вашої милости {reg6} динарів? Більше я дати не можу!
dlga_merchant_demand_toll:merchant_demand_toll_2.1|Я на свою голову турбот не шукаю. {reg6} динарів за прохід нам не шкода, Ви нас лише пропустіть. 
dlga_merchant_demand_toll_2:merchant_demand_toll_accept|Добре, давайте і йдіть з миром.
dlga_merchant_demand_toll_accept:close_window|Гаразд. Ось {reg6} динарів.
dlga_merchant_demand_toll_2:merchant_pretalk|Добре, не потрібні мені Ваші гроші.
dlga_merchant_demand_toll_2:merchant_attack|Ні, мені треба все, що у Вас є! [Атакувати]
dlga_merchant_demand_2:merchant_attack_begin|А ну давайте всі гроші й цінності!
dlga_merchant_demand_2:merchant_pretalk|Нічого. Неважливо.
dlga_merchant_attack_begin:merchant_attack_verify|Ви збираєтеся нас пограбувати?{s11}
dlga_merchant_attack_verify:merchant_attack_verify_norob|Пограбувати? Ні, що Ви, це був жарт!
dlga_merchant_attack_verify_norob:close_window|Не треба так жартувати, Ваша милість! Ви нас дуже сильно налякали.
dlga_merchant_attack_verify:merchant_attack|Звичайно, я Вас грабую. Віддавайте товари.
dlga_merchant_attack:close_window|Дідька з два Ви отримаєте щось без бою!
dlga_caravan_offer_protection:caravan_offer_protection_2|На цих дорогах небезпечно, без охорони тут не можна.
dlga_caravan_offer_protection_2:close_window|Ескорт? Та ми вже майже прийшли! Але дякую за пропозицію.
dlga_caravan_offer_protection_2:caravan_offer_protection_3|Ми прямуємо до {s1}. Проводіть нас. Я вважаю, {reg2} динарів буде достатньо за Ваші послуги.
dlga_caravan_offer_protection_3:caravan_offer_protection_4|Домовилися.
dlga_caravan_offer_protection_4:caravan_offer_protection_5|Тримайтеся ближче до нас. Якщо нападуть бандити, нам знадобиться Ваша допомога.
dlga_caravan_offer_protection_5:caravan_offer_protection_6|Не хвилюйтеся, я не підведу.
dlga_caravan_offer_protection_6:close_window|Гаразд. Коли попереду з'явиться {s1}, можете підійти й забрати свої гроші. А тепер ідемо.
dlga_caravan_offer_protection_3:caravan_offer_protection_4b|Неважливо.
dlga_caravan_offer_protection_4b:close_window|Можливо, іншим разом.
dlga_merchant_talk:talk_caravan_enemy_2|Не так швидко. Спочатку Ви віддасте всі гроші й товари.
dlga_talk_caravan_enemy_2:close_window|Ніколи! Ми повинні боронити цей товар, тож тобі, курво, доведеться за нього поборотися!
dlga_merchant_talk:close_window|[Піти]
dlga_start:prison_guard_players|Вітаю, {мілорде/міледі}. Ідете до в'язниці?
dlga_prison_guard_players:close_window|Так. Відчини двері.
dlga_prison_guard_players:close_window.1|Ні, не зараз.
dlga_start:prison_guard_talk|Так? Що Ви хочете?
dlga_prison_guard_talk:prison_guard_ask_prisoners|Хто зараз в ув'язненні?
dlga_prison_guard_talk:prison_guard_visit_prison|Я хочу побалакати з в`язнем.
dlga_prison_guard_ask_prisoners:prison_guard_talk|Зараз там {s50}.{s49}
dlga_prison_guard_visit_prison:close_window|Звичайно, {пане/пані}. Заходьте.
dlga_prison_guard_visit_prison:prison_guard_visit_prison_2|Для того, аби побалакати з ув'язненими, потрібен дозвіл нашого лорда.
dlga_prison_guard_visit_prison:prison_guard_visit_prison_nobody|Усередині нікого немає, тож можете зайти і подивитися.
dlga_prison_guard_visit_prison_nobody:close_window|Добре. Саме час поглянути на в'язницю.
dlga_prison_guard_visit_prison_nobody:close_window.1|У мене є й важливіші справи.
dlga_prison_guard_visit_prison_2:close_window|Гаразд. Я його отримаю.
dlga_prison_guard_visit_prison_2:prison_guard_visit_prison_3|Ну ж бо! Хіба Ви тут не начальник?
dlga_prison_guard_visit_prison_3:prison_guard_visit_prison_4|Хе-хе, ну, узагалі-то, так. Ось лише пустити я Вас усе одно не можу.
dlga_prison_guard_visit_prison_4:close_window|Ну гаразд. Я йду.
dlga_prison_guard_visit_prison_4:prison_guard_visit_prison_5|Трясця, тут на підлозі лежав гаманець із сотнею динарів. Ваш, напевно?
dlga_prison_guard_visit_prison_5:close_window|О, та я його весь день шукаю! Дякую, що принесли, {пане/пані}. І раз уже Ви так чесні, то я, мабуть, пропущу Вас. Ідіть. До речі, до Вашого відома, навіть не думайте кого-небудь звільнити: я з ключів очей не спускаю.
dlga_prison_guard_visit_prison_4:prison_guard_visit_break|Давай сюди ключі від камер, і то хутко!
dlga_prison_guard_visit_break:close_window|До зброї! На допомогу! Утеча!
dlga_prison_guard_talk:close_window|Та так, нічого...
dlga_start:castle_guard_players|Що накажете, {пане/пані}?
dlga_castle_guard_players:close_window|Відкрити мені двері.
dlga_castle_guard_players:close_window.1|Неважливо.
dlga_start:castle_guard_sneaked_intro_1|Геть із дороги, мерзото! Від тебе смердить!
dlga_start:close_window.24|Ви знову врятували нас, {playername}! Ви - найкращий друг на світі. {s43}
dlga_castle_guard_sneaked_intro_1:castle_guard_sneaked_intro_2|Я хочу ввійти й побалакати з лордом.
dlga_castle_guard_sneaked_intro_1:close_window|[Піти]
dlga_castle_guard_sneaked_intro_2:close_window|Агов, {дядьку/тьотю}, з головою не все гаразд? Жебракам там не місце. Геть звідси, бо ж зараз відлупцюю до смерті!
dlga_start:castle_guard_intro_1|Чого Ви хочете?
dlga_castle_guard_intro_1:castle_guard_intro_2|Я хочу ввійти й побалакати з лордом.
dlga_castle_guard_intro_1:close_window|Нічого.
dlga_castle_guard_intro_2:close_window|Боюся, що свято тут у самому розпалі, а Ви не запрошені. 
dlga_castle_guard_intro_2:castle_guard_intro_3|Ви можете ввійти після того, як залишите свою зброю тут. Ніхто не заходить до зали лорда озброєним.
dlga_castle_guard_intro_3:close_window|Ось, візьміть мою зброю. Я ввійду.
dlga_castle_guard_intro_3:castle_guard_intro_2b|Ні. Я нікому не віддам своєї зброї.
dlga_castle_guard_intro_2b:close_window|Тоді Ви не ввійдете.
dlga_start:castle_gate_guard_talk|Чого Ви хочете?
dlga_castle_gate_guard_pretalk:castle_gate_guard_talk|Так?
dlga_castle_gate_guard_talk:castle_gate_open|Ми шукаємо нічліг. Не впустите нас?
dlga_castle_gate_guard_talk:request_meeting_castle_lord|Я хочу побалакати з власником замку.
dlga_castle_gate_guard_talk:request_meeting_other|Я хочу побалакати з кимось із замку.
dlga_castle_gate_guard_talk:close_window|[Піти]
dlga_request_meeting_castle_lord:close_window|Зачекайте. {s2} прийме Вас.
dlga_request_meeting_castle_lord:castle_gate_guard_pretalk|Пана зараз немає.
dlga_request_meeting_other:request_meeting_3|Хто це?
dlga_request_meeting_3:request_meeting_4|{s3}
dlga_request_meeting_3:close_window|Неважливо.
dlga_request_meeting_4:request_meeting_5|Почекайте. Я передам Ваше прохання.
dlga_request_meeting_5:request_meeting_6|Я чекаю...
dlga_request_meeting_6:close_window|Добре. {s2} порозмовляє з Вами.
dlga_request_meeting_6:close_window.1|{s2} передає, що не прийме вас. Бувайте.
dlga_castle_gate_open:close_window|{s2} з радістю прийме Вас, {мілорд/леді}. Заходьте, я відчиню ворота.
dlga_castle_gate_open:close_window.1|Мій пане, {s2} зараз у від'їзді. Але, гадаю, він не заперечуватиме, якщо Ви переночуєте тут. Заходьте, я відчиню ворота.
dlga_castle_gate_open:close_window.2|Проходьте. Я відчиняю ворота.
dlga_castle_gate_open:close_window.3|Проходьте, але скажіть своїм людям, аби поводилися пристойно. Мій пане, {s2}, не хоче неприємностей.
dlga_castle_gate_open:close_window.4|Мій пане, {s2}, не бажає вас бачити. Забирайтеся.
dlga_start:close_window.25|{playername}, Ви ледь не спізнилися. Прийміть мою безмірну вдячність! {s43}
dlga_start:close_window.26|{playername}, Ви з'явилися саме вчасно. Я не забуду вашої допомоги. {s43}
dlga_start:ally_thanks_meet|Здається, ми так і не познайомилися... Ви врятували мені життя, а я так і не знаю Вашого імени.
dlga_start:ally_thanks_meet.1|Ваша допомога була вельми доречна, я лиш не знаю Вашого імени! Мене звуть {s1}, а Вас?
dlga_start:ally_thanks_meet.2|Дякую за допомогу. Однак ми не знайомі... Як Вас звуть?
dlga_ally_thanks_meet:ally_thanks_meet_2|Мене звуть {playername}.
dlga_ally_thanks_meet_2:close_window|Вітаю, {playername}. Мене звуть {s1}, і я навіки у вас в боргу. Якщо я можу чимось допомогти вам, тільки скажіть!
dlga_ally_thanks_meet_2:close_window.1|Вітаю, {playername}. Я Ваш боржник навіки. Сподіваюся, колись таки я зможу відплатити Вам добром за добро.
dlga_ally_thanks_meet_2:close_window.2|Вітаю, {playername}. Я - {s1}. Дякую за допомогу, сподіваюся, ми ще зустрінемося!
dlga_start:close_window.27|Вітаю Вас, {playername}. {s43}
dlga_start:close_window.28|{s43}
dlga_start:close_window.29|{s43}
dlga_start:close_window.30|Дякую Вам за допомогу, {пане/пані}. Ви зберегли {reg1?нам:мені} життя.
dlga_start:close_window.31|Дякую Вам за допомогу, {пане/пані}. Поки Ви не з'явилися, усе складалося не на нашу користь.
dlga_start:close_window.32|Вельми вдячний за допомогу, {пане/пані}. Ви врятували {reg1?наші:моє} життя.
dlga_start:close_window.33|Не переживайте, {мій пане/пані моя}, я вже йду. 
dlga_start:close_window.34|Дякую Вам за допомогу, {пане/пані}. Задайте цим бандитам!
dlga_start:close_window.35|Далі ми дійдемо самі. Дякую. 
dlga_start:kidnapped_girl_liberated_battle|О, {пане/пані}! Велике спасибі, що врятували мене! Ви повернете мене додому?
dlga_start:freed_hero_answer|Дякую за звільнення, друже мій.
dlga_freed_hero_answer:freed_hero_answer_1|Ви нікуди не підете! Тепер Ви мій бранець!
dlga_freed_hero_answer_1:close_window|Дідько. Що ж мені так не щастить?
dlga_freed_hero_answer:freed_hero_answer_2|Ідіть, {s65}.
dlga_freed_hero_answer_2:close_window|Дякую, {пане/пані}. Я ніколи не забуду Вашої доброти.
dlga_freed_hero_answer:freed_hero_answer_3|Бажаєте приєднатися до мене?
dlga_freed_hero_answer_3:close_window|Згода, я з Вами.
dlga_freed_hero_answer_3:close_window.1|Ні, я самітник.
dlga_start:defeat_hero_answer|Недовго ж Вам залишилося радіти перемозі. Мої люди незабаром помстяться за поразку!
dlga_defeat_hero_answer:defeat_hero_answer_1|Тепер Ви у мене в полоні.
dlga_defeat_hero_answer_1:close_window|Прокляття! Ви про це пошкодуєте!
dlga_defeat_hero_answer:defeat_hero_answer_2|Можете йти, і не дай Вам Боже знову опинитися на моєму шляху!
dlga_defeat_hero_answer_2:close_window|Ми ще зустрінемося.
dlga_combined_political_quests:political_quest_suggested|{s9}
dlga_political_quest_follow_on:close_window|Це було розумне рішення. Щасти Вам. 
dlga_combined_political_quests:political_quest_suggested.1|Ваші відносини з {s5} далекі від ідеальних. Оскільки {reg4?вона:він} доводиться мені {s11}, я можу спробувати залагодити вашу неприязнь. Передайте {reg4?їй:йому} через мене подарунок, наприклад, підбиту хутром оксамитову накидку. Якщо Ви роздобудете відріз оксамиту і хутро, я зроблю таку накидку і відправлю {reg4?їй:йому} дар.
dlga_political_quest_follow_on:close_window.1| Я буду чекати матеріалів.
dlga_combined_political_quests:political_quest_suggested.2|Як Ви, напевно, розумієте, {s4} є безліч ворогів серед дворянства {s5}. Точніше, вони відчувають, що {s5} - {s7}, і турбуються, що {reg4?вона:він} може стати {s8}. Якщо кинути {s4} прилюдне звинувачення, то можна здобути прихильність багатьох людей. Звичайно ж, при цьому Ви наживете собі кровного ворога і ризикуєте нарватися на поєдинок.
dlga_combined_political_quests:political_quest_suggested.3|Як Ви, напевно, розумієте, багато з вельмож {s5} вважають, що {s4} - {s7} і може нам перешкодити. Ми побоюємося, що {reg4?вона:він} може стати {s8}. Людям давно відома моя думка про {s4}, але от якщо Ви кинете {s4} прилюдне звинувачення, то можете похитнути {reg4?її:його} позиції. Можливо, наш повелитель навіть перестане довіряти {reg4?їй:йому} і обмежить {reg4?її:його} владу. Звичайно ж, при цьому Ви наживете собі ворога і ризикуєте нарватися на поєдинок.{s9}
dlga_political_quest_follow_on:close_window.2|Ми цінуємо те, що Ви робите. Я вбачаю такі інтриги неприємними, але це все на користь {s5}.
dlga_political_quest_follow_on:close_window.3|Дуже добре. Це завжди небезпечно, коли втягуєш себе в інтриги даного класу, але в цьому випадку, я думаю, Ви отримаєте вигоду.
dlga_combined_political_quests:political_quest_suggested.4|І Ви, і я дуже зацікавлені в тому, щоб {s4} втратив свою репутацію. У мене складається відчуття, що {reg4?вона:він} - {s7}, і мене турбує, що {reg4?вона:він} може {s8}. Якщо {s9} дізнається нашу думку про {s4}, самодержець може розчаруватися у своєму васалі і хоча б на час позбавити {reg4?її:його} своєї милості. Зробивши це, Ви заслужите мою вдячність.
dlga_political_quest_follow_on:close_window.4|Ми цінуємо те, Вашу працю. Мені ці інтриги не дуже приємні, але це все на користь {s5}.
dlga_combined_political_quests:political_quest_suggested.5|Наразі не маю що вам запропонувати.
dlga_political_quest_suggested:political_quest_follow_on|Непогана думка.
dlga_political_quest_suggested:combined_political_quests|Гм-м... А можна придумати інший спосіб?
dlga_political_quest_suggested:political_quests_end|Давайте змінимо тему.
dlga_political_quests_end:lord_pretalk|Добре.
dlga_political_quests_end:spouse_pretalk|Гаразд.
dlga_political_quests_end:minister_pretalk|Добре.
dlga_political_quests_end:close_window|Добре.
dlga_start:local_merchant_mercy|Прошу, не вбивайте мене!
dlga_local_merchant_mercy:local_merchant_mercy_no|Мені Ви нічого не зробили, але {s2} хоче Вашої смерті. Вибачте.
dlga_local_merchant_mercy_no:close_window|Прокляття! Най би Вас!
dlga_local_merchant_mercy:local_merchant_mercy_yes|Я помилую Вас, якщо Ви пообіцяєте...
dlga_local_merchant_mercy_yes:local_merchant_mercy_yes_2|Звичайно, обіцяю, усе, що завгодно! Лише не вбивайте!
dlga_local_merchant_mercy_yes_2:local_merchant_mercy_yes_3|Ви забудете про борг {s2}, і підпишете папір, що він не має перед Вами жодних зобов'язань.
dlga_local_merchant_mercy_yes_3:local_merchant_mercy_yes_4|Так, звичайно. Я все зроблю.
dlga_local_merchant_mercy_yes_4:local_merchant_mercy_yes_5|І якщо мій лорд хоч якось прознає про це, я повернуся за вами, і тоді вже пощади не буде. Зрозуміло?
dlga_local_merchant_mercy_yes_5:local_merchant_mercy_yes_6|Так, {пане/пані}. Не хвилюйтеся. Я не буду скаржитися.
dlga_local_merchant_mercy_yes_6:close_window|Добре. Ідіть, бо ще передумаю.
dlga_start:fugitive_1|Що Вам треба?
dlga_fugitive_1:fugitive_2|Я шукаю вбивцю на ймення {s4}. Ви підходите під опис.
dlga_fugitive_1:close_window|Нічого. Даруйте.
dlga_fugitive_2:fugitive_3|Не розумію, про що Ви балакаєте, {пане/пані}. Я нікого не вбивав, Ви мене не за того прийняли!
dlga_fugitive_3:fugitive_4|Тоді опустіть меч. Якщо Ви ні в чому не винні, то й боятися Вам нічого. Зараз ми побалакаємо з Вашими сусідами, і якщо вони всі підтвердять, я поїду собі далі.
dlga_fugitive_4:fugitive_5|Друже, я нікуди не піду. Сьогодні вам доведеться битися за своє срібло.
dlga_fugitive_5:fugitive_fight_start|Запросто. У будь-якому разі, мені була потрібна Ваша голова.
dlga_fugitive_5:fugitive_fight_start.1|Я тут не заради грошей, але за волінням закону!
dlga_fugitive_5:fugitive_fight_start.2|Шкода. Отже, Ви не прислухаєтеся до голосу розуму.
dlga_fugitive_fight_start:close_window|Помри, собако!
dlga_member_chat:sacrificed_messenger_1|Так, {пане/пані}?
dlga_sacrificed_messenger_1:sacrificed_messenger_2|Віднесіть цей лист {s1} і віддайте {s2}.
dlga_sacrificed_messenger_1:close_window|Ні, нічого.
dlga_sacrificed_messenger_2:sacrificed_messenger_3|Так, {пане/пані}. Не бійтеся, я Вас не підведу.
dlga_sacrificed_messenger_3:close_window|Добре. Після повернення Ви отримаєте гідну нагороду.
dlga_sacrificed_messenger_3:sacrificed_messenger_cancel|Дідько! Я не можу! Не можу я позбавити Вас життя!
dlga_sacrificed_messenger_cancel:sacrificed_messenger_cancel_2|Про що Ви, {пане/пані}?
dlga_sacrificed_messenger_cancel_2:sacrificed_messenger_cancel_3|У місті на Вас чекає пастка. {s3} наказав мені пожертвувати одним з моїх обраних воїнів, щоб обдурити ворога, але йому доведеться шукати інший спосіб.
dlga_sacrificed_messenger_cancel_3:close_window|Спасибі, {пане/пані}. Я за Вми хоч у пекло піду! І можете мені повірити, я битимуся за Вас до останнього!
dlga_start:close_window.36|Що ж, ми майже у {s21}. Далі ми і самі дістанемся. Ось вам {reg14} динарів... Дякую, що проїхалися з нами. Удачі.
dlga_start:follow_spy_talk|Добрий день, {пане/пані}. Хороша погода, га? Вибачте, але зараз мені треба йти.
dlga_follow_spy_talk:follow_spy_talk_2|{s1} видав наказ арештувати вас!
dlga_follow_spy_talk_2:close_window|Живцем Ви мене не отримаєте!
dlga_follow_spy_talk:close_window|Не звертайте уваги, я просто йду повз.
dlga_start:spy_partners_talk|Доброго дня.
dlga_spy_partners_talk:spy_partners_talk_2|{s1} наказав арештувати вас!
dlga_spy_partners_talk_2:close_window|Вам доведеться битися з нами!
dlga_spy_partners_talk:close_window|Незважайте, я просто йду у своїх справах.
dlga_start:runaway_serf_intro_1|Добрий день, {пане/пані}.
dlga_runaway_serf_intro_1:runaway_serf_intro_2|послав Мене за вами {s4}, від якого Ви намагаєтеся втекти. Він обіцяв не карати вас після повернення.
dlga_runaway_serf_intro_2:runaway_serf_intro_3|О {пане/мила леді}! Наше життя в селі {s1} була нестерпним! Ми надривалися на полях з ранку до ночі і все одно голодували. Ми йдемо в {s6}, де почнемо нове життя. Там з нами не будуть звертатися як з худобою.
dlga_runaway_serf_intro_3:runaway_serf_go_back|Ви порушили закон, вчинивши втечу! Ваш будинок - {s1}, туди Ви і повернетеся!
dlga_runaway_serf_intro_3:runaway_serf_let_go|Що ж, може, Ви і праві. Добре. Якщо запитають - ми не зустрічалися.
dlga_runaway_serf_go_back:close_window|Добре, {мілорд/мила леді}. Як вам буде завгодно. Ми повернемося в {s5}.
dlga_runaway_serf_let_go:close_window|Бережи вас Бог, {пане/пані}. Ми не забудемо вашої допомоги!
dlga_start:runaway_serf_reconsider|Добрий день, {пане/пані}. Можете не турбуватися - якщо хтось запитає, ми не зустрічалися.
dlga_runaway_serf_reconsider:runaway_serf_go_back|А якщо подумати, то я проти! Ви повинні повернутися до себе в село!
dlga_runaway_serf_reconsider:runaway_serf_let_go|Добре. Ідіть, а то я можу і передумати.
dlga_start:runaway_serf_talk_caught|Вітаю, {пане/пані}. Ми йдемо до {s5}, але, здається, заблукали.
dlga_runaway_serf_talk_caught:runaway_serf_go_back|Не випробовуйте моє терпіння! Ви негайно повернетеся назад!
dlga_runaway_serf_talk_caught:runaway_serf_let_go|Що ж, хочете йти - йдіть.
dlga_start:runaway_serf_talk_again_return|Ми повертаємося в {s5}, {пане/пані}. 
dlga_runaway_serf_talk_again_return:runaway_serf_talk_again_return_2|Поспішіть. Чим швидше повернетеся, тим краще.
dlga_runaway_serf_talk_again_return:runaway_serf_talk_again_return_2.1|Добре. Ідіть.
dlga_runaway_serf_talk_again_return_2:close_window|Так, {пане/пані}. Як скажете.
dlga_start:troublesome_bandits_intro_1|Еге ж, у тебе день дійсно не задався! Ми, треба сказати, погані хлопці, небезпечні...
dlga_troublesome_bandits_intro_1:troublesome_bandits_intro_2|Ха, для мене Ви просто ходячі гаманці. Купець з {s1} дає за ваші голови хороші гроші.
dlga_troublesome_bandits_intro_2:close_window|{Мисливець/Мисливиця} за головами! Гірше вас тварюк немає! Пустіть {йому/їй} кишки, швидко!
dlga_start:deserter_paid_talk|Чого вам? Хочете нам іще грошей заплатити?
dlga_deserter_paid_talk:deserter_paid_talk_2a|Вибачте за турботу. Я піду.
dlga_deserter_paid_talk_2a:close_window|Так. Вистачить тут швеньдяти - пішли б грошей заробили... Наступного разу гаманець повинен бути повний.
dlga_deserter_paid_talk:deserter_paid_talk_2b|Ні. Тепер Ваша черга платити.
dlga_deserter_paid_talk_2b:close_window|Ви чого? Вам проблем мало? Так ми зараз влаштуємо.
dlga_start:deserter_talk|Ми вільні. Тепер ми боремося лише за себе. Віддавайте золото, або ми Вас повбиваємо!
dlga_deserter_talk:close_window|Коли я розберуся з вами, ви пошкодуєте, що кинули армію!
dlga_deserter_talk:deserter_barter|Не варто битися. Я заплачу за прохід.
dlga_deserter_barter:deserter_barter_2|Вельми розумно з Вашого боку. Хоча, подивився я на Ваш баул і бачу, що така людина без жалю розлучиться і з {reg5} динарами. Платіть і забирайтеся.
dlga_deserter_barter_2:deserter_barter_3a|Добре, ось {reg5} динарів.
dlga_deserter_barter_2:deserter_barter_3b|У мене немає таких грошей.
dlga_deserter_barter_3b:close_window|Шкода. Доведеться продати Вас у рабство.
dlga_deserter_barter_3a:close_window|Ну от, виявилося зовсім не важко, еге ж? Гаразд, ідіть уже.
dlga_start:tavernkeeper_talk|Вітаю, {пане/пані}. Чим я можу допомогти?
dlga_tavernkeeper_pretalk:tavernkeeper_talk|Щось іще?
dlga_tavernkeeper_talk:tavernkeeper_deliver_wine|Ось Ваш товар. {reg9} штуки {s4}.
dlga_tavernkeeper_deliver_wine:tavernkeeper_pretalk|Ну нарешті! Мої запаси майже вичерпалися. Ось, тримайте, {reg5} динарів має вистачити... {s9} - мій добрий партнер, передавайте йому привіт! Я обов'язково замовлю за Вас перед ним слівце.
dlga_tavernkeeper_talk:tavernkeeper_deliver_wine_incomplete|Ось Ваш товар. {s4} чисельністю {reg9} штук, адеж так? Дідько, я геть забув, що частина вантажу дорогою загубилася.
dlga_tavernkeeper_deliver_wine_incomplete:tavernkeeper_pretalk|Бандити напали? Добре хоч самі залишилися живі. У будь-якому випадку, {reg5} динарів за роботу Вам буде більш ніж достатньо. {S1}, зрозуміло, дізнається, що був доставлений не весь товар, тому Вам, швидше за все, доведеться заплатити за втрачене.
dlga_tavernkeeper_talk:tavernkeeper_deliver_wine_lost|Я повинен був доставити Вам {s4} чисельністю {reg9} штук. Дідько, я геть забув, що частина вантажу дорогою загубилася.
dlga_tavernkeeper_deliver_wine_lost:tavernkeeper_pretalk|Що? Та в мене зараз {s4} на вагу золота! Я кілька місяців чекаю, а Ви мені говорите, що у Вас нічого немає? Ну вже будьте певні - {s1} про все дізнається!
dlga_tavernkeeper_talk:tavernkeeper_buy_drinks|Сьогодні я пригощаю! Пригостіть кожного відвідувача по глечику найкращого вина за мій рахунок.
dlga_tavernkeeper_buy_drinks:tavernkeeper_buy_drinks_2|Звісно ж, {мілорде/міледі}. Гадаю, {reg5} динарів вистачить. Що мені говорити?
dlga_tavernkeeper_buy_drinks_2:tavernkeeper_buy_drinks_end|Скажіть, що {playername} бажає показати свою прихильність до жителів {s10}.
dlga_tavernkeeper_buy_drinks_end:tavernkeeper_pretalk|Гаразд, {пане/пані}. За Вас сьогодні ще не раз піднімуть тост!
dlga_tavernkeeper_buy_drinks_2:tavernkeeper_pretalk|А, утім... Скасуйте замовлення.
dlga_tavernkeeper_talk:tavernkeeper_job_ask|А чи є у Вашому краю хто-небудь, у кого знайдеться робота для людей на кшталт мене?
dlga_tavernkeeper_job_ask:tavernkeeper_job_search|Ну... {s10} частенько набирає найманців - вічно вже він із кимось воює.{s9}
dlga_tavernkeeper_job_search:tavernkeeper_job_result|Дайте-но подумати...
dlga_tavernkeeper_job_result:tavernkeeper_job_search|Здається, {s7} {s9}{s10}. Може, {reg4?їй:йому} що потрібно.
dlga_tavernkeeper_job_result:tavernkeeper_job_result_2|А, узагалі, допомога потрібна багато кому, знатним людям та гільдмайстрам часто треба послуги, про які вони не розповідають абиде. Та й у селян бувають проблеми, хоча ці швидше заплатять сиром і вдячністю, ніж важкою монетою.
dlga_tavernkeeper_job_result_2:close_window|Загалом, слухайте, про що теревенять на вулиці, і не ловіть гав. А якщо щось, то заходіть до мене - може, я щось знайду.
dlga_tavernkeeper_talk:close_window|Я, краще, піду.
dlga_start:ransom_broker_intro|Вітаю Вас, {пане/пані}. Гадаю, знайомство зі мною стає для Вас недаремним!
dlga_ransom_broker_intro:ransom_broker_intro_2|Чому це?
dlga_ransom_broker_intro_2:ransom_broker_info_talk|Я надаю викупи за нещасних бранців, яких захоплюють у нескінченних війнах. Зазвичай я подорожую від соляних шахт до ринків із невільниками, і якщо по дорозі я зустрічаю когось з одним або двома полоненими, я пропоную гроші за викуп. Ви схожі на людину, в якої є пара бранців на продаж.
dlga_ransom_broker_info_talk:ransom_broker_families|А якщо в сім'ї немає грошей?
dlga_ransom_broker_families:ransom_broker_info_talk|Тоді я розповідаю про коротке й сумне життя на галерах. Ви не уявляєте, які скарби деколи знаходяться в селян у корівниках і сараях, завдяки лише цій одній історії. А якщо у них грошей зовсім немає, то у купців на галерах завжди щось знайдеться. Добрих справ із порожнім гаманець не вчинити.
dlga_ransom_broker_info_talk:ransom_broker_prices|Скільки я зможу отримати за полоненого?
dlga_ransom_broker_prices:ransom_broker_info_talk|Залежить, залежить... У мене нюх на ціну. Я дивлюся й одразу кажу, голодує людина чи кожен день їсть гусака і свіжий хліб. За дворян вельми добре платити. Я знаю всіх дворян Кальрадії: їхні маєтки, спадкоємці, діти, бастарди - і борги, сельбстферштендлих.
dlga_ransom_broker_info_talk:ransom_broker_ransom_me|А мене Ви зможете викупити, якщо я потраплю до полону?
dlga_ransom_broker_ransom_me:ransom_broker_info_talk|Чом би й ні! У мене друзі й кунаки на кожен двір у Кальрадії. Прикопати побільше дзвінких динарів і заведіть... заведіть вірного слугу, який зможе їх викопати, коли потрібно.
dlga_ransom_broker_info_talk:ransom_broker_pretalk|Це мені й потрібно було знати. Дякую.
dlga_start:ransom_broker_talk|Вітаю. У Вас є полонені? Якщо так, то я їх придбаю.
dlga_ransom_broker_pretalk:ransom_broker_talk|Усе одно, я з радістю купуватиму у Вас будь-яких полонених.
dlga_ransom_broker_talk:ransom_broker_sell_prisoners|Тоді діставайте гаман - мені є кого продати.
dlga_ransom_broker_talk:ransom_broker_intro_2|Розкажіть іще про Ваше ремесло.
dlga_ransom_broker_talk:ransom_broker_ransom_companion|Я хочу заплатити викуп за одного з моїх компаньйонів.
dlga_ransom_broker_ransom_companion:ransom_broker_ransom_companion_choose|Кого Ви бажаєте викупити?
dlga_ransom_broker_ransom_companion_choose:ransom_broker_ransom_companion_name_sum|{s4}
dlga_ransom_broker_ransom_companion_choose:ransom_broker_pretalk|Забудь.
dlga_ransom_broker_ransom_companion_name_sum:ransom_broker_ransom_companion_verify|Дозвольте мені перевірити свій перелік ув'язнених... Ах так.. Ваш друг утримується у в'язниці в {s7}. Як цікаво! Можу Вам сказати, що щури там надзвичайно великі - як пси, Ггг... Тепер за дуже скромну суму розміром {reg5} динарів, яка включає і викуп, і мою комісію + витрати,+ на пиво, ми можемо влаштувати так, аби {s5} {reg4?могла:міг} знову насолодитися свободою. Ну як?
dlga_ransom_broker_ransom_companion_verify:ransom_broker_ransom_companion_accept|Ось Ваші гроші.
dlga_ransom_broker_ransom_companion_verify:ransom_broker_ransom_companion_refuse|Я не можу зараз дозволити собі це.
dlga_ransom_broker_ransom_companion_accept:ransom_broker_talk|Чудово! Через кілька днів {s5} приєднається до Вас осяяний у сонячному світлі й без сумніву дуже вдячний! Ггг...
dlga_ransom_broker_ransom_companion_refuse:ransom_broker_talk|Як забажаєте, гадаю {s5} продовжуватиме знайомитися зі щурами й темрявою ближче, Ггг.., Ну як?
dlga_ransom_broker_talk:close_window|Не зараз. До побачення.
dlga_ransom_broker_sell_prisoners:ransom_broker_sell_prisoners_2|Побачимо, побачимо...
dlga_ransom_broker_sell_prisoners_2:close_window|Я буду тут кілька днів. Якщо знадоблюся - дайте знати.
dlga_start:tavern_traveler_talk|Вітаю, друже мій. Мені чомусь здається, що я може стати Вам у нагоді. Я багато подорожую Кальрадією, стежу, поглядаю по боках і можу продати деякі секретики. За гідну плату, звісно ж.
dlga_start:tavern_traveler_lost_companion_thanks|Привіт, {playername}. Кілька днів тому мені довелося побувати у таверні {s11}. І хто, Ви думаєте, там був? Ваш любимець {s10}! Цікаво, еге ж?!
dlga_tavern_traveler_lost_companion_thanks:tavern_traveler_pretalk|Дякую. Я пошукаю {reg3?її:} там.
dlga_tavern_traveler_lost_companion_thanks:tavern_traveler_pretalk.1|Дякую, але мені байдуже.
dlga_start:tavern_traveler_talk.1|Привіт, {playername}.
dlga_tavern_traveler_pretalk:tavern_traveler_talk|Так?
dlga_tavern_traveler_talk:tavern_traveler_tell_kingdoms|Що Ви можете сказати про ці землі?
dlga_tavern_traveler_tell_kingdoms:tavern_traveler_tell_kingdoms_2|Кальрадія розділена на кілька ворогуючих царств. Кожне з них не може остаточно перемогти, але й у світі їм жити не вдається. Тому війни тут майже не припиняються, мордують благодатну землю і тягнуть із неї всі соки. Утім, для шукачів пригод тут саме те місце. При належному везінні й уміннях Ви отримаєте таку славу, багатства й владу, що Вам і не снилися. Можливості, як і нагороди, нескінченні - якщо, звичайно, Ви готові ризикувати життям заради них.
dlga_tavern_traveler_tell_kingdoms_2:tavern_traveler_tell_kingdoms_3|Розкажіть більше про ці можливості.
dlga_tavern_traveler_tell_kingdoms_2:close_window|Дякую. Можете не продовжувати.
dlga_tavern_traveler_tell_kingdoms_3:tavern_traveler_tell_kingdoms_4|Ви, певне, наперед знаєте все, що я можу Вам сказати. Справи у вас, судячи з усього, йдуть зовсім непогано.
dlga_tavern_traveler_tell_kingdoms_3:tavern_traveler_tell_kingdoms_4a|Ворогуючі королівства завжди платять хороші гроші найманцям. Якщо Ви вмієте битися, побалакайте з одним із правителів, і Вам напевно запропонують контракт. Але по-справжньому великі гроші можна отримати, тільки ставши васалом короля. Тоді у Вас будуть свої села, замки й міста, Ви будете збирати податки і доходи з маєтків. Право володіти землею колись належало лише аристократам, але у важкі часи король може зробити своїм васалом будь-якого, хто відзначиться на полі бою.
dlga_tavern_traveler_tell_kingdoms_4a:tavern_traveler_tell_kingdoms_4|Буває і так, що шукачі пригод зовсім відмовляються від заступництва королів Кальдарії, самі оголошують себе королями і починають завойовувати землі. Але це дуже важкий шлях, адже старовинна знать із великим родоводом навряд чи визнає королем якогось вискочку. Таким правителям треба як слід обгрунтувати право на трон, інакше їм загрожуватимуть з усіх боків.
dlga_tavern_traveler_tell_kingdoms_4:tavern_traveler_tell_kingdoms_5|Для шукача пригод, на кшталт Вас, буде краще дати клятву вірності якомусь відомому противнику короля. У Кальрадії багато таких претендентів на трон, які народилися у знатній родині й стверджують, що у них більше прав, аніж у нинішнього короля. А якщо в такої людини з'являться послідовники, то вона цілком може розв'язати війну за престол і, можливо, навіть скинути короля.
dlga_tavern_traveler_tell_kingdoms_5:tavern_traveler_tell_kingdoms_6|Цікаво. І де таких людей шукати?
dlga_tavern_traveler_tell_kingdoms_5:close_window|Гадаю, з мене досить. Дякую.
dlga_tavern_traveler_tell_kingdoms_6:tavern_traveler_pretalk|Життя потенційних претендентів на трон небезпечне, і вони часто живуть у рідному домі. Нерідко їх можна зустріти при чужих дворах: там вони шукають союзників. Іноді до мене доходять деякі цікаві розповіді, і я міг би розповісти, хто де зараз знаходиться. Але не безкоштовно, не безкоштовно.
dlga_tavern_traveler_talk:tavern_traveler_pretender_location|Скажіть мені, де живе претендент на трон.
dlga_tavern_traveler_pretender_location:tavern_traveler_pretender_location_ask|Кого саме Ви шукаєте?
dlga_tavern_traveler_pretender_location_ask:tavern_traveler_pretender_location_ask_2|{s11}
dlga_tavern_traveler_pretender_location_ask:tavern_traveler_pretalk|Неважливо.
dlga_tavern_traveler_pretender_location_ask_2:tavern_traveler_pretender_location_ask_money|За ці відомості я попрохаю трохи, скажімо, 30 динарів.
dlga_tavern_traveler_pretender_location_ask_money:tavern_traveler_pretender_location_tell|Згода. Ось Вам 30 динарів.
dlga_tavern_traveler_pretender_location_ask_money:tavern_traveler_pretalk|Ні, дякую.
dlga_tavern_traveler_pretender_location_tell:tavern_traveler_pretalk|{s15} перебуває зараз у {s11}.
dlga_tavern_traveler_talk:tavern_traveler_companion_location|Я шукаю одну людину...
dlga_tavern_traveler_companion_location:tavern_traveler_companion_location_ask|Можливо, я зможу Вам допомогти. Кого Ви шукаєте?
dlga_tavern_traveler_companion_location_ask:tavern_traveler_companion_location_ask_2|{s11}
dlga_tavern_traveler_companion_location_ask:tavern_traveler_pretalk|Нікого.
dlga_tavern_traveler_companion_location_ask_2:tavern_traveler_companion_location_ask_money|Здається, я знаю, де {s15}. А скажу я це за 30 динарів.
dlga_tavern_traveler_companion_location_ask_money:tavern_traveler_companion_location_tell|Гаразд. Ось Вам 30 динарів.
dlga_tavern_traveler_companion_location_ask_money:tavern_traveler_pretalk|Ні, дякую.
dlga_tavern_traveler_companion_location_tell:tavern_traveler_pretalk|{s15} зараз знаходиться у {s11}.{s12}
dlga_tavern_traveler_talk:close_window|Прощавайте.
dlga_start:tavern_traveler_answer|Вітаю Вас. Кажуть, Вас останнім часом цікавить {s17}. Я там нерідко буваю, а за невеличку винагороду навіть зможу розповісти Вам, що я там бачив. З вас 100 динарів.
dlga_tavern_traveler_answer:tavern_traveler_continue|Ось 100 динарів, розповідайте.
dlga_tavern_traveler_answer:close_window|Ні, дякую, мене це не цікавить.
dlga_tavern_traveler_continue:close_window|Що ж, це все. До побачення.
dlga_start:bookseller_talk|Вітаю, {пане/пані}. Цікавитеся книгами?
dlga_bookseller_talk:bookseller_buy|Так. Покажіть, що у Вас є.
dlga_bookseller_buy:book_trade_completed|Звичайно, {пане/пані}.
dlga_book_trade_completed:bookseller_talk|Щось іще?
dlga_bookseller_talk:close_window|Ні, дякую.
dlga_start:minstrel_1|Вітаю, {благородний пане/шляхетна пані}.
dlga_minstrel_1:minstrel_job_description|Що привело Вас сюди?
dlga_minstrel_1:minstrel_courtship_questions|Мені хотілося б дізнатися про етикет у Кальрадії.
dlga_minstrel_1:minstrel_courtship_poem|Допоможете мені вивчити вірша?
dlga_minstrel_courtship_poem:minstrel_courtship_poem_teach|Я можу прочитати вам поему "Штурм замку кохання". Вона досить коротка, і її нескладно вивчити напам'ять. Поема сповнена алегорій, символіки й метафор. У ній розповідається про хороброго, хоч і грубуватого воїна. Цей воїн завоював серце дами, звернувшись до ідеалів доблесті і ставши шляхетним лицарем. Жінка у цих віршах надихає та водночас облагороджує чоловіків. Цю поему люблять деякі шляхетні пані, але не всі, звісно ж.
dlga_minstrel_courtship_poem:minstrel_courtship_poem_teach.1|Я можу прочитати Вам вірша "Бажання серця". Його можна розглядати як духовний або ж як еротичний твір. У ньому йдеться про те, як закоханий чоловік осягає божественну красу, споглядаючи тіло жінки. Гадаю, ця поема сподобається дамам романтичного складу, а от інших може втомити, а то й гірше - спровокувати скандал.
dlga_minstrel_courtship_poem:minstrel_courtship_poem_teach.2|Я можу розповісти Вам сказання про Каїсе та Лаяле. Це нехитра і, загалом, сумна історія про пастуха Каїсе та дворянку Лаяле. Вони полюбили одне одного, але так і не одружилися. Суть вірша: Каяма, який блукає на самоті, тужить і не може забути свою кохану. Поступово він сходить з розуму. Деяким жінкам подобається солодка біль цієї казки, інші ж бачать у Каїсі лише жалюгідного простака.
dlga_minstrel_courtship_poem:minstrel_courtship_poem_teach.3|Я можу розповісти Вам сагу про Гельгераде та Кару. Звичайно ж, це розповідь про героя, повна крові й битв. Діва-войовниця Кара обрала Гельгерада своїм коханцем, тому що лише він зміг здолати її у відкритому бою. Батько діви збирався видати її за іншого, а тому зібрав синів і воїнів, аби вбити Гельгерада. Почався бій, в якому Кара та її коханий перебили ціле поселення, залишивши в живих тільки улюбленого молодшого брата Кари. На жаль, брат змужнів і помстився за смерть батька, убивши Гельгерада. Сказання про рівних за силою воїнів-коханих лестить деяким жінкам, але інших образ закривавленої кров'ю діви лише відштовхує.
dlga_minstrel_courtship_poem:minstrel_courtship_poem_teach.4|Я можу розтлумачити Вам поему "Суперечка у саду". Це комічний твір, повен сатири на заведений порядок залицянь. Залицяльник проникає в один із садів Форвілли і вдається до солодких промов, аби спокусити свою даму. Та єхидністю відкидає його незграбні спроби. Коли залицяльник остаточно падає духом, дама бере його за руки і каже, що давно мріє про роман, але на своїх власних умовах. Поема в честі у дам з почуттям гумору, а от самозакохані особи вирішать, що над ними просто насміхаються.
dlga_minstrel_courtship_poem_teach:minstrel_courtship_poem_teach_2|Аби вивчити вірш напам'ять, доведеться витратити кілька годин. Зрозуміло, і я чекаю невеликої винагороди за працю. Трьох сотень динарів мені буде досить.
dlga_minstrel_courtship_poem:minstrel_pretalk|Бачу, що Ви вже знайомі з творами, яких я би міг Вас навчити.
dlga_minstrel_courtship_poem_teach_2:minstrel_courtship_poem_teach_3|Так, мені б хотілося вивчити ось це.
dlga_minstrel_courtship_poem_teach_2:minstrel_pretalk|Неважливо.
dlga_minstrel_courtship_poem_teach_3:minstrel_courtship_poem_teach_4|Чудово. Повторюйте за мною:^ Я відбив насмішок лід^ бронею з чистого кохання^ тієї діви, що в мріях кличе^ виконати всі її бажання
dlga_minstrel_courtship_poem_teach_3:minstrel_courtship_poem_teach_4.1|Чудово. Повторюйте за мною:^ Ви є початок і кінець,^ як світ безкрайній.^ Любов - не стільки дзвін кілець,^ як сон, де третій - зайвий.^ І сну моєму, як амфорі без дна,^ Хоч користі ніц, та є своя ціна
dlga_minstrel_courtship_poem_teach_3:minstrel_courtship_poem_teach_4.2|Чудово. Повторюйте за мною:^ Вітер, що летить конем по степу,^ колихне і фіранку на вікні.^ За вікном тим зараз ти не спиш,^ а я марю, наче в п'яному сні.^ Крикну я вітру, нехай полетить^ і повертається з тінню слів^ Хай принесуть плоди молитви -^ відгук коханої, на крилах птахи
dlga_minstrel_courtship_poem_teach_3:minstrel_courtship_poem_teach_4.3|Чудово. Повторюйте за мною:^ Тут діва-войовнича метнула спис у ціль.^ Такого страшного удару аж досіль^ Могутній син Зіглинди не відбивав щитом.^ Із стали іскри бризнули і засвітилися стовпом.
dlga_minstrel_courtship_poem_teach_3:minstrel_courtship_poem_teach_4.4|Чудово. Повторюйте за мною:^ Ні шовк із Форвілли, ні хутро з Кудана^ не замінять тобі вуста мої.^ Я дарую поцілунки коханим, але дивно -^ не маю до тебе ніжних почуттів.^ Говориш про дари? Так хизуйся, не соромся.^ Може статися, ми ще поберемося.
dlga_minstrel_courtship_poem_teach_4:minstrel_learn_poem_continue|Я відбив насмішок лід...
dlga_minstrel_courtship_poem_teach_4:minstrel_learn_poem_continue.1|Ви є початок і кінець...
dlga_minstrel_courtship_poem_teach_4:minstrel_learn_poem_continue.2|Вітер, що летить конем по степу...
dlga_minstrel_courtship_poem_teach_4:minstrel_learn_poem_continue.3|Тут діва-войовнича метнула спис у ціль...
dlga_minstrel_courtship_poem_teach_4:minstrel_learn_poem_continue.4|Ні шовк із Форвілли...
dlga_minstrel_courtship_poem_teach_4:minstrel_courtship_poem_teach_reject|Фу-у... Що це за словоблуддя?
dlga_minstrel_courtship_poem_teach_reject:minstrel_pretalk|Видно, така поезія Вам не до вподоби. Можете залишити гроші собі, але пам'ятайте - поема хороша, якщо вона не подобається Вам, то це ще не означає, що не спообається Вашії публіці. І якщо раптом захочете вивчити відомі мені рядки - звертайтеся.
dlga_minstrel_learn_poem_continue:close_window|Непогано, але попереду ще багато строф. Слухайте уважно...
dlga_minstrel_1:minstrel_gossip|Можете розповісти мені про тутешніх дівчат на виданні?
dlga_minstrel_gossip:minstrel_gossip_select|Про кого саме Ви хочете дізнатися?
dlga_minstrel_gossip_select:minstrel_gossip_maiden_selected_2|Просто розкажіть мені останні плітки.
dlga_minstrel_gossip_select:minstrel_gossip_maiden_selected|{s10}
dlga_minstrel_gossip_select:minstrel_pretalk|Нічого.
dlga_minstrel_gossip_maiden_selected:minstrel_gossip_maiden_selected_2|{s16}
dlga_minstrel_gossip_maiden_selected_2:minstrel_postgossip|{s12}.
dlga_minstrel_gossip_maiden_selected_2:minstrel_postgossip.1|{s12}.
dlga_minstrel_gossip_maiden_selected_2:minstrel_postgossip.2|{s12}.
dlga_minstrel_postgossip:minstrel_pretalk|Як цікаво... Давайте краще побалакаємо про інші речі.
dlga_minstrel_postgossip:minstrel_gossip|Дуже цікаво, а інші новини є?
dlga_minstrel_postgossip:minstrel_duel_confirm|Що? Я зарублю цю потвору своїм мечем!
dlga_minstrel_duel_confirm:minstrel_duel_confirm_2|Ви серйозно? Закон честі вимагає від {s11} прийняти Ваш виклик. Однак змушувати дворянина битися через жінку доволі необачно навіть у наші нелегкі часи.
dlga_minstrel_duel_confirm_2:minstrel_duel_issued|Так, я змушу {s11} відмовитися від домагань на {s12}.
dlga_minstrel_duel_confirm_2:minstrel_pretalk|Ладно, нехай мої почуття залишаться при мені.
dlga_minstrel_duel_issued:minstrel_pretalk|Як побажаєте. Я розпущу звістка про ваші наміри, щоб {s13} не зумів піти від відповіді...
dlga_minstrel_1:minstrel_courtship_locations|Чули про майбутні свята?
dlga_minstrel_courtship_locations:minstrel_pretalk|{s12}
dlga_minstrel_1:close_window|До зустрічі.
dlga_minstrel_courtship_questions:minstrel_courtship_questions_2|Що Ви хочете дізнатися?
dlga_minstrel_courtship_prequestions:minstrel_courtship_questions_2|У вас є ще якісь запитання?
dlga_minstrel_courtship_questions_2:minstrel_player_role|Є для мене місце в любовній грі?
dlga_minstrel_courtship_questions_2:minstrel_player_advice_meet|Як кавалеру зустрітися з дамою?
dlga_minstrel_courtship_questions_2:minstrel_player_advice_woo|Якщо кавалер зустріне даму, як він повинен за неї залицятися?
dlga_minstrel_courtship_questions_2:minstrel_nobles|Розкажіть мені про весільні традиції Кальрадії.
dlga_minstrel_nobles:minstrel_nobles_2|Знатні - люди дивні. У Кальрадії, донька, є свого роду політичним товаром і віддається тому правителю, з яким її батько бажає укласти союз. Знатні сімейства цих земель люблять говорити про високу любов між чоловіком і жінкою, але це тільки слова. Доблесні воїни ллють скупі сльози, почувши історію Сахіри і Джануна, але це не заважає їм розбивати серця рідних дочок.
dlga_minstrel_nobles_2:minstrel_nobles_3|Звичайно, батько батькові не рівня. Одні вельможі Кальрадії дозволяють дочкам вибирати собі чоловіків по любові. Інші вважають, що дарувати доньці право вибору - значить підставити під сумнів свою владу в домі. Такі вибирають наречених, не замислюючись над почуттями дітей.
dlga_minstrel_nobles_3:minstrel_prequestions|Але більшість панів дотримуються золотої середини: вони самі приймають рішення про весілля, але прислухаються до бажань дочки. Зрештою, щасливий шлюб приносить більше спадкоємців. Так що, дотримуючись правил залицяння, можна домогтися багато чого.
dlga_minstrel_courtship_questions_2:minstrel_daughter_father|А якщо батько і дочка розходяться у виборі нареченого?
dlga_minstrel_daughter_father:minstrel_daughter_father_2|Деколи буває, що наречена тікає з дому. Така витівка сильно б'є по престижу сім'ї та стає причиною довгих суперечок. Через оду жінку може розгорітися ціла війна! Це дасть відмінну тему як для пісень, так і для пересудів.
dlga_minstrel_daughter_father_2:minstrel_prequestions|Але більшість наречених підкоряються волі батьків. Для знатної дами сім'я - це все. Втекти з дому і ризикнути всім заради малознайомої людини - для цього потрібен особливий характер. Тому найчастіше діва сумує про коханого, але підкоряється волі батьків. Але якщо б не було на світі розбитих сердець, про що б співали бандуристи?
dlga_minstrel_player_role:minstrel_player_role_2|Ясна річ! Правителі Кальрадії свято шанують свої родоводи, але якщо в тебе немає грошей і земель, то й від родоводу толку - пшик. А тому навіть іноземець може стати завидною партією для багатьох тутешніх сімей.
dlga_minstrel_player_role_2:minstrel_player_role_3|Втім, в амурних справах доведеться змагатися з місцевими правителями, а це буде нелегко, вони знають тутешніх дівчат з дитинства і давно зійшлися з матерями і тітоньками майбутніх наречених. Може статися, що дама буде рада суспільству незнайомця, але все одно піде заміж за давно відомого їй чоловіка.
dlga_minstrel_player_role_3:minstrel_prequestions|Знайте, серце вам можуть розбити не раз і не два, але той, хто боїться поразок в любові, той не вкусить і плодів перемоги. Будьте хоробрі, не падайте духом із-за відмов і в підсумку перемога залишиться за вами.
dlga_minstrel_player_role:minstrel_female_player_3|Пані, я скажу прямо - більшість тутешніх правителів цінують скромних жінок з алебастровою шкірою. Ви ж, скажімо так, статніша, та й шкіра у вас засмагла і обвітрена. Їм подавай голос, подібний дзюрчання струмочка, ваш же загартований бойовими кличем. І ще одне: багато правителів Кальрадії люблять послухати вірші про кохання, але в підсумку хочуть спадкоємців... а битися, мандрувати і виховувати дитя одночасно можуть лише деякі.
dlga_minstrel_female_player_3:minstrel_prequestions|Правда, не всі правителі такі недалекоглядні. Та й серед любовних віршів ні-ні, та й прослизне поема про мисливицю чи щитоносну діву, які пробили собі дорогу в житті і були щасливі в любові. Я не кажу, що вам буде легко знайти такого розуміючого чоловіка, проте немає нічого неможливого.
dlga_minstrel_courtship_questions_2:minstrel_spouse_benefits|Які переваги може дати {заміжжя/одруження}?
dlga_minstrel_spouse_benefits:minstrel_wife_benefits_2|А Ви романтик! Ну, окрім очевидної радості від любовних утіх, стогонів під місяцем і домашнього затишку, шлюб з нащадком знатного роду дає великі переваги. Ви можете укласти міцний союз з родиною нареченої, і сама ваша дружина допоможе вам розібратися в політичних хитросплетіннях Кальрадії.
dlga_minstrel_wife_benefits_2:minstrel_prequestions|Що ще більш важливо, що велика частина знатних сімей країни так чи інакше має кровну спорідненість з королівською династією. А це означає, що у вас з'явиться право боротися за престол...
dlga_minstrel_spouse_benefits:minstrel_wife_benefits_2.1|Виявляється, Ви любите романтику! Ну, окрім очевидної радості від любовних утіх, стогонів під місяцем і домашнього затишку, шлюб з нащадком знатного роду дає великі переваги. Ви можете отримати доступ до замків і майна нареченого, представляти його інтереси в справах управління землями.
dlga_minstrel_player_advice_meet:minstrel_player_advice_meet_2|Час від часу король або великий правитель Кальрадії влаштовують свята, які супроводжуються бенкетами, а в містах - ще й турнірами. У замкових ж землях влаштовують полювання. Кожне свято - це можливість залагодити колишні розбіжності, які підточують сили королівства. Тоді ж виводять у світ готових до заміжжя дочок, причому їх часто залишають одних і дозволяють розмовляти з гостями без нагляду.
dlga_minstrel_player_advice_meet_2:minstrel_prequestions|При можливості Ви можете зробити жінці комплімент. Дама зрозуміє, що перед нею ще один залицяльник, а тому дасть вам знати, чи хоче розвитку ваших відносин. Якщо до цього Ви з успіхом билися на турнірі або проявили себе на полюванні, то зможете справити сильне враження.
dlga_minstrel_player_advice_woo:minstrel_player_advice_woo_2|Відразу ж засвататися до дами не можна - для цього доведеться запастися терпінням і кілька раз побачитися з нею. Часом побачення розтягуються на місяці. Якщо дама захоче вас бачити, вона стане знаходити способи закликати вас до себе. Звичайно, Ви можете просто вирушити до її брата або батька і попросити дозволу на зустріч. Але якщо опікун вам відмовить, у вас залишиться можливість зустрітися з дамою потайки.
dlga_minstrel_player_advice_woo_2:minstrel_player_advice_woo_3|Призначивши зустріч, Ви можете спробувати домогтися прихильності дами. Напевно, найскладнішим буде знайти спільну тему для розмови. Велика частина кальрадских жінок веде самітницький спосіб життя, принаймні до заміжжя. Так що розповідати їм майже нічого. З іншого боку, пані можуть набриднути ваші оповідання про ратні подвиги.
dlga_minstrel_player_advice_woo_3:minstrel_player_advice_woo_4|Є один перевірений спосіб залицяння - прочитати відомий твір, а потім його обговорити. Тоді Ви обидва будете розуміти суть питання - ні вона, ні Ви не опинитеся у виграші в частині знань і досвіду. Але самі розумієте, скільки людей - стільки і думок про поезію.
dlga_minstrel_player_advice_woo_4:minstrel_player_advice_woo_5|В якийсь момент можна починати розмову про шлюб. Дама дасть вам зрозуміти, чого вона чекає від майбутнього чоловіка. Одні дами холоднокровно оцінюють вигоду, інші більше покладаються на почуття. Одні будуть придивлятися до вашим супутникам в надії зрозуміти, чи будете Ви приймати їх за рівних, інші ж просто будуть слідувати волі батька.
dlga_minstrel_player_advice_woo_5:minstrel_prequestions|При будь-якому розкладі залицяння - справа непроста. Не забувайте, що навіть домігшись розташування дами, Ви завжди можете спіткнутися об політичні погляди її батька. Так що подумайте зайвий раз, чи хочете Ви ризикнути і підставити серце під удар? Звичайно, є ще один варіант: поступитися становищем у суспільстві, наплодити ворогів і зривати плоди забороненого кохання. Якщо Ви готові до такого ризику, то хто знає - може, з часом і Ви станете героєм поем.
dlga_minstrel_courtship_questions_2:minstrel_job_description|Ще раз, чим займається ваша творче браття?
dlga_minstrel_job_description:minstrel_courtship_prequestions|Я придумую і записую пісні для правителів цієї землі. Часом я співаю і про війну, і про доблесті королів... А для найвимогливішої публіки я оспівую принади вина. Але найчастіше від мене чекають пісень про кохання.
dlga_minstrel_courtship_questions_2:minstrel_pretalk|Ні, це все.
dlga_minstrel_prequestions:minstrel_courtship_questions_2|У Вас залишилися інші питання?
dlga_minstrel_pretalk:minstrel_1|Щось іще?
dlga_start:farmer_from_bandit_village_1|{Мілорде/Міледі}! Ви, бачу, мечем махати вмієте! Чи не буде Вам за складність допомогти нам, га? Допоможете?
dlga_farmer_from_bandit_village_1:farmer_from_bandit_village_2|Що таке?
dlga_farmer_from_bandit_village_1:farmer_from_bandit_village_2.1|Що ти там бормочеш? Кажи, у чому річ!
dlga_farmer_from_bandit_village_2:farmer_from_bandit_village_3|Так-от бандити, дідько б їх побрав, засіли в нас у селі. Їжу позабирали, усяко-різно повідбирали, жінок наших лякають, мучителі! Нервів на них уже немає! Я ось утік - тепер от допомоги шукаю.
dlga_farmer_from_bandit_village_3:farmer_from_bandit_village_4|Чому б Вам не звернутися до свого лорда? Він повинен дбати про Вас.
dlga_farmer_from_bandit_village_4:farmer_from_bandit_village_5|Так ходив я, {пане/пані}, та мене до нього й на поріг не пустили. Кажуть, зайняті вони, велять самим розбиратися треба. А Ви з вигляду {благородний такий/така благородна}, і воювати навчені! Уже, якщо хто нам допоможе, так лише Ви, {пане/пані}!
dlga_farmer_from_bandit_village_5:farmer_from_bandit_village_accepted|Гаразд, я допоможу Вам. Де Ваше село?
dlga_farmer_from_bandit_village_5:farmer_from_bandit_village_denied|У мене зараз інші справи.
dlga_farmer_from_bandit_village_5:farmer_from_bandit_village_barter|А з чого б мені з ними битися? Що це мені дасть?
dlga_farmer_from_bandit_village_accepted:close_window|Бережи Вас Боже, {пане/пані}! Село наше зветься {s7}. Воно он, поруч зовсім.
dlga_farmer_from_bandit_village_denied:close_window|Ех, ну що ж, {пане/пані}... Вибачайте тоді.
dlga_farmer_from_bandit_village_barter:farmer_from_bandit_village_5|Ми народ небагатий, {пане/пані}, так бандити-кровопивці проклятущі все майже повідбирали. Але що є - поділимося всім, можете не сумніватися! Усе життя будемо за Вас бога молити.
dlga_start:close_window.37|Величезне дякую, що допомогли мені повернутися! Незабаром я побачу свою родину! Прощавайте!
dlga_start:mercenary_tavern_talk|Вам потрібні найманці, {пане/пані}? {reg3?Я і {reg4?{reg3} мої товариші:один із моїх товаришів} шукаємо:я шукаю} господаря. Ми готові приєднатися до Вас за {reg5} динарів.
dlga_start:mercenary_after_recruited|Якісь накази, {пане/пані}?
dlga_mercenary_after_recruited:mercenary_after_recruited_2|Готуйтеся. Виходимо на світанку.
dlga_mercenary_after_recruited:mercenary_after_recruited_2.1|Можна не поспішати. Поки що ми з міста нікуди не підемо.
dlga_mercenary_after_recruited_2:close_window|Слухаюся, {пане/пані}. Щойно Ви скажете, ми будемо готові.
dlga_mercenary_tavern_talk:mercenary_tavern_talk_hire|Гаразд. Я візьму до загону всіх Вас. Мені на Вас {reg5} динарів не шкода.
dlga_mercenary_tavern_talk:mercenary_tavern_talk_hire.1|Добре. Але я можу найняти лише {reg6} з вас. Ось {reg5} динарів.
dlga_mercenary_tavern_talk_hire:close_window|{s17}
dlga_mercenary_tavern_talk:tavern_mercenary_cant_lead|Звучить непогано. Але я не можу собі зараз дозволити наймати нових людей.
dlga_tavern_mercenary_cant_lead:close_window|Прикро, нічого й не скажеш. Ну що ж, {reg3?ми будемо:я буду} поблизу тут деякий час, якщо раптом надумаєте кого-небудь найняти.
dlga_mercenary_tavern_talk:tavern_mercenary_cant_lead.1|Звучить непогано. Але наразі я не можу набирати людей.
dlga_mercenary_tavern_talk:close_window|Прошу вибачення. Мені зараз не потрібні нові люди.
dlga_start:trainer_intro_1|Добрий тобі день, {хлопче/дівчино}. Шукаєш пригод? Долю за хвіст тягнеш? Ех, повір мені на слово, ти тут довго не проживеш, коли не будеш знати, як вибратися з неприємної ситуації.
dlga_trainer_intro_1:trainer_intro_2|Дякую за пораду. Це місце виглядає, як тренувальний майданчик. Можливо, я можу що-небудь дізнатися тут про бої?
dlga_trainer_intro_2:trainer_intro_3|Звичайно, можеш. Я старий солдат. Все моя життя пройшло в боях. А тут я муштрую зелених новачків. Я підберу тобі партнерів для тренування, якщо хочеш. А якщо у тебе питання по військовій науці, так не соромся, питай.
dlga_trainer_intro_3:trainer_intro_4a|Так, у мене є кілька питань.
dlga_trainer_intro_3:trainer_intro_4b|Взагалі-то, я вже можу перейти до практики.
dlga_trainer_intro_4a:trainer_talk_combat|Ну, питай, що хочеш.
dlga_trainer_intro_4b:trainer_practice_1|Добре. Приємно бачити твоє прагнення до перемоги. Давай-но подивимось, що ти можеш.
dlga_start:trainer_practice_1|Це був хороший бій.
dlga_start:trainer_practice_1.1|Ха! Що це ти раптом шкутильгаєш? Не переживай, поразка має таку ж цінність як і перемог, якщо вміти на них вчитися. Переведи дух і повертайся. Інших способів перемогти не існує.
dlga_start:trainer_talk|Добрий день. Хочеш потренуватися?
dlga_trainer_pretalk:trainer_talk|Гей, як щодо тренування?
dlga_trainer_talk:trainer_practice_1|Трохи практики мені б не завадило.
dlga_trainer_talk:trainer_combat_begin|Для початку розкажіть мені що-небудь про бої...
dlga_trainer_talk:close_window|Мені пора йти. Прощавайте.
dlga_trainer_combat_begin:trainer_talk_combat|Що ти хочеш дізнатися?
dlga_trainer_combat_pretalk:trainer_talk_combat|Що ще ти хочеш дізнатися?
dlga_trainer_talk_combat:trainer_explain_defense|Розкажіть мені, як захищатися.
dlga_trainer_talk_combat:trainer_explain_attack|Розкажіть мені про напад зі зброєю.
dlga_trainer_talk_combat:trainer_explain_horseback|Розкажіть, як битися в сідлі.
dlga_trainer_talk_combat:trainer_pretalk|Думаю, всю теорію я вже знаю. Давайте поговоримо про що-небудь інше.
dlga_trainer_explain_defense:trainer_explain_defense_2|Гарне питання. Перше, чому потрібно навчитися, це правильний захист. Вберегтися від ран самому набагато важливіше, ніж завдати шкоди іншим. На вдачу махати мечем будь-хто може, тільки ж треба не тільки людей навколо повбивати, але і живим з бою вийти.
dlga_trainer_explain_defense_2:trainer_explain_defense_3|Так ось. Захищатися простіше всього, якщо у тебе є щит. Просто став блок щитом. [Утримуйте праву кнопку миші, щоб поставити блок щитом]. У такій ситуації ти зможеш відбивати всі атаки, що йдуть попереду. Однак твої фланги і твій тил, як і раніше, залишуться відкритими.
dlga_trainer_explain_defense_3:trainer_explain_defense_4|Що робити, якщо у мене немає щита?
dlga_trainer_explain_defense_4:trainer_combat_pretalk|Тоді блокуй зброю суперника власною зброєю. Це трохи складніше, ніж захищатися щитом. Зброєю ти можеш поставити блок лише від ОДНІЄЇ атаки. Тобто, ти ставиш верхній блок, бічні блоки, або блокуєш випад. А тому треба уважніше стежити за суперником: починай блокувати удар тільки ПІСЛЯ того, як твій супротивник почне атаку. Так ти поставиш потрібний для такої атаки блок. Якщо ж ти почнеш ДО того, як почне рух твій супротивник, він встигне змінити напрям удару, і твій блок не допоможе.
dlga_trainer_explain_attack:trainer_explain_attack_2|Гарне питання. Кажуть, напад - найкращий захист. Багато бійців воліють встати в атакуючу стійку і готувати зброю до удару. Тоді залишається дочекатися слушного моменту і завершити удар. [Щоб приготувати зброю до атаки, натисніть і утримуйте ліву кнопку миші.]
dlga_trainer_explain_attack_2:trainer_explain_attack_3|Думаю, мені це стане в нагоді.
dlga_trainer_explain_attack_3:trainer_explain_attack_4|Це хороша тактика, але пам'ятай, що твій супротивник може побачити це і заздалегідь поставити блок проти твого удару. Якщо це станеться, потрібно переривати атаку та швидко атакувати з іншого напрямку. [Щоб скасувати поточну атаку, клацніть правою кнопкою миші].
dlga_trainer_explain_attack_4:trainer_explain_attack_5|Якщо мій супротивник ставить захист в тому напрямку, в якому я атакую, я перериваю удар і б'ю по-іншому.
dlga_trainer_explain_attack_5:trainer_combat_pretalk|Так, вибрати, куди бити - це найважливіше вміння. Основних напрямів чотири: удар справа, удар зліва, удар зверху і випад. [Стандартно, аби контролювати напрям удару, посуньте мишу у напрямку, з якого потрібно почати удар, утримуючи ліву кнопку миші].
dlga_trainer_explain_horseback:trainer_combat_pretalk|Відмінне питання. Кінь може стати наймогутнішою зброєю воїна під час битви. Він дає швидкість, висоту, силу та ініціативу. Різні види зброї стають ще більш смертоносними в руках вершника. Проте особливу увагу треба приділити вершникам з списами: вони можуть убити будь-якого суперника одним ударом. [Щоб використовувати спис, візьміть в руку спис або іншу аналогічну зброю і пустіть коня в галоп, не натискаючи клавіші атаки і захисту. Коли Ви досягнете необхідної швидкості, спис опуститься. Тепер спробуйте націлитися на своїх ворогів, керуючи тільки конем.]
dlga_trainer_practice_1:trainer_practice_1|Я навчаю новачків на чотирьох рівнях, кожен складніший за попередній. Щоб завершити один рівень і перейти на наступний, тобі потрібно буде виграти три поєдинки поспіль.
dlga_trainer_practice_1:novicemaster_are_you_ready|У тебе за плечима всі ступені навчання. Але якщо хочеш, можеш попрактикуватися ще. Спробуєш?
dlga_trainer_practice_1:trainer_practice_1.1|Добре, {хлопче/дівчино}. Завдяки цій перемозі ти проходиш на наступний рівень тренувань. Відтепер твої супротивники - вправні бійці, а не голодранці, так що тримайся.
dlga_trainer_practice_1:trainer_practice_1.2|Відмінно, {хлопче/дівчино}. Ласкаво просимо на третій рівень тренувань. Тепер твоїми суперниками будуть бійці-ветерани - професійні солдати, бійці арени і тому подібні. Ці хлопці знають безліч хитрощів, так що захищайся як слід.
dlga_trainer_practice_1:trainer_practice_1.3|У тебе серце переможця, {хлопче/дівчино}, міцна рука. Тепер твоїми суперниками будуть інші переможці. Це еліта - найкращі воїни, яких я тренував. Якщо зможеш перемогти трьох поспіль, станеш {одним/однією} з них.
dlga_trainer_practice_1:novicemaster_finish_training|Моє серце зраділо при погляді на твої таланти. Всі стадії навчання пройдені. Тепер ти можеш відкрито говорити, що майстер тренувального майданчика навчив тебе всьому, що міг, і залишився задоволений тобою.
dlga_novicemaster_finish_training:novicemaster_finish_training_2|Дякую вам, майстер.
dlga_novicemaster_finish_training_2:close_window|Бажаю успіху в змаганнях. І не забудь, якщо захочеш попрактикуватися у фехтуванні, прийди і скажи.
dlga_trainer_practice_1:novicemaster_are_you_ready.1|Твій наступний суперник - {s9}. Тобі потрібно пройти ще {reg8} боїв. А потім ти перейдеш на наступний етап. Починаємо?
dlga_novicemaster_are_you_ready:novicemaster_ready_to_fight|Так.
dlga_novicemaster_ready_to_fight:close_window|Тоді вперед. Удачі!
dlga_novicemaster_are_you_ready:novicemaster_not_ready|Почекайте хвилинку. Мені треба підготуватися.
dlga_novicemaster_not_ready:close_window|Гей, без тренувань досягти успіху у фехтуванні неможливо.
dlga_start_craftsman_soon:close_window|Добрий день, {Мілорд/Міледі}. Ми сподіваємося почати виробництво протягом {reg4} днів.
dlga_start:master_craftsman_talk|Добрий день, {Мілорд/Міледі}. Ми пишаємося тим, що Ви вирішили відвідати нас. Що вам потрібно?
dlga_master_craftsman_pretalk:master_craftsman_talk|Дуже добре, {мій Лорд/Міледі}. Вам потрібно що-небудь ще?
dlga_master_craftsman_talk:master_craftsman_accounts|Пройдемося по рахунках.
dlga_master_craftsman_talk:master_craftsman_pretalk|Давайте перевіримо запаси.
dlga_master_craftsman_talk:master_craftsman_pretalk.1|Продавайте весь товар, який виробляєте.
dlga_master_craftsman_talk:master_craftsman_pretalk.2|Збережіть всі товари на складі, до мого приїзду.
dlga_master_craftsman_accounts:master_craftsman_pretalk|В даний час ми виробляємо {s3} за ціною {reg1} динарів в тиждень, в той час як кількість {s4}, необхідних для виробництва рівна {reg2}, а вартість праці і утримання {reg3}. {s9} Це означає, що теоретично ми отримуємо {s12} {reg0} динарів на тиждень, при умові, що у нас немає сировини в запасах, і що ми безпосередньо продаємо все на ринку.
dlga_master_craftsman_talk:master_craftsman_production_options|Не могли б Ви пояснити деякі деталі, пов'язані з виробництвом?
dlga_master_craftsman_production_options:master_craftsman_production_options_2|Звичайно, {Мілорд/Міледі}. Велику частину часу, найбільш вигідним варіантом для вас думаю буде, наказати нам купувати сировину і продавати готові вироби безпосередньо на ринку. Тому що наші давні відносини з місцевими торговцями, зазвичай дозволяють отримати дуже хорошу ціну.
dlga_master_craftsman_production_options_2:master_craftsman_pretalk|Однак, якщо Ви виявите, що можете купувати сировину дешевше за межами {s5}, то можете розміщувати їх в запаси, і ми будемо використовувати цю сировину, а не купувати на ринку. Крім того, якщо Ви відчуваєте, що можете отримати більш високу ціну за готову продукцію в інших містах, то можете попросити нас, що б ми зберігали всю готову продукцію на складі а не продавали.
dlga_master_craftsman_talk:master_craftsman_auction_price|У мене більше немає можливості підтримувати це підприємство.
dlga_master_craftsman_auction_price:master_craftsman_auction_decide|Шкода, {Мілорд/Міледі}. Якщо ми продамо землю та обладнання, а також запаси. Я вважаю, що ми зможемо отримати {reg4} динарів.
dlga_master_craftsman_auction_decide:master_craftsman_liquidation|Звучить не погано. Продавайте...
dlga_master_craftsman_auction_decide:master_craftsman_pretalk|Гм.. Мені потрібно обдумати це питання..
dlga_master_craftsman_liquidation:close_window|Як вам буде завгодно. Це була честь для мене працювати на вас.
dlga_master_craftsman_talk:close_window.1|Наразі це все, бувайте.
dlga_start:mayor_begin|Добрий день, мій пане.
dlga_start:mayor_talk|Ласкаво просимо в {s9}. Я гільдмайстер цього міста.
dlga_start:mayor_begin.1|Добрий день вам, {playername}.
dlga_mayor_begin:lord_persuade_lords_to_make_peace_completed|Здавалося, що {s14} і {s15} - непримиренні вороги, але вам, {playername}, вдалося досягти миру між ними. Ви врятували наше місто і сотні невинних душ. Біди й прикрощі залишили на даний час наш край. Що ж до наших зобов'язань, знайте, що люди {s19} вірні своєму слову, і ми готові заплатити обіцяні {reg12} динарів.
dlga_lord_persuade_lords_to_make_peace_completed:lord_persuade_lords_to_make_peace_pay|Спасибі. Тепер давайте гроші.
dlga_lord_persuade_lords_to_make_peace_completed:lord_persuade_lords_to_make_peace_no_pay|Не потрібно грошей - кожен на моєму місці вчинив би так само.
dlga_lord_persuade_lords_to_make_peace_pay:close_window|О, так, звичайно. Ми вже приготували гроші для вас. Ось, будь ласка! Навіть {reg12} динарів буде недостатньо, щоб висловити нашу подяку. І я, і інші городяни не забудемо вашу допомогу.
dlga_lord_persuade_lords_to_make_peace_no_pay:close_window|Ви, справді, дивовижний чоловік, {пане/пані}! Знайомство з вами для мене велика честь. Ви не тільки поклали кінець цій жахливій війні, але і від нагороди відмовляєтеся. Звичайно, я не буду наполягати, але хочу, щоб Ви знали: ми завжди будемо згадувати вас у наших молитвах.
dlga_mayor_begin:lord_deal_with_night_bandits_completed|Прекрасна робота, {playername}, швидко Ви розібралися з цими мерзотниками. Дякую за всю вашу допомогу. Прийміть, будь ласка, винагороду в розмірі 150 динарів.
dlga_lord_deal_with_night_bandits_completed:close_window|Мені було приємно допомагати вам, {s65}.
dlga_mayor_begin:mayor_looters_quest_response|А, {playername}. Як ваші успіхи?
dlga_mayor_looters_quest_response:mayor_looters_quest_destroyed|Мені вдалося вбити кілька грабіжників.
dlga_mayor_looters_quest_response:mayor_looters_quest_goods|У мене є для вас деякі товари.
dlga_mayor_looters_quest_response:close_window|Ще немає. Прощавайте.
dlga_mayor_looters_quest_destroyed:mayor_looters_quest_destroyed_2|Так, мої спостерігачі мені все розповіли. Вони кажуть, тепер ці тварюки двічі подумають, перш ніж творити беззаконня в наших краях! Я вам обіцяв по 40 динарів за кожну зграю. Так і буде! Тримайте {reg1} динарів.
dlga_mayor_looters_quest_destroyed_2:close_window|І це не єдина хороша новина! Завдяки вам розбійники нам більше не загрожують! Вже досить довго їх ніхто не бачив: якщо хто з них і залишився в живих, вони або втекли, або поховалися. Це дуже добре для торгівлі, а що добре для торгівлі, добре і для всього міста. Думаю, на цьому наша угода виконана, {playername}. Будь ласка, прийміть це срібло в подяку. Прощавайте! Бережи вас Бог.
dlga_mayor_looters_quest_destroyed_2:mayor_looters_quest_response|Вам що-небудь ще потрібно?
dlga_mayor_looters_quest_goods:mayor_looters_quest_goods_response|Ха, я знав, що можу на вас розраховувати! Просто скажіть мені, що треба забрати з вашої поклажі, і я пошлю своїх людей. Мені все ще потрібні товари не дешевше {reg1} динарів.
dlga_mayor_looters_quest_goods_response:mayor_looters_quest_goods_2|{s5}.
dlga_mayor_looters_quest_goods_response:mayor_looters_quest_goods_3|В даний момент нічого, пане.
dlga_mayor_looters_quest_goods_3:mayor_looters_quest_response|Вам що-небудь ще потрібно?
dlga_mayor_looters_quest_goods_2:mayor_looters_quest_goods_response|Добре, ось гроші за товар. {s6} - це відмінно. У вас є які-небудь ще товари на {reg1} динарів?
dlga_mayor_looters_quest_goods_2:close_window|Хороша робота, {playername}. Більше мені нічого не потрібно. Ось гроші за {s6} і ще трохи за допомогу. Боюся, я більше не зможу платити за товари і виплачувати винагороду за грабіжників, але Ви можете продовжувати полювати на них - якщо вони вам раптом зустрінуться. Дякую за допомогу, я цього не забуду.
dlga_mayor_begin:close_window|Приємно знову бачити вас, {playername}. Я чув, Ви успішно доставили худобу. Я розповім купцям, що на вас можна розраховувати. А ось і плата, {reg8} динарів.
dlga_mayor_begin:move_cattle_herd_failed|Я чув, Ви втратили худобу по дорозі в {s9}. Мені буде дуже складно пояснити ваш промах господареві стада, {пане/пані}. Що Ви на це можете сказати?
dlga_move_cattle_herd_failed:move_cattle_herd_failed_2|Мені дуже шкода. На мене напали по дорозі.
dlga_move_cattle_herd_failed:move_cattle_herd_failed_2.1|Мені шкода. Ці безмозкі тварини розбрелися вночі.
dlga_move_cattle_herd_failed_2:merchant_ask_for_debts|Що ж, Ви були зобов'язані перегнати стадо будь-якою ціною. Вам, мабуть, відомо, що власник стада зажадав відшкодувати збитки, і мені довелося заплатити йому 1000 динарів. Так що тепер Ви винні мені ці гроші.
dlga_mayor_begin:close_window.1|{Дорогий/дорога} {playername}. Ви повернули моєму другу доньку, і я в неоплатному боргу перед вами. Щоб віддячити вас, {reg8} динарів буде, звичайно, недостатньо, але це все, що у мене є. Мій друг хотів би дати більше, але йому довелося заплатити викуп, і це підкосило його справи.
dlga_mayor_begin:mayor_friendly_pretalk|Кажуть, вам вдалося вистежити бандитів і показати їм, що буває з тими, хто влаштовує засідки на торгових шляхах. Ось ваша винагорода - {reg5} динарів. Ви їх з честю заслужили, і ми вам дуже вдячні.
dlga_mayor_begin:mayor_friendly_pretalk.1|Я чув про ваші діяння. Ви покарали цих розбійників по заслузі. Правду про вас кажуть - Ви майстер своєї справи. Щоб віддячити вас, {reg5} динарів буде, звичайно, недостатньо, але більше у мене немає: ці бандити ледве не розорили мене.
dlga_mayor_begin:merchant_ask_for_debts|Згідно з моїми записами, Ви заборгували гільдії торговців {reg1} динарів. Я б хотів отримати ці гроші зараз.
dlga_merchant_ask_for_debts:merchant_debts_paid|Гаразд, тримайте.
dlga_merchant_debts_paid:mayor_pretalk|Відмінно! Я дам знати своїм побратимам по гільдії, що Ви розплатилися з боргами.
dlga_merchant_ask_for_debts:merchant_debts_not_paid|Боюся, що не можу виплатити цю суму зараз.
dlga_merchant_debts_not_paid:close_window|Тоді, боюся, я не зможу мати з вами більше справ. За правилами цеху... Без {reg1} динарів можете і не повертатися. І знайте, на ваш борг будуть нараховані відсотки. Так що, чим швидше Ви заплатите, тим краще.
dlga_mayor_begin:mayor_talk|Що я можу для вас зробити?
dlga_mayor_friendly_pretalk:mayor_talk|Зараз... що я ще можу для вас зробити?
dlga_mayor_pretalk:mayor_talk|Так?
dlga_mayor_talk:mayor_info_begin|Ви можете мені розповісти про те, що робите?
dlga_mayor_talk:merchant_quest_requested|У вас часом немає для мене ніякої роботи?
dlga_mayor_talk:merchant_quest_last_offered_job|Щодо тієї роботи, що Ви мені запропонували...
dlga_mayor_talk:merchant_quest_about_job|Що стосується роботи, яку Ви мені дали...
dlga_mayor_talk:mayor_political_talk|У мене є кілька питань політичного характеру.
dlga_mayor_talk:mayor_economy_report_1|Як іде торгівля?
dlga_mayor_talk:mayor_wealth_comparison_1|Як процвітання даного регіону порівняти з іншими в Кальрадії?
dlga_mayor_talk:mayor_investment_possible|Я хочу купити у місті землю і спробувати заробити з неї грошей.
dlga_mayor_investment_possible:mayor_pretalk|Хм, {playername}, у вас тут вже є {s4}. Навряд чи Ви наберете людей, щоб влаштувати ще одне підприємство.
dlga_mayor_investment_possible:mayor_pretalk.1|{s9}
dlga_mayor_investment_possible:mayor_investment_advice.1|Зрозуміло, {пане/пані}. Кому прийде в голову заважати правителю міста?
dlga_mayor_investment_possible:mayor_investment|Хм... Беручи до уваги ваші відносини з нашим покровителем, {s4}, я думаю, що навряд чи Ви знайдете тут багато сміливців, готових продати вам землю.
dlga_mayor_investment_possible:mayor_pretalk.2|Що ж... Думаю, спершу гільдія захоче різнати вас краще. Зазвичай вона не в захваті, коли чужинці намагаються купити землю.
dlga_mayor_investment_possible:mayor_investment_advice.2|Чудово, {пане/пані}. Ми в гільдії знаємо вас і довіряємо вам. Мені здається, я зможу знайти того, хто продасть вам землю.
dlga_mayor_investment_advice:investment_choose_enterprise|Дам вам кілька порад. Досвідчені працівники завжди цінуються на вагу золота, так що навряд чи Ви відкриєте тут більше одного підприємства. Щоб отримувати прибуток, Ви повинні виробляти товар, що користується тут великим попитом, але матеріали для його виробництва повинні бути дешеві. Яке підприємство Ви маєте намір заснувати?
dlga_investment_choose_enterprise:investment_summary|Млин і пекарню: буду робити борошно й пекти хліб.
dlga_investment_choose_enterprise:investment_summary.1|Пивоварню: буду робити запашний хмільний квас.
dlga_investment_choose_enterprise:investment_summary.2|Шкіряні майстерні: буду робити шкіряні вироби.
dlga_investment_choose_enterprise:investment_summary.3|Виноробню: буду робити ароматне вино.
dlga_investment_choose_enterprise:investment_summary.4|Олійницю: буду робити оливкову олію.
dlga_investment_choose_enterprise:investment_summary.5|Кузню: буду кувати речі із заліза.
dlga_investment_choose_enterprise:investment_summary.6|Ткацьку майстерню і фарбувальню: буду робити оксамит з шовку і фарби.
dlga_investment_choose_enterprise:investment_summary.7|Ткацьку майстерню: буду робити вовняну тканину з вовни.
dlga_investment_choose_enterprise:investment_summary.8|Ткацьку майстерню: буду виготовляти полотно з льону.
dlga_investment_choose_enterprise:mayor_pretalk|Нічого
dlga_investment_summary:mayor_investment_confirm|Чудово, пане. Земля і матеріали, з яких Ви побудуєте {s3} обійдуться вам в {reg7} динарів. В даний час ціна одиниці {s4} становить {reg1} динарів, а на виробництво однієї одиниці потрібно {s6}, загальною вартістю {reg2} динарів. Мені здається, що за вирахуванням всіх витрат на виробництво ваш прибуток складе {reg0} динарів на місяць, якщо Ви, звичайно, все продасте. І за умови, що ціни залишаться колишніми, а я майже гарантую, що вони не залишаться колишніми. Ви бажаєте продовжити?
dlga_mayor_investment_confirm:mayor_investment_purchase|Так. Ось гроші за землю.
dlga_mayor_investment_confirm:mayor_pretalk|Ні, на даний момент це мені не підходить з економічних міркувань.
dlga_mayor_investment_purchase:mayor_pretalk|Дуже добре. Ваше виробництво має запуститися протягом тижня. Коли приїдете наступного разу, зверніться до {s4} щодо цієї справи.
dlga_mayor_talk:close_window|[Піти]
dlga_mayor_info_begin:mayor_info_talk|Я гільдмайстер {s9}. Можна сказати, керую всім чесним народом {s9}. Можу допомогти вам з роботою, якщо Ви шукаєте законний заробіток.
dlga_mayor_info_talk:mayor_info_lord|Хто править цим містом?
dlga_mayor_info_lord:mayor_info_talk|Паном і захисником нашого міста зараз є {s10}. Він володіє замком і іноді живе тут, а також збирає податок з міста. Однак більшу частину питань, що стосуються міського життя, ми вирішуємо самі. У мене, як у гільдмайстера міста, для цього достатньо повноважень.
dlga_mayor_info_talk:mayor_pretalk|Це все, що мені потрібно було дізнатися. Спасибі.
dlga_mayor_political_talk:mayor_political_questions|Політика? Святі угодники, цеху немає ніякого діла до політики! Ми - вірні піддані {s10}. Взагалі-то від гільдії в місті не так вже й багато залежить - все вирішують лорди і майстри гільдії. А решта гільдії може хіба що попередити, якщо затівається якась дурість. Ну, гаразд. Що ще Ви хотіли дізнатися?
dlga_mayor_prepolitics:mayor_political_questions|До речі, Ви ж знаєте, що ми всі тут {s9}? Це дуже важливо... Ну та добре. Щось іще?
dlga_mayor_political_questions:mayor_war_description_1|Чому в Кальрадії постійно йдуть війни?
dlga_mayor_war_description_1:mayor_war_description_2|Якщо розібратися, справа ось у чому: кожен король вважає себе законним спадкоємцем стародавніх імператорів Кальрадії. Частина цих посягань спирається на колишні династичні шлюби, інші - на давно забуті обіцянки, а {s22} родоки - на неписаний звід законів імперії. Так що будь-який правитель має всі підстави оголосити війну будь-якому сусіду.
dlga_mayor_war_description_2:mayor_war_description_3|На ділі ж війна вимагає грунтовної підготовки. Звичайно, можна просто спалити поля ворога, але земля дасть новий урожай. Захопити і утримати чужу твердиню куди як важче. Тому правителі Кальрадії б'ються потроху, потім укладають перемир'я, знову б'ються і так без кінця. Часто правитель вступає у війну, піддавшись на провокацію. Деякі не надто чесні вельможі живуть за рахунок грабежу і викупу за заручників. Крім того, навіть найдорожча війна приносить більше честі правителю, ніж ганебний і боягузливий мир... Звичайно, я не кажу про {s10}, бо ніхто не ставить під сумнів {reg4?її:його} велич.
dlga_mayor_war_description_3:mayor_war_description_4|Хочу нагадати, що наш цех не цікавиться політикою. Але якби {s10} запитали моєї поради, то як вірний слуга корони, я б сказав так: можна скільки завгодно мріяти про трони всієї Кальрадії, але без міцної армії в цій справі не просунешся ні на крок. Армії ж потрібні гроші, а гроші йдуть з торгівлі, яка потерпає від війн. Так що кращий спосіб боротьби за престол - це не боротися зовсім... Якщо Ви розумієте, про що я.
dlga_mayor_war_description_4:mayor_prepolitics|Можете передати {s10}, якщо {reg4?її:його} побачите. Тільки не згадуйте мого імені. Просто скажіть, що вам сказали люди з {s4}". Звичайно, це наша особиста думка. Думаємо, це в інтересах {s10}. Зрозуміло, ніхто з нас і в думках не збирається оскаржувати монарше право висувати законні претензії на {reg4?її:його} трон.
dlga_mayor_political_questions:mayor_politics_assess|Які стосунки у {s10} з іншими землями Кальрадії?
dlga_mayor_politics_assess:mayor_politics_assess_realm|Дивлячись що за землі.
dlga_mayor_politics_assess_realm:mayor_politics_give_realm_assessment|{s11}
dlga_mayor_politics_give_realm_assessment:mayor_prepolitics|{s14}
dlga_mayor_political_questions:mayor_internal_politics|Що Ви можете розповісти про внутрішню політику королівств?
dlga_mayor_internal_politics:mayor_internal_politics_2|Тут, в {s4}, ми всі любимо {s5} і підтримуємо {reg4?її:його} претензії на трон всієї Кальрадії. Але я так розумію, що не всі землі з нами погодяться.
dlga_mayor_internal_politics_2:mayor_internal_politics_3|У кожного лорда свої поняття про честь, про те, як вести війну і про інші панські штуки. До того ж знать постійно гризеться за увагу короля, намагається урвати шматок пожирніше і постійно турбується про те, що про них подумають оточуючі.
dlga_mayor_internal_politics_3:mayor_internal_politics_4|А ще васал може залишити свого пана і дати нову присягу. Це теж підливає масла у вогонь: на словах кожен клянеться своєму сюзерену у вірності, а на ділі тільки й шукає, як би порушити дане слово. Васал може заявити, що його пан не виконує своїх обіцянок, не дає захисту або веде себе неналежним чином або взагалі неправедно отримав владу. І все це дворяни роблять ніби з кращих міркувань!
dlga_mayor_internal_politics_4:mayor_internal_politics_5|Сеньйори і васали постійно чекають один від одного зради. Якщо король визнає, що його васал хоче від`єднатися, то може звинуватити його у зраді і накласти руку на його майно. Вірно і зворотне: якщо васал побоюється звинувачення, він може повстати або зректися клятви. Зазвичай той, хто зробить перший крок, встигає отримати контроль над фортецями васала.
dlga_mayor_internal_politics_5:mayor_prepolitics|Ясна річ, що довіра до відступного васала падає, як і до короля, який часто звинувачує своїх підданих. З іншого боку, тільки загальна недовіра і утримує наші землі від розвалу. Але якщо відносини між паном і васалом стають занадто напруженими, стає дуже жарко... Звичайно, я кажу про інших країнах. {S4} такого і бути не може.
dlga_mayor_political_questions:mayor_pretalk|Це все, дякую.
dlga_merchant_quest_about_job:merchant_quest_about_job_2|А що таке?
dlga_merchant_quest_about_job_2:merchant_quest_what_if_fail|А що, якщо я не зможу закінчити цю справу?
dlga_merchant_quest_about_job_2:merchant_quest_about_job_working|Ну, я все ще над цим працюю.
dlga_merchant_quest_about_job_working:mayor_pretalk|Добре. Я впевнений, Ви впораєтеся.
dlga_merchant_quest_last_offered_job:merchant_quest_brief|А, Ви хочете переглянути рішення. Гаразд...
dlga_merchant_quest_what_if_fail:mayor_pretalk|Я сподіваюся, Ви не провалите справу. Інакше мені доведеться вимагати з вас ціну вантажу, який Ви перевозили.
dlga_merchant_quest_what_if_fail:mayor_pretalk.1|Добре, зробіть все що у ваших силах, щоб завершити цю справу.
dlga_merchant_quest_taken:mayor_pretalk|Відмінно, я розраховую на вас. Удачі!
dlga_merchant_quest_stall:mayor_pretalk|Гаразд, люди для цього завдання мені будуть потрібні ще кілька днів, я думаю. Дайте мені знати, якщо зважитеся взятися за нього.
dlga_mayor_economy_report_1:mayor_economy_report_2|{s32}
dlga_mayor_economy_report_2:mayor_economy_report_3|{s42}
dlga_mayor_economy_report_3:mayor_pretalk|{s47}
dlga_merchant_quest_requested:merchant_quest_brief|Ну, Ви виглядаєте досить вмілим. Думаю, у мене знайшлася б для вас справа.
dlga_merchant_quest_brief:merchant_quest_looters_choice|{s5} нещодавно пограбували. Тут неподалік відбулася битва, потім, ясна річ, почалася звичайна метушня, паніка, так що деякі не дуже чесні городяни пішли грабувати крамниці і навколишні ферми. Багато дорогих товарів розікрали. Мені потрібен хтось, хто дав би урок цим негідникам. Влаштовує вас така робота?
dlga_merchant_quest_looters_choice:merchant_quest_looters_brief|Так, я візьмуся за це.
dlga_merchant_quest_looters_choice:merchant_quest_stall|Боюся, що зараз я цим зайнятися не зможу.
dlga_merchant_quest_looters_brief:close_window|Відмінно! Зараз ці грабіжники все ще шастають неподалік звідси - можливо, вони увійшли у смак і намагаються знайти нові жертви. Вб'єте Ви їх або візьмете в полон, мені все одно. Але знайте, я плачу за 40 динарів за кожну знищену зграю мародерів - до тих пір, поки не розберемося з усіма.
dlga_merchant_quest_requested:merchant_quest_explain_2|Ну, Ви можете нам здорово допомогти... Може, Ви чули, що {s10} перейшли кордон і напали на наших людей? Найбільш войовничі васали {s5} переконують його відповісти ударом на удар. Тут одна проблема: поки сильні світу вирішують питання честі, простий люд, як завжди, страждає.
dlga_merchant_quest_explain_2:merchant_quest_brief|Ми ж не говоримо, що {s5} треба зовсім закрити очі на всю цю історію, ні в якому разі! Але варто відповісти на провокацію, як тут же вибухне нова війна! Однак якщо {s10} правителя викличе і переможе чужинець, то і честь буде відновлена, і причин для війни не буде. А якщо б переможеним лордом виявився відомий розбишака {s7}, то і мстити за нього ніхто особливо не стане.
dlga_merchant_quest_brief:merchant_quest_retaliate_confirm|Так от, атакуйте {s7} і переможете його. Це саме по собі непросто, а крім того напад може зіпсувати відносини з {s10}, але ми будемо вам дуже вдячні. Говорити відкрито, що ми вас найняли, ми, ясна річ, не станемо, але будьте впевнені: винагорода за працю буде превеликою... Візьметеся нам допомогти?
dlga_merchant_quest_retaliate_confirm:merchant_quest_track_bandits_brief|Так, я можу це зробити.
dlga_merchant_quest_retaliate_confirm:merchant_pretalk|Мені б не хотілося встрявати в міжусобицю.
dlga_destroy_lair_quest_brief:merchant_quest_track_bandit_lair_choice|Грабіжники, швидше за все, ховають свої кораблі в затишній бухті на узбережжі, імовірно поруч з джерелом прісної води. Щоб виявити їх притулок, найкраще простежити за групою морських грабіжників, які повертаються на свою базу поповнити запаси.
dlga_destroy_lair_quest_brief:merchant_quest_track_bandit_lair_choice.1|Зазвичай такі бандити влаштовують собі лігво в горбах на межі пустелі, часто в ущелині з джерелом води. Там вони ховаються від сторонніх очей і поповнюють запаси. Щоб виявити їх притулок, найкраще простежити за групою пустельних бандитів, які повертаються в лігво поповнити запаси.
dlga_destroy_lair_quest_brief:merchant_quest_track_bandit_lair_choice.2|Зазвичай такі бандити влаштовують собі лігво в горах, часто на широкому виступі, звідки відкривається вид на прилеглі землі. Там їх важче застати зненацька. Щоб виявити їх притулок, найкраще простежити за групою бандитів-горян, які повертаються в лігво поповнити запаси.
dlga_destroy_lair_quest_brief:merchant_quest_track_bandit_lair_choice.3|Зазвичай такі бандити влаштовують свій табір в глухих лісах, часто посеред болота. Щоб виявити їх притулок, найкраще простежити за групою лісових бандитів, які повертаються в табір поповнити запаси.
dlga_destroy_lair_quest_brief:merchant_quest_track_bandit_lair_choice.4|Зазвичай такі бандити влаштовують свій табір в гайках посеред степу, де їм легше сховатися. Щоб виявити їх притулок, найкраще простежити за групою степових бандитів, які повертаються в табір поповнити запаси.
dlga_destroy_lair_quest_brief:merchant_quest_track_bandit_lair_choice.5|Зазвичай такі бандити влаштовують свій табір глибоко в лісі. Щоб виявити їх притулок, найкраще простежити за групою тундрових бандитів, які повертаються в табір поповнити запаси.
dlga_merchant_quest_track_bandit_lair_choice:merchant_quest_destroy_lair_brief|Я візьмуся за це.
dlga_merchant_quest_track_bandit_lair_choice:lord_pretalk|Боюся, я зараз не можу цим займатися.
dlga_merchant_quest_destroy_lair_brief:close_window|Чудово. Ми будемо чекати звісток про успіх вашого завдання.
dlga_merchant_quest_requested:merchant_quest_brief.1|До нас дійшли чутки, що {s4} подорожуючи по дорозі біля {s5}, були атаковані {s7}.
dlga_merchant_quest_brief:merchant_quest_track_bandits_choice|Ми хочемо, щоб Ви відшукали цих {s4}. Міські торговці постараються дати опис ватажка розбишак, ну і нагороду за розправу наберуть. Якщо зможете знайти і перебити бандитів, ми в боргу не залишимося...
dlga_merchant_quest_track_bandits_choice:merchant_quest_track_bandits_brief|Я візьмуся за це.
dlga_merchant_quest_track_bandits_brief:close_window|Чудово. Зграя може мандрувати де завгодно, але напевно бандитів зустрічали і пам'ятають інші мандрівники.
dlga_merchant_quest_track_bandits_choice:merchant_quest_stall|Боюся, я зараз не можу цим займатися.
dlga_merchant_quest_requested:merchant_quest_brief.2|Ви шукаєте роботу? Я шукав когось, хто міг би доставити {s4}. Можливо, Ви б могли за це взятися...
dlga_merchant_quest_brief:merchant_quest_brief_deliver_wine|Мені потрібно доставити {s6} в таверну {s4}. За доставку {reg5} одиниць, за 7 днів, плачу не менше {reg8} динарів. Що скажете?
dlga_merchant_quest_brief_deliver_wine:merchant_quest_taken|Добре. Я займуся доставкою.
dlga_merchant_quest_brief_deliver_wine:merchant_quest_stall|Боюся, що не можу зараз взяти весь цей вантаж.
dlga_merchant_quest_requested:merchant_quest_brief.3|Ви шукаєте роботу? Мені потрібна людина для супроводу каравану. Цікавить вас таке завдання?
dlga_merchant_quest_brief:escort_merchant_caravan_quest_brief|Я збираюся послати в {s8} караван з товарами. Проте на дорогах повно розбійників і дезертирів, і я не хочу відправляти караван без захисту. Якщо б Ви зуміли привести караван на місце за 15 днів, то заробили б {reg8} динарів. Звичайно, у вашому загоні має бути не менше {reg4} людей, щоб охорона була більш-менш надійною.
dlga_escort_merchant_caravan_quest_brief:merchant_quest_taken|Добре. Я буду супроводжувати ваш караван.
dlga_escort_merchant_caravan_quest_brief:merchant_quest_stall|Я боюся, що у мене в загоні не знайдеться стільки бійців.
dlga_escort_merchant_caravan_quest_brief:merchant_quest_stall.1|Прошу вибачення, я не можу зайнятися цим зараз.
dlga_start:close_window.38|День добрий, {пане/пані}. Велика честь бачити вас в {s10}.
dlga_start:close_window.39|Будьте як вдома, але не забувайте, що Ви в гостях. Тоді ми порозуміємося.
dlga_start:merchant_caravan_intro_1|Вітаю. Ви поїдете з нами, так?
dlga_merchant_caravan_intro_1:merchant_caravan_intro_2|Так. Мене звуть {playername}. Я буду супроводжувати вас до {s1}.
dlga_merchant_caravan_intro_2:escort_merchant_caravan_talk|Що ж, приємно дізнатися, що ми вирушимо не одні. Що Ви хочете, щоб ми зробили?
dlga_start:escort_merchant_caravan_talk|Хм. Досі ми і самі справлялися... Чого Ви хочете від нас?
dlga_escort_merchant_caravan_talk:merchant_caravan_follow_lead|Ви поїдете за мною. Я поведу вас безпечним шляхом.
dlga_merchant_caravan_follow_lead:close_window|Добре. Ми підемо прямо за вами.
dlga_escort_merchant_caravan_talk:merchant_caravan_stay_here|Чекайте тут. Я поїду вперед і розвідаю дорогу.
dlga_merchant_caravan_stay_here:close_window|Добре. Ми будемо чекати.
dlga_merchant_quest_requested:merchant_quest_brief.4|Чесно кажучи, мені дуже потрібен надійний і вправний помічник. Банда розбійників викрала доньку мого друга і тепер вимагає викупу. Мій друг готовий їм заплатити, але нам потрібен хтось, щоб передати гроші цим мерзотникам і повернути дівчинку.
dlga_merchant_quest_brief:troublesome_bandits_quest_brief|Думаю, {reg8} динарів за упіймання цих мерзотників вам вистачить. Це небезпечне діло, але я впевнений, що Ви з ним впораєтеся. Що скажете?
dlga_troublesome_bandits_quest_brief:merchant_quest_taken_bandits|Добре. Я зловлю цих розбійників.
dlga_merchant_quest_taken_bandits:close_window|Правда? Приємно чути! Що ж, удачі вам!
dlga_troublesome_bandits_quest_brief:merchant_quest_stall|Прошу вибачення. У мене зараз немає на це часу.
dlga_merchant_quest_requested:merchant_quest_brief.5|Мені взагалі-то дуже потрібен надійний чоловік. Зграя розбійників викрала доньку мого друга і тепер вимагає за неї викуп. Мій друг готовий його заплатити, але нам потрібен хтось, хто передав би гроші цим шакалам, і повернув дівчинку додому в живою і здоровою. 
dlga_merchant_quest_brief:kidnapped_girl_quest_brief|Розбійники вимагають викуп у розмірі {reg12} динарів. Я дам вам ці гроші, якщо Ви візьметеся за завдання. У вас буде 15 днів, щоб передати гроші розбійникам, місце зустрічі - село {s4}. Ці виродки сказали, що вб'ють бідну дівчинку, якщо не отримають грошей до кінця терміну. Коли повернете дівчинку живою, отримаєте {reg8} динарів.
dlga_kidnapped_girl_quest_brief:kidnapped_girl_quest_taken|Добре. Я віднесу викуп бандитам і поверну дівчинку.
dlga_kidnapped_girl_quest_taken:close_window|Добре. Я знав, що в цій справі можу вам довіряти. Ось викуп у динарах. Перерахуйте, їх має бути {reg12}. І, будь ласка, постарайтеся не робити необачних вчинків. Пам'ятайте, що благополуччя дівчинки важливіше всього...
dlga_kidnapped_girl_quest_brief:merchant_quest_stall|Шкодую, та у мене зараз немає на це часу.
dlga_start:close_window.40|Добрий день, {пане/пані}. Приємно бачити вас тут.
dlga_kidnapped_girl_liberated_map:kidnapped_girl_liberated_map_2a|Так. Ходімо зі мною. Ми повертаємося додому.
dlga_kidnapped_girl_liberated_map_2a:close_window|Як шкода, що у вас в загоні немає місця для мене.
dlga_kidnapped_girl_liberated_map_2a:close_window.1|О, правда? Велике вам спасибі!
dlga_kidnapped_girl_liberated_map:kidnapped_girl_liberated_map_2b|Почекай тут трошки. Я повернуся за тобою.
dlga_kidnapped_girl_liberated_map_2b:close_window|О, будь ласка, {пане/пані}, не кидайте мене тут одну на самоті!
dlga_start:kidnapped_girl_liberated_map|О, {пане/пані}, спасибі, що врятували мене. Ви відвезете мене додому?
dlga_kidnapped_girl_liberated_battle:kidnapped_girl_liberated_battle_2a|Так. Ходімо зі мною. Ми повертаємося додому.
dlga_kidnapped_girl_liberated_battle_2a:kidnapped_girl_liberated_battle_2b|Як шкода, що у вас в загоні немає місця для мене.
dlga_kidnapped_girl_liberated_battle_2a:close_window|О, правда? Велике вам спасибі!
dlga_kidnapped_girl_liberated_battle:kidnapped_girl_liberated_battle_2b|Почекай тут трошки. Я повернуся за тобою.
dlga_kidnapped_girl_liberated_battle_2b:close_window|О, будь ласка, {пане/пані}, не залишайте мене тут одну на самоті!
dlga_start:kidnapped_girl_liberated_map.1|Можна мені тепер піти з вами?
dlga_start:bandits_awaiting_ransom_intro_1|Це ти за дівкою? Гроші жени.
dlga_start:bandits_awaiting_ransom_intro_1.1|А, знову ти? Гроші жени, або чого тобі.
dlga_bandits_awaiting_ransom_intro_1:bandits_awaiting_ransom_pay|Ось гроші, беріть. Лише відпустіть дівчинку.
dlga_bandits_awaiting_ransom_pay:close_window|Хех, а що, і правда гроші, не залізо... Забирай свою дівку. Усі б так швидко метикували, як ти.
dlga_bandits_awaiting_ransom_intro_1:bandits_awaiting_ransom_b|Ні! Спочатку відпустіть дівчинку!
dlga_bandits_awaiting_ransom_b:bandits_awaiting_ransom_b2|Буде тобі гратися, гроші давай!
dlga_bandits_awaiting_ransom_b2:bandits_awaiting_ransom_pay|Добре. Ось ваші гроші. Відпустіть дівчинку.
dlga_bandits_awaiting_ransom_b2:bandits_awaiting_ransom_no_money|Гроші залишилися лежати в надійному місці. Я піду принесу їх.
dlga_bandits_awaiting_ransom_no_money:close_window|Краще не дратуй нас! А ну живо вали за грошима!
dlga_bandits_awaiting_ransom_b2:bandits_awaiting_ransom_fight|Я не збираюся нічого платити. Я вимагаю, щоб Ви негайно відпустили дівчинку!
dlga_bandits_awaiting_ransom_fight:close_window|Ти той, знаєш, а мертві взагалі нічого не вимагають...
dlga_start:bandits_awaiting_remeet|Чого тобі? Гроші у нас, справу зроблено, забирайся.
dlga_bandits_awaiting_remeet:close_window|Вибачте за турботу. Я піду.
dlga_bandits_awaiting_remeet:bandits_awaiting_remeet_2|Ще одна справа є. Давайте гроші назад.
dlga_bandits_awaiting_remeet_2:close_window|О, ось вже справа так справа! Ну давай обговоримо!
dlga_start:kidnapped_girl_encounter_1|О, {пане/пані}, дякую вам за порятунок. Ви відвезете мене додому?
dlga_kidnapped_girl_encounter_1:kidnapped_girl_join|Так. Ходімо зі мною. Ми повертаємося додому.
dlga_kidnapped_girl_join:close_window|Як шкода, що у вас в загоні немає місця для мене.
dlga_kidnapped_girl_join:close_window.1|О, велике вам спасибі!
dlga_kidnapped_girl_encounter_1:kidnapped_girl_wait|Почекай тут трошки. Я повернуся за тобою.
dlga_kidnapped_girl_wait:close_window|О, будь ласка, {пане/пані}, не залишайте мене тут одну на самоті
dlga_merchant_quest_about_job_2:lost_kidnapped_girl|На жаль, по дорозі сюди дівчинка загубилася...
dlga_lost_kidnapped_girl:lost_kidnapped_girl_2|О, ні! Як я скажу про це своєму другові?
dlga_lost_kidnapped_girl_2:lost_kidnapped_girl_3|Мені шкода. Я нічого не міг вдіяти.
dlga_lost_kidnapped_girl_3:lost_kidnapped_girl_4|Ви мене розчаровуєте, {playername}. Я довіряв вам. Тепер люди дізнаються, що Ви не впоралися із завданням. Крім того, я чекаю від вас той викуп у розмірі {reg8} динарів, який я вам давав.
dlga_lost_kidnapped_girl_4:merchant_quest_about_job_5a|Звичайно. Ось гроші...
dlga_merchant_quest_about_job_5a:close_window|принаймні, у вас вистачило порядності повернути гроші.
dlga_lost_kidnapped_girl_4:merchant_quest_about_job_5b|Прошу вибачення, у мене немає такої суми.
dlga_merchant_quest_about_job_5b:close_window|І Ви думаєте, я вам повірю? Ви повернете мені викуп! Ідіть зараз же і принесіть гроші!
dlga_merchant_quest_requested:merchant_quest_persuade_peace_1|{s15} і {s14} ведуть між собою страшну війну, через неї наше місто вже на межі загибелі. Наші каравани гинуть, ледь вийшовши з міста - їх грабують і безжально знищують. Наші торговці бояться залишати міські стіни. І до всіх наших бід, податки на війну з'їдають наші останні заощадження. Якщо незабаром не настане мир, ми довго не протримаємося.
dlga_merchant_quest_persuade_peace_1:merchant_quest_brief|Все вірно. Але як зупинити це безумство?
dlga_merchant_quest_persuade_peace_1:merchant_quest_persuade_peace_reject|Ваш обов'язок - допомагати дворянам вести війну. Не личить вам скаржитися.
dlga_merchant_quest_persuade_peace_reject:close_window|Ха. Знать веде війни з жадібності і в прагненні слави, а всі біди випадають на частку чесного люду, як ми з вами. Але Ви, ймовірно, вважаєте за краще про це не замислюватися.
dlga_merchant_quest_brief:merchant_quest_persuade_peace_3|Були спроби примирити протиборчі сторони і досягти якоїсь угоди. Але деяким панам з обох сторін вигідно продовжувати війну. Через них всі інші не можуть прислухатися до голосу розуму і продовжують боротися. Поки ці знатні півні не втратять свого впливу, про мир говорити марно.
dlga_merchant_quest_persuade_peace_3:merchant_quest_persuade_peace_4|Хто розпалює війну і заважає мирним переговорам?
dlga_merchant_quest_persuade_peace_3:merchant_quest_persuade_peace_4.1|Про яких таких панів Ви балакаєте?
dlga_merchant_quest_persuade_peace_4:merchant_quest_persuade_peace_5|{s12} з {s15} і {s13} з {s14}. Поки вони не змінять думку чи не втратять впливу, миру у нас не буде.
dlga_merchant_quest_persuade_peace_5:merchant_quest_persuade_peace_6|Що можна з цим зробити?
dlga_merchant_quest_persuade_peace_5:merchant_quest_persuade_peace_6.1|На жаль, схоже, з цим нічого не поробиш.
dlga_merchant_quest_persuade_peace_6:merchant_quest_persuade_peace_7|Є один спосіб... Рішуча людина, ймовірно, зможе переконати одного або навіть обох лордів погодитися на мир. А якщо навіть це не вдасться, залишається розбити їх у бою і захопити їх у полон. У полоні вони втратять свій вплив і не зможуть перешкодити мирним переговорам... Що думаєте? Ви впораєтеся?
dlga_merchant_quest_persuade_peace_7:merchant_quest_persuade_peace_8|Важко, важко... Але я спробую.
dlga_merchant_quest_persuade_peace_7:merchant_quest_persuade_peace_8.1|Що ж, якщо ціна буде відповідною, я спробую.
dlga_merchant_quest_persuade_peace_7:merchant_quest_persuade_peace_8.2|Мені це нецікаво. Це мене не стосується.
dlga_merchant_quest_persuade_peace_8:merchant_quest_persuade_peace_9|Більшість торговців у місті з радістю розщедряться на підтримання такого плану. Я думаю, ми зможемо зібрати ніяк не менше {reg12} динарів. Ми з радістю винагородимо вас, якщо Ви впораєтеся. {s12} і {s13} повинні погодитися на мир, а якщо хтось із них виявиться занадто впертий, візьміть його в полон і тримайте до тих пір, поки не буде підписаний мир.
dlga_merchant_quest_persuade_peace_9:merchant_quest_persuade_peace_10|Добре. Я зроблю все, що в моїх силах.
dlga_merchant_quest_persuade_peace_9:merchant_quest_persuade_peace_no|Шкодую, але я не можу цього зробити.
dlga_merchant_quest_persuade_peace_10:close_window|Відмінно. Ми будемо молитися за вас. Я сподіваюся, Ви розберетеся з цими старими павуками. Ми будемо чекати від вас добрих звісток.
dlga_merchant_quest_persuade_peace_no:close_window|Не відмовляйтеся відразу. Подумайте гарненько. Якщо хто і може з цим впоратися, то тільки Ви.
dlga_merchant_quest_requested:merchant_quest_deal_with_night_bandits|Звичайно ж, є! Зграя розбійників панує в місті, а я не збагну, як з ними впоратися. Вони нападають на жителів міста і грабують їх під прикриттям ночі, а варто появитися сторожі, як вони миттю зникають. Ми жодного не змогли спіймати. Вони нападають тільки на самотніх, а якщо людей багато, вони навіть не показуються. Потрібно, щоб хто-небудь перестрівся з цими мерзотниками наодинці - і переміг їх. Схоже, це єдиний спосіб віддати їх до рук правосуддя. Ви візьметеся за це?
dlga_merchant_quest_brief:merchant_quest_deal_with_night_bandits|Зграя розбійників панує в місті, а я не збагну, як з нею впоратися. Вони нападають на жителів міста і грабують їх під прикриттям ночі, а варто з`явитися сторожі, як вони миттю зникають. Ми жодного не змогли спіймати. Вони нападають тільки на самотніх, а якщо людей багато, вони навіть не показуються. Потрібно, щоб хто-небудь зустрівся з цими мерзотниками наодинці - і переміг їх. Схоже, це єдиний спосіб віддати їх до рук правосуддя. Ви візьметеся за це?
dlga_merchant_quest_deal_with_night_bandits:deal_with_night_bandits_quest_taken|Перебити розбійників? Так звичайно!
dlga_merchant_quest_deal_with_night_bandits:merchant_quest_stall|Прошу вибачити, але мене це не цікавить.
dlga_deal_with_night_bandits_quest_taken:mayor_pretalk|У мене камінь з душі впав, {playername}. Якщо все пройде добре, я щедро віддячу вас. Але головне - щоб Ви самі вціліли, зрозуміло?
dlga_merchant_quest_requested:merchant_quest_brief.6|Один з тутешніх торговців шукає погоничів, щоб перегнати худобу на ринок {s13}.
dlga_merchant_quest_brief:move_cattle_herd_quest_brief|Худоба має бути в {s13} протягом 30 днів. Якщо це вдасться раніше - так ще краще, набагато краще, але за 30 днів потрібно впоратися неодмінно. Якщо Ви візьметеся за це, я заплачу вам за працю {reg8} динарів. Згодні?
dlga_move_cattle_herd_quest_brief:move_cattle_herd_quest_taken|Так, я можу перегнати худобу.
dlga_move_cattle_herd_quest_brief:merchant_quest_stall|Шкодую, але моя відповідь - ні.
dlga_move_cattle_herd_quest_taken:mayor_pretalk|Ось і добре. Стадо знаходиться просто за містом. Коли відведете тварин, повертайтеся до мене за оплатою.
dlga_merchant_quest_requested:mayor_pretalk|Боюся, що не можу запропонувати Вам зараз жодної роботи.
dlga_start:village_elder_deliver_cattle_thank|Дякуємо Вам за допомогу, {добрий пане/добра пані}! {reg5} голів худоби нам достатньо, аби виростити власне стадо.
dlga_village_elder_deliver_cattle_thank:village_elder_talk|Чи не потрібна вам допомога, {добрий пане/добра пані}?
dlga_start:village_elder_talk|Доброго Вам дня, {пане/пані}, ласкаво просимо до села {s9}. Я тут староста.
dlga_start:village_elder_talk.1|Ласкаво просимо до села {s9}, {мілорд/міледі}. Ми дізналися, що Ви тепер {наш новий володар/наша нова пані}, усі так зраділи! Я тутешній староста, матиму за честь прислужитися Вам, чим зможу.
dlga_start:village_elder_talk.2|{Мілорде/Міледі}, Ваш приїзд - велика радість для нас.
dlga_start:village_elder_talk.3|Добрий день, {пане/пані}.
dlga_village_elder_pretalk:village_elder_talk|Я можу Вам чимось допомогти?
dlga_village_elder_talk:village_elder_ask_fugitive|Я шукаю людину по імені {s4}. Мені сказали, що він може ховатися тут.
dlga_village_elder_ask_fugitive:village_elder_pretalk|Тут всякого народу ходить, {пане/пані}. В таку пору навряд чи кого знайдете... Ліпше до ранечка зачекайте...
dlga_village_elder_ask_fugitive:close_window|Чужинці приходять і йдуть, {пане/пані}. Хочете шукати - воля Ваша, гляди, когось та й знайдете.
dlga_village_elder_talk:village_elder_active_mission_1|Що стосується того завдання, що Ви мені дали...
dlga_village_elder_talk:village_elder_request_mission_ask|Либонь, я можу Вам чимось прислужитися?
dlga_village_elder_talk:village_elder_trade_begin|Мені потрібні деякі припаси... Плачу золотом.
dlga_village_elder_trade_begin:village_elder_trade_talk|Як вам буде завгодно, {пане/пані}. Вам потрібні товари чи худоба?
dlga_village_elder_trade_talk:village_elder_trade|Їжа та інші припаси.
dlga_village_elder_trade:village_elder_pretalk|У нас є дещо... Ходімо до комори, глянемо...
dlga_village_elder_trade_talk:village_elder_buy_cattle|Я хочу купити худобу.
dlga_village_elder_trade_talk:village_elder_pretalk|Ні, знаєте, я поки нічого не буду купувати.
dlga_village_elder_talk:village_elder_ask_enemies|Чи не турбують Вас якісь вороги?
dlga_village_elder_ask_enemies:village_elder_pretalk|Ні, {пане/пані}, ворогів навколо вже давно не видно.
dlga_village_elder_ask_enemies:village_elder_tell_enemies|Гм... Дайте-но подумати...
dlga_village_elder_tell_enemies:village_elder_tell_enemies|{s1} {s2}
dlga_village_elder_tell_enemies:village_elder_pretalk|Ні, {пане/пані}. Жодного військового загону в тутешніх місцях вже давненько не видно.
dlga_village_elder_tell_enemies:village_elder_pretalk.1|Ну, гадаю, це все.
dlga_village_elder_talk:village_elder_ask_set_fire|Я хочу, аби Ви влаштували велику пожежу на околиці цього села.
dlga_village_elder_ask_set_fire:close_window|{Пане/Пані}, ми вже дали свою згоду. Зроблю все, що зможу, Ви вже не сумнівайтеся.
dlga_village_elder_ask_set_fire:village_elder_ask_set_fire_1|Пожежа? {Мій пане/Пані моя}, пожежі дуже небезпечні! Навіщо Вам знадобилося таке?
dlga_village_elder_ask_set_fire:village_elder_ask_set_fire_5|{Пане мій/Моя пані}, гадаю, ми все це вже обговорили.
dlga_village_elder_ask_set_fire:village_elder_ask_set_fire_5.1|{Пане/Пані}, ми вже говорили про це. Ви обіцяєте занадто мало, а чекаєте дуже багато.
dlga_village_elder_ask_set_fire_1:village_elder_ask_set_fire_2|У мене на те свої причини, а гаман срібла змусить Вас потрудитися. Так Ви беретеся за справу чи ні?
dlga_village_elder_ask_set_fire_1:village_elder_ask_set_fire_explain_plan|Ураховуючи, якій небезпеці Ви піддаєтеся, я не можу Вам відмовити.
dlga_village_elder_ask_set_fire_explain_plan:village_elder_ask_set_fire_2|Я збираюся визволити з в'язниці {s4} одного бранця. Коли Ви запалите вогонь, сторожа {s4} побачить дим. Частина варти побіжить дізнаватися, що відбувається.
dlga_village_elder_ask_set_fire_2:village_elder_ask_set_fire_9|Як побажаєте, {пане/пані}. Ви завжди добре ставилися до нашого села, тож нехай справа й небезпечна, але боржок ми Вам повернемо. Коли бажаєте розпалити пожежу?
dlga_village_elder_ask_set_fire_2:close_window|Прошу вибачення, {пане/пані}. Вибачайте, але у нас немає причин вірити Вам. Та й пожежа - вельми небезпечна справа.
dlga_village_elder_ask_set_fire_2:village_elder_ask_set_fire_3|Як скажете, {пане/пані}. Але це дуже небезпечна справа. З чого б це нам ризикувати?
dlga_village_elder_ask_set_fire_3:village_elder_ask_set_fire_4|Я дам Вам 100 динарів.
dlga_village_elder_ask_set_fire_3:village_elder_ask_set_fire_6|Я дам Вам 200 динарів.
dlga_village_elder_ask_set_fire_3:village_elder_ask_set_fire_6.1|Я дам Вам 300 динарів.
dlga_village_elder_ask_set_fire_3:close_window|Забудьте.
dlga_village_elder_ask_set_fire_4:village_elder_talk|Це божевілля. Я не піду на такий ризик.
dlga_village_elder_ask_set_fire_5:village_elder_ask_set_fire_7|А якщо Ваша нагорода збільшиться до 200 динарів?
dlga_village_elder_ask_set_fire_5:village_elder_ask_set_fire_6|Що, якщо Ваша нагорода збільшиться до 300 динарів?
dlga_village_elder_ask_set_fire_5:village_elder_ask_set_fire_6.1|Що, якщо Ваша нагорода збільшиться до 300 динарів? Це моє останнє слово.
dlga_village_elder_ask_set_fire_5:close_window|Не беріть до голови.
dlga_village_elder_ask_set_fire_6:village_elder_ask_set_fire_9|Добре. Ви прохаєте мене піти на великий ризик, але я не проти. Коли палити вогонь?
dlga_village_elder_ask_set_fire_7:village_elder_talk|Я не стану вплутуватися в таку авантюру за 200 динарів.
dlga_village_elder_ask_set_fire_9:village_elder_ask_set_fire_10|Поки готуйтеся, а через годину підпалюйте.
dlga_village_elder_ask_set_fire_9:village_elder_ask_set_fire_11|Починайте рівно опівночі. Я буду чекати рівно годину.
dlga_village_elder_ask_set_fire_10:close_window|Добре, {пане/пані}. Ми все підготуємо, як слід. Інша справа за вами.
dlga_village_elder_ask_set_fire_11:close_window|Добре, {пане/пані}. Хай береже вас Бог.
dlga_village_elder_talk:village_elder_recruit_start|Є тут у селі парубки, які ризикнули б пошукати удачі на війні?
dlga_village_elder_talk:close_window|[Піти]
dlga_village_elder_buy_cattle:village_elder_buy_cattle_2|У нас {reg5} голів худоби по {reg6} динарів за кожну. Скільки хочете купити?
dlga_village_elder_buy_cattle:village_elder_buy_cattle_2.1|Боюся, що худоби у нас в селі вже немає, {пане/пані}.
dlga_village_elder_buy_cattle_2:village_elder_buy_cattle_complete|1
dlga_village_elder_buy_cattle_2:village_elder_buy_cattle_complete.1|2
dlga_village_elder_buy_cattle_2:village_elder_buy_cattle_complete.2|3
dlga_village_elder_buy_cattle_2:village_elder_buy_cattle_complete.3|4
dlga_village_elder_buy_cattle_2:village_elder_buy_cattle_complete.4|5
dlga_village_elder_buy_cattle_2:village_elder_pretalk|Неважливо.
dlga_village_elder_buy_cattle_complete:village_elder_pretalk|Я звелю пастухам зігнати худобу до вас, {пане/пані}. Будьте спокійні, вийде відмінна угода.
dlga_village_elder_recruit_start:village_elder_talk|Навряд чи це когось зацікавить, {пане/пані}. Може, вам ще чимось допомогти?
dlga_village_elder_recruit_start:village_elder_recruit_decision|Є у нас {reg5} людей. Якби Ви погодилися заплатити 10 динарів {reg7?кожному за спорядження:за його спорядження}... По руках?
dlga_village_elder_recruit_decision:village_elder_pretalk|Накажіть {reg7?їм:йому} підготуватися.
dlga_village_elder_recruit_decision:village_elder_pretalk.1|Ні, не зараз.
dlga_village_elder_active_mission_1:village_elder_active_mission_2|Ну як, {пане/пані}, вийшло у вас що-небудь?
dlga_village_elder_active_mission_2:village_elder_deliver_grain_thank|Звичайно. Ось вам {reg5} мішків пшениці.
dlga_village_elder_deliver_grain_thank:village_elder_deliver_grain_thank_2|{Мілорд/Міледі}, Ви врятували нас від голоду і відчаю. Ми не можемо як слід віддячити вам, але будемо вічно молити за вас бога. {s13} не забуде вашої милості.
dlga_village_elder_deliver_grain_thank_2:village_elder_talk|Чим я можу допомогти вам, {мілорд/міледі}?
dlga_village_elder_active_mission_2:village_elder_active_mission_3|Справа поки що не зроблена.
dlga_village_elder_active_mission_2:village_elder_mission_failed|Боюся, що не зможу закінчити цю справу.
dlga_village_elder_active_mission_3:village_elder_pretalk|Дякуємо Вам, {пане/пані}. Щодня молимо Бога за Вас!
dlga_village_elder_mission_failed:village_elder_pretalk|Шкода, шкода... Ну нічого, гляди, і ще що-небудь придумаю.
dlga_village_elder_request_mission_ask:village_elder_pretalk|Ви і так вже нам допомагаєте, не пристало б просити вас про інше.
dlga_village_elder_request_mission_ask:village_elder_pretalk.1|Ні, {пане/пані}, інших прохань поки немає.
dlga_village_elder_request_mission_ask:village_elder_tell_mission|Завдання?
dlga_village_elder_tell_mission:village_elder_tell_deliver_grain_mission|{Мілорд/Міледі}, наше селище останнім часом стільки витерпіло... Був неврожай, а нещодавно ще й розбійники забрали зерно для посівної. Якщо пшеницю найближчим часом не знайти, нам буде нічого сіяти, і в селі почнеться голод. Якщо б Ви нам посприяли...
dlga_village_elder_tell_deliver_grain_mission:village_elder_tell_deliver_grain_mission_2|Гмм... скільки пшениці Вам потрібно?
dlga_village_elder_tell_deliver_grain_mission:village_elder_deliver_grain_mission_reject|У мене немає на це часу. Попрохайте когось іще.
dlga_village_elder_tell_deliver_grain_mission_2:village_elder_tell_deliver_grain_mission_3|Либонь-то {reg5} мішків пшениці для посіву нам би вистачило. А решта — вже добрі люди з нами поділяться...
dlga_village_elder_tell_deliver_grain_mission_3:village_elder_deliver_grain_mission_accept|Добре, я знайду Вам пшеницю.
dlga_village_elder_tell_deliver_grain_mission_3:village_elder_deliver_grain_mission_reject|Мені ніколи займатися цим. Шукайте допомоги у людей свого кола.
dlga_village_elder_deliver_grain_mission_accept:close_window|Дякую вам, {пане/пані}. Ми будемо молитися за Вас удень й уночі.
dlga_village_elder_deliver_grain_mission_reject:close_window|Так, {пане/пані}, звичайно. Перепрошую, що потурбував Вас нашими проблемами.
dlga_village_elder_tell_mission:village_elder_tell_train_peasants_against_bandits_mission|Банда розбійників надокучає нам... Вони відбирають нашу їжу та худобу, а тих, хто не підкоряється їм, убивають на місці. Народ злиться, що ми не можемо оборонити себе, але що з нас узяти - ми люди прості! От якби нам хтось допоміг, то, може, щось і вийшло б... Нам би досвідченого бійця, який розтлумачив, що й до чого.
dlga_village_elder_tell_train_peasants_against_bandits_mission:village_elder_train_peasants_against_bandits_mission_accept|Я навчу вас боронитися.
dlga_village_elder_tell_train_peasants_against_bandits_mission:village_elder_train_peasants_against_bandits_mission_reject|Нічого селянам братися за зброю. Відкупіться від розбійників, і всі справи.
dlga_village_elder_train_peasants_against_bandits_mission_accept:close_window|Правда? Ось радість-то! Вже ми такої доброти не забудемо, не сумнівайтеся! Я піду покличу народ, закликаю всіх прийти сюди. Коли навчете нас оборонятися, ми віддамо вам все, що у нас є - вдячність!
dlga_village_elder_train_peasants_against_bandits_mission_reject:close_window|Так, звичайно, {пане/пані}. Спасибі за пораду.
dlga_village_elder_tell_mission:village_elder_tell_deliver_cattle_mission|Розбійники викрали нашу худобу. Наші пасовища порожні. Будь у нас хоч кілька голів худоби, ми могли б знову виростити стадо.
dlga_village_elder_tell_deliver_cattle_mission:village_elder_tell_deliver_cattle_mission_2|Скільки вам потрібно?
dlga_village_elder_tell_deliver_cattle_mission:village_elder_deliver_cattle_mission_reject|У мене немає на це часу. Попросіть про допомогу кого-небудь іншого.
dlga_village_elder_tell_deliver_cattle_mission_2:village_elder_tell_deliver_cattle_mission_3|Я думаю, {reg5} голів буде достатньо для невеликого стада.
dlga_village_elder_tell_deliver_cattle_mission_3:village_elder_deliver_cattle_mission_accept|Я приведу вам худобу.
dlga_village_elder_tell_deliver_cattle_mission_3:village_elder_deliver_cattle_mission_reject|Мені ніколи займатися цим. Сподіваюся, Ви зумієте знайти допомогу.
dlga_village_elder_deliver_cattle_mission_accept:close_window|Дякую вам, {пане/пані}. Ми будемо молитися за вас вдень і вночі.
dlga_village_elder_deliver_cattle_mission_reject:close_window|Так, {пане/пані}, звичайно. Перепрошую, що потурбував вас нашими проблемами.
dlga_village_elder_tell_mission:village_elder_pretalk|Спасибі, {пане/пані}, але зараз ми не нужденні. Бог милостивий.
dlga_start:goods_merchant_talk|{Пане мій/Моя пані}, Ви вшанували мою скромну лавку своєю присутністю.
dlga_start:goods_merchant_talk.1|Ласкаво просимо, {пане/пані}. Чим можу служити?
dlga_goods_merchant_pretalk:goods_merchant_talk|Щось іще?
dlga_goods_merchant_talk:goods_trade_requested|Мені хотілося б дещо продати... і, можливо, дещо купити.
dlga_goods_trade_requested:goods_trade_completed|Звичайно-звичайно... ось, погляньте на мої товари...
dlga_goods_trade_completed:goods_merchant_talk|Щось іще?
dlga_goods_merchant_talk:trade_info_request|Які товари мені варто купити тут для торгівлі з іншими містами?
dlga_goods_merchant_talk:close_window|Нічого. Дякую.
dlga_trade_info_request:trade_info_request_2|Це найкраще запитати у караванників і бродячих торговців. Якщо хочете, я поясню, як їх знайти в нашому місті. Походіть там, послухайте розмови, - так можна багато чого дізнатися про те, що купувати і де продавати.
dlga_trade_info_request_2:close_window|Тоді я піду, покручуся серед торговців.
dlga_trade_info_request_2:goods_merchant_pretalk|Мені зараз не до цього.
dlga_start:arena_intro_1.1|Добрий день. Якщо Ви хочете подивитися на турнір, то вам не пощастило. Найближчим часом ніяких турнірів не буде.
dlga_arena_intro_1:arena_intro_2|Так значить, тут проводять турніри...
dlga_arena_intro_2:arena_intro_3|Так. І Ви б бачили, що тут відбувається - всі кричать, хвилюються. Сюди стікаються всі жителі міста і навколишніх сіл. Втім, наступний турнір у нас буде не скоро, і дивитися особливо нема на що. Хіба що офіційні дуелі час від часу проходять і, звичайно, рукопашні бої. Вони у нас майже кожен день.
dlga_arena_intro_3:arena_training_melee_intro|Розкажіть мені про рукопашних боях.
dlga_arena_training_melee_intro:arena_training_melee_intro_2|Бійцям і лицарям набридає чекати наступного турніру, от вони й винайшли тренувальні сутички. Насправді, ідея дуже проста: бійці заходять на арену зі зброєю, немає ні правил, ні команд - кожен сам за себе. Бій іде до останньої людини. Кумедно, правда?
dlga_arena_training_melee_intro_2:arena_training_melee_intro_reward|А нагорода за перемогу?
dlga_arena_training_melee_intro_reward:arena_training_melee_intro_2|А як же - багаті городяни надають призи для бійців які відзначилися. Переможете {reg1} супротивників - отримаєте {reg11} динарів. За {reg2} перемог {reg12} динарів, за {reg3} - {reg13} динарів, а {reg14} динарів вам дістанеться, якщо Ви зумієте побити {reg4} людей. Останній боєць, що залишився на арені, отримує нагороду в розмірі {reg15} динарів. Непогано звучить, а?
dlga_arena_training_melee_explain_reward:arena_master_melee_pretalk|Багаті городяни надають призи для бійців що відзначилися. Переможете {reg1} супротивників - отримаєте {reg11} динарів. За {reg2} перемог {reg12} динарів, за {reg3} - {reg13} динарів, а {reg14} динарів вам дістанеться, якщо Ви зумієте побити {reg4} людей. Останній боєць, що залишився на арені, отримає нагороду у розмірі {reg15} динарів. Непогано звучить, а?
dlga_arena_training_melee_intro_2:arena_training_melee_intro_3|Можна мені приєднатися?
dlga_arena_training_melee_intro_3:arena_master_melee_talk|Ха-ха. Зрозуміло! Було б нерозумно цього не зробити: рукопашні бої відкриті для всіх. Як раз починається чергова сутичка - приєднуйтесь, якщо хочете.
dlga_start:arena_master_intro_1|Вітаю. Ви, здається, тут вперше. Як вас називати?
dlga_arena_master_intro_1:arena_master_intro_2|Я {playername}.
dlga_arena_master_intro_2:arena_master_pre_talk|Приємно познайомитися, {playername}. Я розпорядник турнірів міста {s1}. Якщо захочете побитися, скажіть мені.
dlga_start:arena_master_fight_result|.
dlga_arena_master_fight_result:arena_master_pre_talk|Ха-ха, ось так синці у вас! Не турбуйтеся: кожному час від часу дістається. Важливо зібратися, обтруситися - і знову в бій. Так і роблять справжні переможці.
dlga_arena_master_fight_result:arena_master_pre_talk.1|Отже вам вдалося перемогти {reg8} суперників. Непогано, але призових вам це не принесло. А тепер я б на вашому місці повернувся і показав всім!..
dlga_arena_master_fight_result:arena_master_pre_talk.2|Ви непогано виступили. У вас хороша техніка. Отже, Ви вразили {reg8} суперників і отримуєте {reg10} динарів в нагороду.
dlga_arena_master_fight_result:arena_master_pre_talk.3|Ви добре б'єтеся! Зараз Ви перемогли {reg8} чоловік і заслуговуєте нагороди. Ось вам {reg10} динарів.
dlga_arena_master_fight_result:arena_master_pre_talk.4|Чудовий виступ! Без сумніву, Ви дуже вмілий боєць. Не кожен може покласти {reg8} супротивників. Звичайно, Ви заслуговуєте нагороди. Ось вам {reg10} динарів. Непогано, так?
dlga_arena_master_fight_result:arena_master_pre_talk.5|Ви добіса добре билися, {playername}. У вас дуже хороша техніка, і Ви відмінно підготовлені. За перемогу над {reg8} суперниками Ви отримуєте нагороду в розмірі {reg10} динарів.
dlga_arena_master_fight_result:arena_master_pre_talk.6|Вітаю переможця! Ваш бій увійде в історію цієї арени. Ви протрималися на арені до останнього, і тепер саме вам дістається головна нагорода цього змагання - {reg10} динарів.
dlga_start:arena_master_pre_talk|Вітаю, {playername}. Радий вас знову бачити.
dlga_arena_master_pre_talk:arena_master_talk|Хочете побитися? Або що-небудь ще?
dlga_arena_master_talk:arena_master_melee_pretalk|До речі, щодо побитися...
dlga_arena_master_talk:arena_master_ask_tournaments|Немає новин про турнірах в сусідніх містах?
dlga_arena_master_talk:close_window|Мені пора. До побачення.
dlga_arena_master_ask_tournaments:arena_master_talk|{reg2?Ніяких змагань найближчим часом не очікується.:{reg1?Турніри плануються:Турнір планується} {s15}.}
dlga_arena_master_melee_pretalk:arena_master_melee_talk|У нас скоро бій починається. Якщо хочете, приєднуйтесь.
dlga_arena_master_melee_talk:close_window|Чудово. Скористаюся Вашою пропозицією. 
dlga_arena_master_melee_talk:arena_master_melee_reject|Дякую за пропозицію, але спершу мені треба підлікувати старі рани.
dlga_arena_master_melee_reject:arena_master_pre_talk|Ось і {молодець/розумниця}. Вельми розумно з Вашого боку.
dlga_arena_master_melee_talk:arena_training_melee_explain_reward|Власне, не могли б Ви розповісти мені про нагороди?
dlga_start:galeas_talk|Вітаю, {юначе/дівчино}. Якщо у вас є полонені, я із задоволенням їх у Вас куплю.
dlga_galeas_talk:galeas_sell_prisoners|Діставайте гаман. У мене є полонені на продаж.
dlga_galeas_talk:close_window|Іншим разом. До побачення.
dlga_galeas_sell_prisoners:galeas_sell_prisoners_2|Подивимося, що тут у Вас...
dlga_galeas_sell_prisoners_2:close_window|Захопіть ще бранців - приведіть до мене. Я добре заплачу.
dlga_bandit_introduce:bandit_talk|{s5}
dlga_bandit_talk:close_window|Від мене ти отримаєш лише клинок під ребра!
dlga_bandit_talk:bandit_barter|Не потрібно битися. Я можу заплатити за прохід.
dlga_bandit_barter:bandit_barter_2|Дзвінка монетка без особливої мороки - це нам до вподоби! Так, подивимося, що тут у нас... Схоже, тобі не буде шкода розлучитися з {reg5} динарами. Давай гроші і чимчикуй якнайдалі.
dlga_bandit_barter_2:bandit_barter_3a|Добре, ось гроші.
dlga_bandit_barter_2:bandit_barter_3b|У мене немає таких грошей.
dlga_bandit_barter_3b:close_window|Так, не пощастило тобі. Доведеться нам продати тебе у рабство. Хлопці, хапайте!
dlga_bandit_barter:close_window|Агов, так я ж тебе знаю! Убиваєш нашу вольну братію, як смердючих псів, а ми повинні пропускати тебе за кілька паршивих монет? Оце вже ні! Нам від тебе помилування не було, ось і ти пощади не чекай!
dlga_bandit_barter_3a:close_window|Бачиш, усе зовсім просто! Давай, забирайся звідси.
dlga_start:bandit_meet|А? Що таке?
dlga_bandit_meet:bandit_attack|Удача твоя вже закінчилася, а зараз скінчиться й життя!
dlga_bandit_attack:close_window|{s5}
dlga_bandit_meet:close_window|Нічого, не звертай уваги.
dlga_start:disbanded_troop_ask|Бажаєте, аби ми йшли за Вами?
dlga_disbanded_troop_ask:disbanded_troop_join|Так. Поїдемо разом.
dlga_disbanded_troop_ask:close_window|Ні, цього разу - ні.
dlga_disbanded_troop_join:close_window|Шкода, що у Вас у загоні немає місця.
dlga_disbanded_troop_join:close_window.1|Ми у Вашому розпорядженні.
dlga_start:enemy_talk_1|Більше ти мене не впіймаєш. 
dlga_enemy_talk_1:enemy_talk_2|У тебе немає жодних шансів супроти мене. Здавайся.
dlga_enemy_talk_2:close_window|Здамся, коли станцюю на твоїй могилі!
dlga_start:party_encounter_routed_agents_are_caught|Благаю, залиште нас у спокої!
dlga_party_encounter_routed_agents_are_caught:party_encounter_routed_agents_are_caught2|Гадаєщ, що зможеш утекти? Обирати тобі - полон або смерть!
dlga_party_encounter_routed_agents_are_caught:close_window|Добре, цього разу ми залишимося осторонь. Але більше не потрапляйтесь.
dlga_party_encounter_routed_agents_are_caught2:close_window|Невже Вам не знайоме співчуття? Тоді ми будемо битися до останнього!
dlga_party_encounter_routed_agents_are_caught2:close_window.1|{s1}
dlga_sell_prisoner_outlaws:sell_prisoner_outlaws|Гм... 10 динарів за кожного грабіжника - це виходить {reg1} за {reg0}.
dlga_sell_prisoner_outlaws:sell_prisoner_outlaws.1|Давайте порахуємо. Ви привели {reg0} розбійників, по 20 динарів за кожного. Виходить, усього {reg1} динарів.
dlga_sell_prisoner_outlaws:sell_prisoner_outlaws.2|Так-так, Ви зловили {reg0} розбійників. Кожен вартує 30 динарів, тому за всіх них Ви отримаєте {reg1} динарів.
dlga_sell_prisoner_outlaws:close_window|Тоді, я гадаю, це все.
dlga_prisoner_chat:prisoner_chat_2|Не намагайся втекти або наробити якихось дурниць. Я за тобою буду доглядати.
dlga_prisoner_chat_2:close_window|Не стану, клянусь!
dlga_start:town_merchant_talk|Добрий день, {пане/пані}. Чи можу я чим-небудь допомогти?
dlga_start:town_merchant_talk.1|Добрий день. Чи можу я чим-небудь допомогти?
dlga_town_merchant_talk:trade_requested_weapons|Я хочу купити нову зброю. Покажіть, що у вас є.
dlga_town_merchant_talk:trade_requested_armor|Я шукаю деяке спорядження. Покажіть мені, що у вас є.
dlga_town_merchant_talk:trade_requested_horse|Я подумую купити коня.
dlga_trade_requested_weapons:merchant_trade|О, звичайно, {пане/пані}. Це найкраща зброя, яку тільки можна знайти!
dlga_trade_requested_armor:merchant_trade|Звичайно, {пане/пані}. Кращих обладунків по всій Кальрадії не знайдеш!
dlga_trade_requested_horse:merchant_trade|Ви непогано розбираєтеся в конях, {пане/пані}. Кращих коней, ніж тут, Ви ніде не знайдете.
dlga_merchant_trade:town_merchant_talk|Щось іще?
dlga_town_merchant_talk:merchant_gossip|Розкажіть мені, про що останнім часом люди гомонять між собою?
dlga_merchant_gossip:town_merchant_talk|Так як останнім часом нічого нового... Ціни, погода, війна - вічні теми...
dlga_town_merchant_talk:close_window|До побачення.
dlga_start:town_dweller_talk|{Мій пане/Моя пані}?
dlga_start:town_dweller_talk.1|Добрий день, {пане/пані}.
dlga_town_dweller_talk:town_dweller_ask_fugitive|Я шукаю людину по імені {s4}. Мені сказали, що він, можливо, ховається тут.
dlga_town_dweller_ask_fugitive:close_window|Чужинці приходять і йдуть, {пане/пані}. Якщо він десь тут, Ви неодмінно знайдете його, коли пошукаєте.
dlga_town_dweller_talk:town_dweller_quest_meet_spy_in_enemy_town_ask_item|Прошу вибачення, що запитую, але Ви носите {s5}?
dlga_town_dweller_quest_meet_spy_in_enemy_town_ask_item:town_dweller_talk|{s6}
dlga_town_dweller_talk:town_dweller_quest_meet_spy_in_enemy_town|{s4}
dlga_town_dweller_quest_meet_spy_in_enemy_town:town_dweller_quest_meet_spy_in_enemy_town_know|{s4}
dlga_town_dweller_quest_meet_spy_in_enemy_town:town_dweller_quest_meet_spy_in_enemy_town_dont_know|Га? Ще раз, будь ласка?
dlga_town_dweller_quest_meet_spy_in_enemy_town_dont_know:close_window|Не беріть в голову.
dlga_town_dweller_quest_meet_spy_in_enemy_town_know:town_dweller_quest_meet_spy_in_enemy_town_chat|{s4} послав мене, аби взяти у Вас звіти. Вони у вас з собою?
dlga_town_dweller_quest_meet_spy_in_enemy_town_chat:town_dweller_quest_meet_spy_in_enemy_town_chat_2|Я чекав на Вас. Ось, тримайте. {s4} має отримати їх без зволікання й у повній цілісності.
dlga_town_dweller_quest_meet_spy_in_enemy_town_chat_2:close_window|Прощавайте.
dlga_town_dweller_talk:town_dweller_ask_info|Що Ви можете мені розповісти про це селище?
dlga_town_dweller_talk:town_dweller_ask_info.1|Що Ви мені можете розповісти про це місто?
dlga_town_dweller_ask_info:close_window|{s10} {s11}
dlga_town_dweller_talk:town_dweller_ask_situation|Як тут живеться?
dlga_town_dweller_ask_situation:town_dweller_poor|Нещастя обрушилося на мою сім'ю, {пане/пані}. Мор знищив урожай на наших полях, і мої діти лягають спати голодними і знесиленими. А сусіди мої самі занадто бідні, щоб допомогти мені.
dlga_town_dweller_ask_situation:town_dweller_poor.1|Жалюгідне моє життя, {пане/пані}. Вже не перший місяць я не можу знайти роботи, і мої бідні діти лягають спати голодними кожен вечір. Сусіди ж мої занадто бідні, щоб допомогти.
dlga_town_dweller_poor:town_dweller_poor_paid|Ось, візьміть ці 300 динарів. Сподіваюся, це допоможе вам і вашій родині.
dlga_town_dweller_poor:town_dweller_poor_not_paid|Тоді забирайтеся звідси або займіться чимось іншим.
dlga_town_dweller_poor_not_paid:close_window|Так, {пане/пані}. Я зроблю, як Ви кажете.
dlga_town_dweller_poor_paid:close_window|{Пане мій/Моя пані}. Ви такі добрі і щедрі. Я всім розкажу, як Ви допомогли нам!
dlga_town_dweller_ask_situation:close_window|Дякую вам за щедрість, {пане/пані}. З вашою допомогою наше життя налагодиться. Я буду щодня молитися за вас.
dlga_town_dweller_ask_situation:town_dweller_talk|Нині важкі часи, {пане/пані}. Ми тяжко працюємо цілісінький день, і все ж частенько лягаємо спати голодними.
dlga_town_dweller_ask_situation:town_dweller_talk.1|Нині важкі часи, {пане/пані}. Але ми повинні радіти тому, що є.
dlga_town_dweller_ask_situation:town_dweller_talk.2|Ми не так уже й бідуємо, {пане/пані}. Ми повинні бути вдячні провидінню.
dlga_town_dweller_talk:town_dweller_ask_trade|Чим Ви займаєтеся?
dlga_town_dweller_ask_trade:town_dweller_talk|{s14}
dlga_town_dweller_talk:town_dweller_ask_rumor|Які чутки тут ходять останнім часом?
dlga_town_dweller_ask_rumor:town_dweller_talk|Нічого такого, що могло б Вас зацікавити.
dlga_town_dweller_ask_rumor:town_dweller_talk.1|{s61}
dlga_town_dweller_ask_rumor:town_dweller_talk.2|Ні про що цікаве останнім часом не було чутно.
dlga_town_dweller_talk:close_window|[Піти]
dlga_start:player_castle_guard_talk|Так, {пане/пані}?
dlga_player_castle_guard_talk:player_castle_guard_talk_2|Доповідайте про чергування.
dlga_player_castle_guard_talk_2:player_castle_guard_talk_3|Усе спокійно, {пане/пані}. Доповідати ні про що.
dlga_player_castle_guard_talk_3:close_window|Гаразд. Не втрачайте пильності.
dlga_start:close_window.41|Вітаю, {сер/мадам}. Вам завжди раді тут, у {s10}.
dlga_start:close_window.42|Поводьтеся добре, і тоді не буде жодних проблем.
dlga_start:hall_guard_talk|Чекаю Ваших вказівок, {пане мій/моя пані}.
dlga_start:close_window.43|На посту вести розмови заборонено, {сер/мадам}.
dlga_hall_guard_talk:hall_guard_duty|Залишайся на посту і дай мені знати, якщо хтось прийде до мене.
dlga_hall_guard_duty:close_window|Так, {пане мій/моя пані}. Як забажаєте.
dlga_hall_guard_talk:hall_guard_arrest|Я хочу, аби Ви негайно заарештували цю людину!
dlga_hall_guard_arrest:hall_guard_arrest_2|Кого Ви хочете взяти під варту, {пане/пані}?
dlga_hall_guard_arrest_2:close_window|А, не звертайте уваги на мої жарти, хлопці.
dlga_hall_guard_arrest_2:close_window.1|Забудьте. Я знайду інший спосіб з цим розібратися.
dlga_enemy_defeated:close_window|Гррр! Ненавиджу...
dlga_party_relieved:close_window|Дякую Вам за допомогу проти цих виродків.
dlga_start:battle_reason_stated|Я з твого черепа зроблю кубок для вина!
dlga_member_chat:regular_member_talk|Чекаю Ваших вказівок, {пане/пані}.
dlga_regular_member_talk:view_regular_char_requested|Розкажіть мені про себе.
dlga_view_regular_char_requested:do_regular_member_view_char|Так, звичайно, {пане/пані}. Дозвольте, я розповім Вам про себе.
dlga_do_regular_member_view_char:regular_member_talk|Щось іще?
dlga_regular_member_talk:close_window|Нічого. Ідіть...
dlga_start:party_encounter_hostile_attacker|У Вас немає жодних шансів. Здавайтеся негайно, або ми Вас усіх переб'ємо...
dlga_party_encounter_hostile_attacker:close_window|Ми будемо боротися до кінця!
dlga_party_encounter_hostile_attacker:close_window.1|Не атакуйте! Ми здаємося.
dlga_start:party_encounter_hostile_defender|Чого Ви хочете?
dlga_party_encounter_hostile_defender:party_encounter_hostile_ultimatum_surrender|Здавайся або помри!
dlga_party_encounter_hostile_ultimatum_surrender:close_window|{s43}
dlga_party_encounter_hostile_defender:close_window|Нічого. Ми залишимо вас у спокої.
dlga_merchant_end:close_window|Ох, от же мене доля притиснула - доводиться просити про допомогу першого зустрічного! Але щось мені підказує, що я у вас не помиляюся. А тепер подивимося, чи зумієте Ви набрати собі людей. 
dlga_start:merchant_quest_4e|{s3}{s2}
dlga_merchant_quest_4e:merchant_finale|{s1}
dlga_merchant_quest_4e:merchant_finale.1|Хай дарують нам небеса перемогу. 
dlga_merchant_quest_4e:merchant_finale.2|Радий бачити, що Ви живі. 
dlga_merchant_finale:close_window|Так-так... Зараз капітан сидить в надійному місці, а пара моїх хлопців тримає ніж біля його горла. Залишилося привести цього мерзотника до {s5} і розповісти йому все. З цим ми впораємося й без Вашої допомоги. Давайте ось що зробимо: якщо все буде благополучно, я зустрінуся з Вами у таверні і розповім, що і як. Якщо мене там не буде, а мою голову виставлять на піку над міською стіною, гадаю, Вам буде краще залишити місто на певний час і забути все, що тут сталося. Ну що ж, сподіваюся, ще побачимося!
dlga_start:merchant_quest_1_prologue_1|{s1}
dlga_merchant_quest_1_prologue_1:merchant_quest_1_prologue_2|На пагорбах завжди було багато бандитів - хтось ішов грабувати через війни та борги, хтось - через природну схильність до жорстокості. Але останнім часом харцизи знахабніли - вони відходять далеко від таборів, та навіть пробираються до міста у пошуках легкої здобичі. Командир міської варти каже, що це через війни на кордонах - мовляв, стежити за порядком людей не вистачає. Але я йому не вірю. Мені здається - у бандитів в місті є своя людина, яка проводить їх за міські стіни та розповідає, де можна поживитися... А минулого тижня... вони викрали мого брата. 
dlga_merchant_quest_1_prologue_2:merchant_quest_1_prologue_3|Навіть не знаю, про що думав мій брат, хлопчина із пристойного дому, коли вештався вулицями посеред ночі... Ви також там ходили, але ж Ви не знали, що тут коїться... А його я просто не розумію. Утім, він же мій родич, тож нічого не вдієш: якщо не оборонятимеш своїх, люди будуть думати, що й майно своє захистити не можеш, а цього я допустити вже не можу... Навіть не сумніваюся - незабаром бандити надішлють мені листа про викуп, але я їм навіть гроша не дам!
dlga_merchant_quest_1_prologue_3:merchant_quest_1a|Ось що я вам пропоную... Ви вмієте поводитися з мечем і, що не менш важливо, Ваш гаманець абсолютно порожній - інакше Ви б не приїхали до Кальрадії. Зберіть невеличкий загін, відшукайте цих бандитів, провчіть їх гарненько і поверніть мені мого брата цілим та неушкодженим. А я за це скажу Вам спасибі і дам мішечок срібла. Що скажете?
dlga_merchant_quest_1a:merchant_quest_1b|Цікава пропозиція. 
dlga_merchant_quest_1a:close_window|Мені це нецікаво - у мене є важливіші справи. 
dlga_merchant_quest_1b:merchant_quest_1c|Самотужки Ви з таким завданням не впораєтеся. Якщо Ви спробуєте все провернути самостійно, Вас піймають, і Ви станете не героєм, а ще однією жертвою. Тож спершу наберіть собі невеликий загін: у навколишніх селах неодмінно є міцні хлопці, які погодяться побитися - якщо Ви заплатите їм. Так... тримайте-но 100 динарів. Можете вважати це авансом. Пройдіться селами та знайдіть потрібних людей. Гадаю, п'ятьох Вам вистачить. 
dlga_merchant_quest_1c:merchant_quest_1d|Зрозуміло. Я негайно піду збирати загін. 
dlga_merchant_quest_1d:close_window|Ось і чудово. Як будете готові, знайдіть мене, тоді й поговоримо. Я буду тут, {s1}, у таверні. 
dlga_start:battle_reason_stated.1|Здавайтеся або помріть. Обирати Вам.
dlga_battle_reason_stated:close_window|Після бою Ви благатимете про пощаду.
dlga_start:free|Вітаю. Чим я можу допомогти?
dlga_free:view_char_requested|Розкажіть мені про себе.
dlga_view_char_requested:view_char|Чудово, послухайте ось що...
dlga_view_char:free|Щось іще?
dlga_end:close_window|[Готово]
dlga_start:threaten_1|Кидайте зброю і здавайтеся, якщо хочете вціліти.
dlga_threaten_1:end|Спочатку ми спробуємо з вами битися.
dlga_member_direct_campaign:member_direct_campaign_choice|Так, {пане/пані}. Яке послання Ви хочете відправити васалам?
dlga_member_direct_campaign_choice:member_direct_campaign_call_to_arms_verify|Я хочу почати нову кампанію. Давайте зберемо тут армію.
dlga_member_direct_campaign_choice:member_give_order_disband_army_verify|Я хочу завершити цю кампанію і розпустити всіх по домівках.
dlga_member_direct_campaign_choice:member_give_order_invite_feast_verify|Я хотів би запросити наших васалів на свято {s4}.
dlga_member_direct_campaign_choice:member_pretalk|Нічого
dlga_member_give_order_invite_feast_verify:member_give_order_invite_feast_verify_2|Ви хочете запросити васалів на свято?
dlga_member_give_order_invite_feast_verify_2:member_give_order_invite_feast|Так. Настав час зміцнити узи, які об'єднують нас.
dlga_member_give_order_invite_feast_verify_2:member_pretalk|Ні, зараз не час.
dlga_member_give_order_invite_feast:member_pretalk|Ось і добренько. Я пошлю гінців із запрошеннями на свято {s4} до наших лордів.
dlga_member_direct_campaign_call_to_arms_verify:member_give_order_call_to_arms_verify_2|Ви хочете зібрати всіх лордів для нової кампанії?
dlga_member_give_order_call_to_arms_verify_2:member_give_order_call_to_arms|Так, треба зібрати всі наші сили, перш ніж ми виступимо на ворога.
dlga_member_give_order_call_to_arms_verify_2:member_pretalk|Думаю, все-таки немає необхідності закликати всіх і кожного.
dlga_member_give_order_call_to_arms:member_pretalk|Добре. Я розішлю гінців з наказом кожному прибути сюди.
dlga_member_give_order_disband_army_verify:member_give_order_disband_army_2|Ви хочете закінчити поточну кампанію і відпустити зі служби всіх васалів?
dlga_member_give_order_disband_army_2:member_give_order_disband_army|Так. Всі сили тут нам більше не потрібні.
dlga_member_give_order_disband_army_2:member_pretalk|Думаю, що краще триматися разом.
dlga_member_give_order_disband_army:member_pretalk|Добре. Я дам всім знати, що вони можуть бути вільні.
dlga_mayor_wealth_comparison_1:mayor_wealth_comparison_2|{s0}
dlga_mayor_wealth_comparison_2:mayor_wealth_comparison_3|{s0}
dlga_mayor_wealth_comparison_3:mayor_wealth_comparison_4|{s0}
dlga_mayor_wealth_comparison_4:mayor_wealth_comparison_5|{s0}
dlga_mayor_wealth_comparison_5:mayor_pretalk|{s0}
dlga_free:close_window| До побачення.
dlga_free:close_window.1| [Піти]
dlga_start:member_wilderness_talk|Мені приєднатися до вас?
dlga_start:member_inn_talk|Мені приєднатися до вас?
dlga_start:close_screen|О, дяка небесам... Я вільний?
dlga_start:close_window.5|Вирушимо, як тільки Ви будете готові.
dlga_start:close_window.6|Будь ласка, давайте не будемо гаяти час, {пане/пані}. Може, побачимося ще коли-небудь.
dlga_lord_join_rebellion_suggest_cheat:lord_join_rebellion_ask_for_order|Чит: Добре.
dlga_lord_mission_rescue_prisoner_method:lord_mission_rescue_prisoner_method_ransom|Я подумую про те, щоб заплатити викуп.
dlga_lord_mission_rescue_prisoner_method:lord_mission_rescue_prisoner_method_connections|Я спробую використати свої зв'язки в {s24}.
dlga_sell_prisoner_outlaws:sell_prisoner_outlaws_finished|Тоді, я вважаю, це все.
dlga_caravan_choose_disguise:caravan_offer_disguise_continue|Я приготую зброю і буду напоготові.
dlga_caravan_choose_disguise:caravan_offer_disguise_continue.1|Так, у мене явно важлива справа.
dlga_caravan_offer_disguise:caravan_choose_disguise|За відповідну ціну ми знайдемо вам місце в нашому каравані. Якщо добре рахуєте, ви впишетеся серед купців. А якщо ви більше воїн — ласкаво просимо до охорони каравану.
dlga_caravan_offer_disguise:merchant_pretalk|Я не можу вам допомогти. Це зашкодить нашій справі в {s12}, якщо ми візьмемо вас, {playername}, коли ваші наміри такі помітні. Доведеться вам без нашої допомоги.
dlga_caravan_offer_disguise:merchant_talk_offer_else|Здається, ви маєте сплатити кілька динарів гільдії купців. Я не довіряю людині, яка не може сплатити {his/her} борги, мандрувати з нами.
dlga_caravan_offer_disguise:merchant_talk_offer_else.1|Вибач, друже, ми так просто чужинців не беремо, і сторожа, гадаю, теж.
dlga_caravan_offer_disguise:merchant_talk_offer_else.2|Вибачте, я не можу з чистою совістю сприяти вашому входу до {s12}.
dlga_caravan_offer_disguise_continue:close_window|Гаразд. Ми рушаємо до {s12}. Щасливої дороги, {s0}, але стережіться розбійників...
dlga_castle_guard_players:dplmc_guard_talk_replace|Відпочинь, воїне. Замість тебе варту нестиме хтось інший.
dlga_companion_embassy_results:companion_rejoin_response.6|{s12} каже, що {reg0?вона:він} не бажає укладати мир.
dlga_companion_embassy_results:companion_rejoin_response.7|{s12} каже, що ви вже присягнули іншому правителю.
dlga_companion_embassy_results:companion_rejoin_response.8|{s12} каже, що {reg0?вона:він} не вірить, що ви дотримаєтеся своїх васальних зобов'язань, і підозрює, що ваша пропозиція — лише хитрість.
dlga_companion_embassy_results:dplmc_companion_truce_pay|{s12} каже, що {reg4?вона:він} готова розглянути перемир'я на двадцять днів, якщо ви сплатите {reg4?їй:йому} {reg0} динарів.
dlga_companion_embassy_results:dplmc_companion_truce_pay.1|{s12} каже, що {reg4?вона:він} готова розглянути перемир'я на двадцять днів, якщо ви приймете {reg4?її:його} умови. Або ви платите {reg0} динарів, або платите {reg1} динарів і віддаєте {reg4?їй:йому} {s18}.
dlga_companion_embassy_results:dplmc_companion_truce_pay.2|{s12} каже, що {reg4?вона:він} готова розглянути перемир'я на двадцять днів, якщо ви віддасте {reg4?їй:йому} {s18}.
dlga_companion_embassy_results:dplmc_companion_truce_pay.3|{s12} каже, що {reg4?вона:він} готова розглянути перемир'я на двадцять днів, якщо ви сплатите {reg4?їй:йому} {reg0} динарів і віддасте {reg4?їй:йому} {s18}.
dlga_companion_embassy_results:dplmc_companion_truce_pay.4|{s12} каже, що {reg4?вона:він} готова розглянути перемир'я на двадцять днів, якщо ви сплатите {reg4?їй:йому} {reg0} або віддасте {reg4?їй:йому} {s18}.
dlga_companion_quitting:dplmc_companion_quitting_lord_1|З вами було добре мандрувати, але я мушу повернутися до власних справ.
dlga_companion_quitting_response:dplmc_companion_quitting_persuasion_start|Можливо, я зможу переконати тебе передумати.
dlga_dplmc_chamberlain_dismiss_confirm:dplmc_chamberlain_dismiss_confirm_yes|Так, я впевнений.
dlga_dplmc_chamberlain_dismiss_confirm:dplmc_chamberlain_pretalk|Ні, я не впевнений.
dlga_dplmc_chamberlain_dismiss_confirm_ask:dplmc_chamberlain_dismiss_confirm|Ви впевнені, що хочете самотужки вести всі фінансові справи?
dlga_dplmc_chamberlain_dismiss_confirm_ask:dplmc_chamberlain_dismiss_inventory|Ви залишили певні предмети на моєму зберіганні. Якщо ви впевнені, то спершу перегляньте їх, щоб вирішити, що хочете залишити.
dlga_dplmc_chamberlain_dismiss_confirm_yes:close_window|Як бажаєте. Давайте переглянемо документи і передамо ваш маєток.
dlga_dplmc_chamberlain_dismiss_inventory:dplmc_chamberlain_dismiss_confirm_ask|Дайте глянути...
dlga_dplmc_chamberlain_dismiss_inventory:dplmc_chamberlain_pretalk|У мене є важливіші справи — можете залишити собі свою посаду.
dlga_dplmc_chamberlain_item_pool:dplmc_chamberlain_item_pool_confirm|Ви впевнені, що хочете це зробити?
dlga_dplmc_chamberlain_item_pool_confirm:dplmc_chamberlain_pretalk|Так.
dlga_dplmc_chamberlain_item_pool_confirm:dplmc_chamberlain_pretalk.1|Ні, я передумав.
dlga_dplmc_chamberlain_manage_fiefs:dplmc_chamberlain_manage_fiefs_options|Наразі ми маємо {reg0} покращень у {reg1} з ваших {reg2} наділів. Бажаєте збудувати ще одне?
dlga_dplmc_chamberlain_manage_fiefs_build:dplmc_chamberlain_manage_fiefs_build_location|Де ви хочете збудувати покращення?
dlga_dplmc_chamberlain_manage_fiefs_build_ask2:dplmc_chamberlain_manage_fiefs_build_confirm_ask|Збудувати маєток.
dlga_dplmc_chamberlain_manage_fiefs_build_ask2:dplmc_chamberlain_manage_fiefs_build_confirm_ask.1|Збудувати млин.
dlga_dplmc_chamberlain_manage_fiefs_build_ask2:dplmc_chamberlain_manage_fiefs_build_confirm_ask.2|Збудувати сторожову вежу.
dlga_dplmc_chamberlain_manage_fiefs_build_ask2:dplmc_chamberlain_manage_fiefs_build_confirm_ask.3|Збудувати школу.
dlga_dplmc_chamberlain_manage_fiefs_build_ask2:dplmc_chamberlain_manage_fiefs_build_confirm_ask.4|Збудувати поштову станцію.
dlga_dplmc_chamberlain_manage_fiefs_build_ask2:dplmc_chamberlain_manage_fiefs_build_confirm_ask.5|Збудувати вежу для полонених.
dlga_dplmc_chamberlain_manage_fiefs_build_ask2:dplmc_chamberlain_pretalk|Нічого.
dlga_dplmc_chamberlain_manage_fiefs_build_ask:dplmc_chamberlain_manage_fiefs_build_ask2|{s19} Що ви хочете збудувати?
dlga_dplmc_chamberlain_manage_fiefs_build_ask:dplmc_chamberlain_pretalk|{s19} Наразі ви будуєте {s7}. Будівництво завершиться через {reg8} дн{reg9?ів:ь}. Мусимо зачекати, доки завершиться.
dlga_dplmc_chamberlain_manage_fiefs_build_confirm_ask:dplmc_chamberlain_manage_fiefs_confirm|Ви впевнені, що хочете збудувати {s4} за {reg5} в {s2}? Це займе {reg6} днів. Наразі в скарбниці маємо {reg7} динарів.
dlga_dplmc_chamberlain_manage_fiefs_build_location:dplmc_chamberlain_manage_fiefs_build_ask|{s2}.
dlga_dplmc_chamberlain_manage_fiefs_build_location:dplmc_chamberlain_pretalk|Ніде.
dlga_dplmc_chamberlain_manage_fiefs_confirm:dplmc_chamberlain_pretalk|Так.
dlga_dplmc_chamberlain_manage_fiefs_confirm:dplmc_chamberlain_pretalk.1|Ні, я не маю грошей.
dlga_dplmc_chamberlain_manage_fiefs_options:dplmc_chamberlain_manage_fiefs_build|Так, я хочу збудувати покращення.
dlga_dplmc_chamberlain_manage_fiefs_options:dplmc_chamberlain_pretalk|Ні.
dlga_dplmc_chamberlain_pools:dplmc_chamberlain_item_pool|Нехай мої супутники заберуть предмети зі спільного запасу.
dlga_dplmc_chamberlain_pools:dplmc_chamberlain_pretalk|Я б хотів керувати товарами у вторинному сховищі.
dlga_dplmc_chamberlain_pools:dplmc_chamberlain_pretalk.1|Я б хотів керувати господарством.
dlga_dplmc_chamberlain_pools:dplmc_chamberlain_pretalk.2|Не важливо.
dlga_dplmc_chamberlain_pools_ask:dplmc_chamberlain_pools|Що ви хочете зробити?
dlga_dplmc_chamberlain_pretalk:dplmc_chamberlain_talk|Ще щось, {s0}?
dlga_dplmc_chamberlain_status:dplmc_chamberlain_status_select_fief|Про який наділ ви бажаєте звіт?
dlga_dplmc_chamberlain_status_select_fief:dplmc_chamberlain_pretalk|Не важливо.
dlga_dplmc_chamberlain_talk:close_window|О, нічого, я просто хотів перевірити документи.
dlga_dplmc_chamberlain_talk:dplmc_chamberlain_dismiss_confirm_ask|Ви звільнені.
dlga_dplmc_chamberlain_talk:dplmc_chamberlain_manage_fiefs|Я б хотів керувати покращеннями наділів.
dlga_dplmc_chamberlain_talk:dplmc_chamberlain_overview|Прошу, дайте мені звіт про фінансові справи.
dlga_dplmc_chamberlain_talk:dplmc_chamberlain_pools_ask|Я б хотів керувати {reg0?господарством і вторинним сховищем:господарством}.
dlga_dplmc_chamberlain_talk:dplmc_chamberlain_status|Прошу, дайте мені звіт про фінансовий стан наділу.
dlga_dplmc_chamberlain_talk:dplmc_chamberlain_tax|Я хочу змінити ставку податку для наділу.
dlga_dplmc_chamberlain_talk:dplmc_chamberlain_treasury|Давайте оглянемо скарбницю.
dlga_dplmc_chamberlain_tax:dplmc_chamberlain_tax_select_center|Для якого наділу?
dlga_dplmc_chamberlain_tax_ask_confirm:dplmc_chamberlain_tax_confirm|Ви справді хочете встановити ставку податку для {s6} на {s11}?
dlga_dplmc_chamberlain_tax_ask_rate:dplmc_chamberlain_tax_select_rate|Наскільки високою ви хочете встановити ставку податку для {s6}? Люди, ймовірно, бурчатимуть під високим податком, а під м'якшою рукою можуть стати прихильнішими до нас або навіть процвітати.
dlga_dplmc_chamberlain_tax_confirm:dplmc_chamberlain_pretalk|Так.
dlga_dplmc_chamberlain_tax_confirm:dplmc_chamberlain_pretalk.1|Ні, я передумав.
dlga_dplmc_chamberlain_tax_select_center:dplmc_chamberlain_pretalk|Не важливо.
dlga_dplmc_chamberlain_tax_select_rate:dplmc_chamberlain_pretalk|Не важливо.
dlga_dplmc_chamberlain_tax_select_rate:dplmc_chamberlain_tax_ask_confirm|Дуже низькі.
dlga_dplmc_chamberlain_tax_select_rate:dplmc_chamberlain_tax_ask_confirm.1|Низькі.
dlga_dplmc_chamberlain_tax_select_rate:dplmc_chamberlain_tax_ask_confirm.2|Звичайні.
dlga_dplmc_chamberlain_tax_select_rate:dplmc_chamberlain_tax_ask_confirm.3|Високі.
dlga_dplmc_chamberlain_tax_select_rate:dplmc_chamberlain_tax_ask_confirm.4|Дуже високі.
dlga_dplmc_chamberlain_treasury:dplmc_chamberlain_treasury_action|Наразі в скарбниці {s4}, а наш борг — {s6}. Що ви хочете зробити?
dlga_dplmc_chamberlain_treasury_action:dplmc_chamberlain_pretalk|Дякую, поговоримо про щось інше.
dlga_dplmc_chamberlain_treasury_action:dplmc_chamberlain_treasury_action_pay|Я б хотів внести гроші до скарбниці.
dlga_dplmc_chamberlain_treasury_action:dplmc_chamberlain_treasury_action_withdraw|Я б хотів зняти гроші зі скарбниці.
dlga_dplmc_chamberlain_treasury_action_pay:dplmc_chamberlain_treasury_action_pay_select|Наразі в скарбниці маємо {s1}. Скільки грошей ви бажаєте внести до скарбниці, сіре?
dlga_dplmc_chamberlain_treasury_action_pay_select:dplmc_chamberlain_pretalk|Не важливо.
dlga_dplmc_chamberlain_treasury_action_pay_select:dplmc_chamberlain_treasury_action_pay|100.
dlga_dplmc_chamberlain_treasury_action_pay_select:dplmc_chamberlain_treasury_action_pay.1|200.
dlga_dplmc_chamberlain_treasury_action_pay_select:dplmc_chamberlain_treasury_action_pay.2|500.
dlga_dplmc_chamberlain_treasury_action_pay_select:dplmc_chamberlain_treasury_action_pay.3|1000.
dlga_dplmc_chamberlain_treasury_action_pay_select:dplmc_chamberlain_treasury_action_pay.4|2000.
dlga_dplmc_chamberlain_treasury_action_pay_select:dplmc_chamberlain_treasury_action_pay.5|5000.
dlga_dplmc_chamberlain_treasury_action_pay_select:dplmc_chamberlain_treasury_action_pay.6|10000.
dlga_dplmc_chamberlain_treasury_action_withdraw:dplmc_chamberlain_treasury_action_withdraw_select|Наразі в скарбниці маємо {s4} динарів. Скільки грошей ви бажаєте зняти зі скарбниці, сіре?
dlga_dplmc_chamberlain_treasury_action_withdraw_select:dplmc_chamberlain_pretalk|Не важливо.
dlga_dplmc_chamberlain_treasury_action_withdraw_select:dplmc_chamberlain_treasury_action_withdraw|100.
dlga_dplmc_chamberlain_treasury_action_withdraw_select:dplmc_chamberlain_treasury_action_withdraw.1|200.
dlga_dplmc_chamberlain_treasury_action_withdraw_select:dplmc_chamberlain_treasury_action_withdraw.2|500.
dlga_dplmc_chamberlain_treasury_action_withdraw_select:dplmc_chamberlain_treasury_action_withdraw.3|1000.
dlga_dplmc_chamberlain_treasury_action_withdraw_select:dplmc_chamberlain_treasury_action_withdraw.4|2000.
dlga_dplmc_chamberlain_treasury_action_withdraw_select:dplmc_chamberlain_treasury_action_withdraw.5|5000.
dlga_dplmc_chamberlain_treasury_action_withdraw_select:dplmc_chamberlain_treasury_action_withdraw.6|10000.
dlga_dplmc_chancellor_center_gift_ask_type:dplmc_chancellor_center_gift_select|Я рекомендую надіслати 300 одиниць копченої риби, сиру або меду. Якщо в нашому господарстві достатньо, я накажу слузі доставити це.
dlga_dplmc_chancellor_center_gift_kingdom_ask:dplmc_chancellor_center_gift_kingdom_select|Де це поселення?
dlga_dplmc_chancellor_center_gift_kingdom_select:dplmc_chancellor_center_gift_lord_ask|В {s11}.
dlga_dplmc_chancellor_center_gift_kingdom_select:dplmc_chancellor_pretalk|Не важливо.
dlga_dplmc_chancellor_center_gift_lord_ask:dplmc_chancellor_center_gift_lord_select|Якому поселенню ви бажаєте вручити цей дарунок?
dlga_dplmc_chancellor_center_gift_lord_ask:dplmc_chancellor_pretalk|Зважаючи, що ми зараз у війні з {s11} і вони офіційно не визнають вашу легітимність, будь-які посланці, яких ми надішлемо, ризикують бути повішеними як бандити.
dlga_dplmc_chancellor_center_gift_lord_select:dplmc_chancellor_center_gift_send_ask|{s11}.
dlga_dplmc_chancellor_center_gift_lord_select:dplmc_chancellor_pretalk|Я передумав.
dlga_dplmc_chancellor_center_gift_select:dplmc_chancellor_center_gift_kingdom_ask|Надіслати трохи риби.
dlga_dplmc_chancellor_center_gift_select:dplmc_chancellor_center_gift_kingdom_ask.1|Надіслати трохи сиру.
dlga_dplmc_chancellor_center_gift_select:dplmc_chancellor_center_gift_kingdom_ask.2|Надіслати трохи меду.
dlga_dplmc_chancellor_center_gift_select:dplmc_chancellor_pretalk|Не важливо.
dlga_dplmc_chancellor_center_gift_send_ask:dplmc_chancellor_center_gift_send_confirm|Я відправлю слугу з {s6} до {s11}.
dlga_dplmc_chancellor_center_gift_send_confirm:dplmc_chancellor_pretalk|Дякую.
dlga_dplmc_chancellor_center_gift_send_confirm:dplmc_chancellor_pretalk.1|Не важливо.
dlga_dplmc_chancellor_cur_stance:dplmc_chancellor_pretalk|{s10}
dlga_dplmc_chancellor_dismiss_confirm:dplmc_chancellor_dismiss_confirm_yes|Так, я впевнений.
dlga_dplmc_chancellor_dismiss_confirm:dplmc_chancellor_pretalk|Ні, я не впевнений.
dlga_dplmc_chancellor_dismiss_confirm_ask:dplmc_chancellor_dismiss_confirm|Ви впевнені, що я вам більше не потрібен?
dlga_dplmc_chancellor_dismiss_confirm_yes:close_window|Як бажаєте.
dlga_dplmc_chancellor_domestic_policy:dplmc_chancellor_domestic_policy_confirm.3|Надати більше автономії місцевій владі.
dlga_dplmc_chancellor_domestic_policy:dplmc_chancellor_domestic_policy_confirm.4|Я надаю перевагу якісним військам, а не численним.
dlga_dplmc_chancellor_domestic_policy:dplmc_chancellor_domestic_policy_confirm.5|Кількість сама по собі якість. Я надаю перевагу численним військам, а не малій кількості якісних.
dlga_dplmc_chancellor_domestic_policy:dplmc_chancellor_domestic_policy_confirm.6|Дати дворянам більше влади.
dlga_dplmc_chancellor_domestic_policy:dplmc_chancellor_domestic_policy_confirm.7|Дати купцям і торговельним гільдіям більше влади.
dlga_dplmc_chancellor_domestic_policy:dplmc_chancellor_domestic_policy_confirm.8|Активніше керувати економікою, щоб збільшити виробництво і максимізувати експорт.
dlga_dplmc_chancellor_domestic_policy:dplmc_chancellor_domestic_policy_confirm.9|Зменшити роль корони в керуванні промисловістю і торгівлею.
dlga_dplmc_chancellor_domestic_policy:dplmc_chancellor_pretalk|Не важливо.
dlga_dplmc_chancellor_domestic_policy_ask:dplmc_chancellor_domestic_policy|{s20} Що ви хочете змінити?
dlga_dplmc_chancellor_domestic_policy_ask:dplmc_chancellor_pretalk|{s20} Ми можемо змінювати політику лише раз на {reg1} днів, люди мають звикнути. Мусимо зачекати {reg0} днів.
dlga_dplmc_chancellor_domestic_policy_confirm:dplmc_chancellor_pretalk|Я ініціюю всі необхідні кроки.
dlga_dplmc_chancellor_domestic_policy_info:dplmc_chancellor_domestic_policy_info_select|{s20}
dlga_dplmc_chancellor_domestic_policy_info_ask:dplmc_chancellor_domestic_policy_info_select|Про яке королівство вам потрібна інформація?
dlga_dplmc_chancellor_domestic_policy_info_select:dplmc_chancellor_domestic_policy_info|{s10}.
dlga_dplmc_chancellor_domestic_policy_info_select:dplmc_chancellor_pretalk|Про жодне.
dlga_dplmc_chancellor_domestic_policy_options:dplmc_chancellor_domestic_policy_ask|Давайте змінимо нашу внутрішню політику.
dlga_dplmc_chancellor_domestic_policy_options:dplmc_chancellor_domestic_policy_info_ask|Прошу, дайте мені інформацію про внутрішню політику королівства.
dlga_dplmc_chancellor_domestic_policy_options:dplmc_chancellor_kingdom_culture_ask|Я бажаю обрати культуру королівства.
dlga_dplmc_chancellor_domestic_policy_options:dplmc_chancellor_pretalk|Не важливо.
dlga_dplmc_chancellor_domestic_policy_options_ask:dplmc_chancellor_domestic_policy_options|Як бажаєте, {s0}.
dlga_dplmc_chancellor_gift_ask_person:dplmc_chancellor_gift_lady_or_lord|Бажаєте надіслати ваш дарунок дамі чи лорду?
dlga_dplmc_chancellor_gift_ask_type:dplmc_chancellor_gift_select|Я рекомендую надіслати 150 одиниць елю, вина або олії. Якщо в нашому господарстві достатньо, я накажу носію доставити це.
dlga_dplmc_chancellor_gift_ask_where:dplmc_chancellor_gift_where|Надсилання дарунка коштуватиме нам 50 динарів. Я зніму гроші зі скарбниці. Бажаєте надіслати ваш дарунок особі чи поселенню?
dlga_dplmc_chancellor_gift_ask_where:dplmc_chancellor_pretalk|У нашій скарбниці недостатньо грошей, щоб надіслати дарунок! Це коштуватиме нам 50 динарів.
dlga_dplmc_chancellor_gift_kingdom_ask:dplmc_chancellor_gift_kingdom_select|Де мешкає лорд, якому ви хочете зробити подарунок?
dlga_dplmc_chancellor_gift_kingdom_select:dplmc_chancellor_gift_lord_ask|В {s11}.
dlga_dplmc_chancellor_gift_kingdom_select:dplmc_chancellor_pretalk|Не важливо.
dlga_dplmc_chancellor_gift_lady_or_lord:dplmc_chancellor_gift_ask_type|Прошу, надішліть дарунок лорду.
dlga_dplmc_chancellor_gift_lady_or_lord:dplmc_chancellor_lady_gift_ask_type|Прошу, надішліть дарунок дамі.
dlga_dplmc_chancellor_gift_lady_or_lord:dplmc_chancellor_pretalk|Не важливо.
dlga_dplmc_chancellor_gift_lord_ask:dplmc_chancellor_gift_lord_select|Кому ви бажаєте надіслати дарунок?
dlga_dplmc_chancellor_gift_lord_ask:dplmc_chancellor_pretalk|Зважаючи, що ми зараз у війні з {s11}, але вони офіційно не визнають вашу легітимність, будь-які посланці ризикують бути повішеними як бандити.
dlga_dplmc_chancellor_gift_lord_select:dplmc_chancellor_gift_send_ask|{s11}.
dlga_dplmc_chancellor_gift_lord_select:dplmc_chancellor_pretalk|Нікого не спадає на думку.
dlga_dplmc_chancellor_gift_select:dplmc_chancellor_gift_kingdom_ask|Надіслати трохи елю.
dlga_dplmc_chancellor_gift_select:dplmc_chancellor_gift_kingdom_ask.1|Надіслати трохи вина.
dlga_dplmc_chancellor_gift_select:dplmc_chancellor_gift_kingdom_ask.2|Надіслати трохи олії.
dlga_dplmc_chancellor_gift_select:dplmc_chancellor_pretalk|Не важливо.
dlga_dplmc_chancellor_gift_send_ask:dplmc_chancellor_gift_send_confirm|Я відправлю слугу з {s6} до {s11}.
dlga_dplmc_chancellor_gift_send_confirm:dplmc_chancellor_pretalk|Дякую.
dlga_dplmc_chancellor_gift_send_confirm:dplmc_chancellor_pretalk.1|Не важливо.
dlga_dplmc_chancellor_gift_where:dplmc_chancellor_center_gift_ask_type|Поселенню.
dlga_dplmc_chancellor_gift_where:dplmc_chancellor_gift_ask_person|Особі.
dlga_dplmc_chancellor_gift_where:dplmc_chancellor_pretalk|Нікуди.
dlga_dplmc_chancellor_info_kingdom_ask:dplmc_chancellor_info_kingdom_select|Уточніть, мені треба звіритися з книгою, щоб згадати, до якої фракції належать усі ці сварливі лорди...
dlga_dplmc_chancellor_info_kingdom_select:dplmc_chancellor_info_person_ask|{s11}.
dlga_dplmc_chancellor_info_kingdom_select:dplmc_chancellor_pretalk|Не важливо.
dlga_dplmc_chancellor_info_person:dplmc_chancellor_pretalk|{s47}
dlga_dplmc_chancellor_info_person_ask:dplmc_chancellor_info_person_select|Про якого лорда ви хочете інформацію?
dlga_dplmc_chancellor_info_person_select:dplmc_chancellor_info_person|{s1}.
dlga_dplmc_chancellor_info_person_select:dplmc_chancellor_pretalk|Про нікого.
dlga_dplmc_chancellor_kingdom_culture_ask:dplmc_chancellor_kingdom_culture_select|{s11}. Бажаєте змінити це?
dlga_dplmc_chancellor_kingdom_culture_ask:dplmc_chancellor_talk|{s0} з {s11} навряд чи прийме нав'язування чужої культури.
dlga_dplmc_chancellor_kingdom_culture_select:dplmc_chancellor_pretalk|{s11}.
dlga_dplmc_chancellor_kingdom_culture_select:dplmc_chancellor_pretalk.1|Не надавати жодній культурі переваги.
dlga_dplmc_chancellor_kingdom_culture_select:dplmc_chancellor_pretalk.2|Нічого не змінювати.
dlga_dplmc_chancellor_lady_gift_ask_type:dplmc_chancellor_lady_gift_select|Я рекомендую надіслати барвники, шовк або оксамит. Якщо в нашому господарстві достатньо, я накажу слузі доставити це.
dlga_dplmc_chancellor_lady_gift_kingdom_ask:dplmc_chancellor_lady_gift_kingdom_select|Де мешкає дама?
dlga_dplmc_chancellor_lady_gift_kingdom_select:dplmc_chancellor_lady_gift_lady_ask|В {s11}.
dlga_dplmc_chancellor_lady_gift_kingdom_select:dplmc_chancellor_pretalk|Не важливо.
dlga_dplmc_chancellor_lady_gift_lady_ask:dplmc_chancellor_lady_gift_lady_select|Яка дама має отримати дарунок?
dlga_dplmc_chancellor_lady_gift_lady_ask:dplmc_chancellor_pretalk|Зважаючи, що ми зараз у війні з {s11}, але вони офіційно не визнають вашу легітимність, будь-які посланці ризикують бути повішеними як бандити.
dlga_dplmc_chancellor_lady_gift_lady_select:dplmc_chancellor_lady_gift_send_ask|{s11}.
dlga_dplmc_chancellor_lady_gift_lady_select:dplmc_chancellor_pretalk|Нікого не спадає на думку.
dlga_dplmc_chancellor_lady_gift_select:dplmc_chancellor_lady_gift_kingdom_ask|Надіслати барвники.
dlga_dplmc_chancellor_lady_gift_select:dplmc_chancellor_lady_gift_kingdom_ask.1|Надіслати шовк.
dlga_dplmc_chancellor_lady_gift_select:dplmc_chancellor_lady_gift_kingdom_ask.2|Надіслати оксамит.
dlga_dplmc_chancellor_lady_gift_select:dplmc_chancellor_pretalk|Не важливо.
dlga_dplmc_chancellor_lady_gift_send_ask:dplmc_chancellor_lady_gift_send_confirm|Я відправлю слугу з {s6} до {s11}.
dlga_dplmc_chancellor_lady_gift_send_confirm:dplmc_chancellor_pretalk|Дякую.
dlga_dplmc_chancellor_lady_gift_send_confirm:dplmc_chancellor_pretalk.1|Не важливо.
dlga_dplmc_chancellor_message_ask:close_window|Гм, {s6} якраз тут, може, ви самі зробите це, якщо це не надто незручно?
dlga_dplmc_chancellor_message_ask:dplmc_chancellor_message_select|Що ви хочете сказати {s6}? {s1}
dlga_dplmc_chancellor_message_ask_type:dplmc_chancellor_message_lord_select|Кому ви бажаєте надіслати послання?
dlga_dplmc_chancellor_message_goto_lord_ask:dplmc_chancellor_message_order_details|Куди ви накажете {reg4?їй:йому}?
dlga_dplmc_chancellor_message_lord_ask:dplmc_message_send_confirm|Звісно, я відправлю гінця до {s11} і запитаю {reg4?її:його}, чи {reg4?вона:він} {reg4?згодна:згоден} супроводжувати вас у полі.
dlga_dplmc_chancellor_message_lord_ask:dplmc_message_send_confirm.1|Звісно, я відправлю гінця до {s11} і запитаю {reg4?її:його}, чи {reg4?вона:він} {reg4?згодна:згоден} вирушити до {s12}.
dlga_dplmc_chancellor_message_lord_ask:dplmc_message_send_confirm.2|Звісно, я відправлю гінця до {s11} і запитаю {reg4?її:його}, чи {reg4?вона:він} {reg4?згодна:згоден} патрулювати навколо {s12}.
dlga_dplmc_chancellor_message_lord_ask:dplmc_message_send_confirm.3|Звісно, я відправлю гінця до {s11} і запитаю {reg4?її:його}, чи {reg4?вона:він} {reg4?згодна:згоден} відступити до {s12}.
dlga_dplmc_chancellor_message_lord_ask:dplmc_message_send_confirm.4|Звісно, я відправлю гінця до {s11} і запитаю {reg4?її:його}, чи {reg4?вона:він} {reg4?згодна:згоден} обложити {s12}.
dlga_dplmc_chancellor_message_lord_ask:dplmc_message_send_confirm.5|Звісно, я відправлю гінця до {s11} і запитаю {reg4?її:його}, чи {reg4?вона:він} {reg4?згодна:згоден} грабувати навколо {s12}.
dlga_dplmc_chancellor_message_lord_select:dplmc_chancellor_message_ask|{s1}.
dlga_dplmc_chancellor_message_lord_select:dplmc_chancellor_pretalk|Не важливо.
dlga_dplmc_chancellor_message_order_details:dplmc_chancellor_message_lord_ask|Сюди
dlga_dplmc_chancellor_message_order_details:dplmc_chancellor_message_lord_ask.1|{s1}
dlga_dplmc_chancellor_message_order_details:dplmc_chancellor_pretalk|Нікуди.
dlga_dplmc_chancellor_message_select:dplmc_chancellor_message_goto_lord_ask|Запитати {reg4?її:його}, чи {reg4?вона:він} {reg4?згодна:згоден} вирушити до місця.
dlga_dplmc_chancellor_message_select:dplmc_chancellor_message_goto_lord_ask.1|Запитати {reg4?її:його}, чи {reg4?вона:він} {reg4?згодна:згоден} патрулювати місце.
dlga_dplmc_chancellor_message_select:dplmc_chancellor_message_goto_lord_ask.2|Запитати {reg4?її:його}, чи {reg4?вона:він} {reg4?згодна:згоден} втекти до місця.
dlga_dplmc_chancellor_message_select:dplmc_chancellor_message_goto_lord_ask.3|Запитати {reg4?її:його}, чи {reg4?вона:він} {reg4?згодна:згоден} обложити місце.
dlga_dplmc_chancellor_message_select:dplmc_chancellor_message_goto_lord_ask.4|Запитати {reg4?її:його}, чи {reg4?вона:він} {reg4?згодна:згоден} грабувати навколо місця.
dlga_dplmc_chancellor_message_select:dplmc_chancellor_message_lord_ask|Запитати {reg4?її:його}, чи {reg4?вона:він} {reg4?згодна:згоден} супроводжувати мене в полі.
dlga_dplmc_chancellor_message_select:dplmc_chancellor_pretalk|Не важливо.
dlga_dplmc_chancellor_pretalk:dplmc_chancellor_talk|Ще щось потрібно, {s0}?
dlga_dplmc_chancellor_talk:close_window|Прощавайте!
dlga_dplmc_chancellor_talk:dplmc_chancellor_cur_stance|Який настрій лордів щодо наділу {s4}?
dlga_dplmc_chancellor_talk:dplmc_chancellor_dismiss_confirm_ask|Ваші послуги мені більше не потрібні.
dlga_dplmc_chancellor_talk:dplmc_chancellor_domestic_policy_options_ask|Давайте поговоримо про внутрішню політику.
dlga_dplmc_chancellor_talk:dplmc_chancellor_gift_ask_where|Прошу, надішліть дарунок.
dlga_dplmc_chancellor_talk:dplmc_chancellor_info_kingdom_ask|Прошу, дайте мені відомості про лорда.
dlga_dplmc_chancellor_talk:dplmc_chancellor_message_ask_type|Прошу, надішліть послання іншому лорду.
dlga_dplmc_chancellor_talk:dplmc_chancellor_pretalk|Я б хотів переглянути предмети у моїх вторинних сховищах.
dlga_dplmc_chancellor_talk:dplmc_chancellor_talk_household|Давайте перевіримо наше господарське майно.
dlga_dplmc_chancellor_talk_household:dplmc_chancellor_pretalk|Усі важливі речі слід зберігати в господарстві.
dlga_dplmc_claimant_marriage_proposal_pc_confirm:dplmc_claimant_marriage_proposal_pc_reax|Так. Це моя пропозиція.
dlga_dplmc_claimant_marriage_proposal_pc_confirm:lord_pretalk|Ні, здається, ви мене не так зрозуміли. Забудьте, що я це казав.
dlga_dplmc_claimant_marriage_proposal_pc_confirm:lord_pretalk.1|О, ні в якому разі! Ні, ви все не так зрозуміли... забудьте, що я щось казав.
dlga_dplmc_claimant_marriage_proposal_pc_reax:lord_marriage_proposal_female_pc_confirm_engagement|{s14}
dlga_dplmc_claimant_marriage_proposal_pc_reax:lord_pretalk|Не бійтеся, я не маю наміру передумувати. Ми одружимося, щойно трапиться нагода, гідна цієї величної події.
dlga_dplmc_claimant_marriage_proposal_pc_reax:lord_pretalk.1|На жаль, це неможливо, оскільки я вже одружений з {s0}.
dlga_dplmc_claimant_marriage_proposal_pc_reax:lord_pretalk.2|На жаль, це неможливо, оскільки ви вже одружені з {s0}.
dlga_dplmc_claimant_marriage_proposal_pc_reax:lord_pretalk.3|На жаль, це неможливо, оскільки я вже заручений з {s0}.
dlga_dplmc_claimant_marriage_proposal_pc_reax:lord_pretalk.4|На жаль, це неможливо, оскільки ви вже заручені з {s0}.
dlga_dplmc_claimant_marriage_proposal_pc_reax:lord_pretalk.5|{s14}
dlga_dplmc_companion_alliance_confirm:companion_rejoin_response|Гаразд — нехай цей союз із {s4} буде укладено.
dlga_dplmc_companion_alliance_confirm:companion_rejoin_response.1|Передумавши, мабуть, це зараз не в наших інтересах.
dlga_dplmc_companion_alliance_request_response:companion_rejoin_response|{s4} не бажає укладати з вами союз.
dlga_dplmc_companion_alliance_request_response:dplmc_companion_alliance_confirm|{s4} готова укласти з вами союз.
dlga_dplmc_companion_defensive_confirm:companion_rejoin_response|Гаразд — нехай цей оборонний пакт із {s4} буде укладено.
dlga_dplmc_companion_defensive_confirm:companion_rejoin_response.1|Передумавши, мабуть, це зараз не в наших інтересах.
dlga_dplmc_companion_defensive_request_response:companion_rejoin_response|{s4} не бажає укладати з вами оборонний пакт.
dlga_dplmc_companion_defensive_request_response:dplmc_companion_defensive_confirm|{s4} готова укласти з вами оборонний пакт.
dlga_dplmc_companion_nonaggression_confirm:companion_rejoin_response|Гаразд — нехай цей пакт про ненапад із {s4} буде укладено.
dlga_dplmc_companion_nonaggression_confirm:companion_rejoin_response.1|Передумавши, мабуть, це зараз не в наших інтересах.
dlga_dplmc_companion_nonaggression_request_response:companion_rejoin_response|{s4} не бажає укладати з вами пакт про ненапад.
dlga_dplmc_companion_nonaggression_request_response:dplmc_companion_nonaggression_confirm|{s4} готова укласти з вами пакт про ненапад.
dlga_dplmc_companion_prisoner_exchange_confirm:companion_rejoin_response|Так, звільніть {reg4?її:його} негайно.
dlga_dplmc_companion_prisoner_exchange_confirm:companion_rejoin_response.1|Думаю, ні. Назад до підземелля!
dlga_dplmc_companion_quitting_lord_1:dplmc_companion_quitting_lord_2|Тоді прощавайте.
dlga_dplmc_companion_quitting_lord_1:dplmc_companion_quitting_lord_persuasion|Можливо, я зможу переконати тебе передумати.
dlga_dplmc_companion_quitting_lord_2:lord_leave|Тоді прощавайте.
dlga_dplmc_companion_quitting_lord_persuasion:close_window|Гм. Гадаю, я можу відкласти це ще на трохи.
dlga_dplmc_companion_quitting_lord_persuasion:dplmc_companion_quitting_lord_1|Вибач, але я більше не можу відкладати.
dlga_dplmc_companion_quitting_persuasion_1:companion_quitting_persuasion|У нас були гарні часи. Зараз справи, може, йдуть не так, як тобі хотілося б, але лишися зі мною ще на трохи — і ситуація виправиться.
dlga_dplmc_companion_quitting_persuasion_1:companion_quitting_response|Власне, не важливо. Я хотів сказати щось інше.
dlga_dplmc_companion_quitting_persuasion_1:dplmc_companion_quitting_persuasion_bribe|Чи переконає тебе {s1} лишитися ще на трохи?
dlga_dplmc_companion_quitting_persuasion_bribe:close_window|Гм. Коли ти так кажеш, гадаю, я можу лишитися ще на трохи, подивитися, чи стане краще.
dlga_dplmc_companion_quitting_persuasion_start:dplmc_companion_quitting_persuasion_1|Гаразд, я тебе вислухаю.
dlga_dplmc_companion_quitting_persuasion_start:dplmc_companion_quitting_persuasion_1.1|Я слухаю.
dlga_dplmc_companion_spy_request_center_selected:dplmc_companion_spy_request_select_newcenter|{s4} {s3}, а навколо військ: {s31}.
dlga_dplmc_companion_spy_request_select_center:companion_rejoin_response|Не важливо.
dlga_dplmc_companion_spy_request_select_center:dplmc_companion_spy_request_center_selected|{s60}
dlga_dplmc_companion_spy_request_select_newcenter:dplmc_companion_spy_request_select_center|Потрібна інформація про інше місце?
dlga_dplmc_companion_threaten_request_response:companion_rejoin_response|Вони сплатили {s1} і очікують, що ви лишите їх у спокої. Я погодився на перемир'я на 40 днів.
dlga_dplmc_companion_threaten_request_response:companion_rejoin_response.1|Вони надсилають вам оголошення війни.
dlga_dplmc_companion_threaten_request_response:companion_rejoin_response.2|Вони не бажають поступатися перед вашими погрозами.
dlga_dplmc_companion_trade_confirm:companion_rejoin_response|Гаразд — підпишімо торговельну угоду з {s4}.
dlga_dplmc_companion_trade_confirm:companion_rejoin_response.1|Передумавши, мабуть, це зараз не в наших інтересах.
dlga_dplmc_companion_trade_request_response:companion_rejoin_response|{s4} не бажає підписувати торговельну угоду.
dlga_dplmc_companion_trade_request_response:dplmc_companion_trade_confirm|{s4} готова підписати з вами торговельну угоду.
dlga_dplmc_companion_truce_pay:companion_rejoin_response|Сплатити {reg0} динарів і нехай перемир'я з {s4} буде укладено
dlga_dplmc_companion_truce_pay:companion_rejoin_response.1|Сплатити {reg1} динарів і віддати {reg4?їй:йому} {s18}, нехай це перемир'я з {s4} буде укладено
dlga_dplmc_companion_truce_pay:companion_rejoin_response.2|Віддати {reg0?їй:йому} {s18}, нехай це перемир'я з {s4} буде укладено
dlga_dplmc_companion_truce_pay:companion_rejoin_response.3|Передумавши, мабуть, це зараз не в наших інтересах..
dlga_dplmc_companion_war_pay:companion_rejoin_response|Сплатити {reg1} динарів зі скарбниці і сказати {reg0?їй:йому} починати війну.
dlga_dplmc_companion_war_pay:companion_rejoin_response.1|Передумавши, не думаю, що ми можемо взяти стільки грошей зі скарбниці.
dlga_dplmc_companion_war_request_response:companion_rejoin_response|{s4} готова почати війну з {s31}.
dlga_dplmc_companion_war_request_response:companion_rejoin_response.1|{s4} не бажає починати війну з {s31}.
dlga_dplmc_companion_war_request_response:dplmc_companion_war_pay|{s4} готова почати війну з {s31}, але потребує {reg1} динарів, щоб підготувати {reg0?її:його} армію.
dlga_dplmc_constable_dismiss_confirm:dplmc_constable_dismiss_confirm_yes|Так, я впевнений.
dlga_dplmc_constable_dismiss_confirm:dplmc_constable_pretalk|Ні, я не впевнений.
dlga_dplmc_constable_dismiss_confirm_ask:dplmc_constable_dismiss_confirm|Ви впевнені, що мої послуги вам більше не потрібні?
dlga_dplmc_constable_dismiss_confirm_ask:dplmc_constable_dismiss_inventory|Якщо така ваша воля, {s0}. У мене лишилося спорядження, яке ви мені довірили, тож я б знехтував обов'язком, якби ви мене відіслали, не подбавши спершу про ці речі.
dlga_dplmc_constable_dismiss_confirm_yes:close_window|Як бажаєте.
dlga_dplmc_constable_dismiss_inventory:dplmc_constable_dismiss_confirm_ask|Що ж, дайте глянути...
dlga_dplmc_constable_dismiss_inventory:dplmc_constable_pretalk|Передумавши, ви мені ще потрібні на посту.
dlga_dplmc_constable_exchange_prisoner_ask_confirm:dplmc_constable_exchange_prisoner_confirm|Як бажаєте, я накажу тюремній варті звільнити {s10} з {s11}.
dlga_dplmc_constable_exchange_prisoner_confirm:dplmc_constable_pretalk|Гаразд.
dlga_dplmc_constable_exchange_prisoner_confirm:dplmc_constable_pretalk.1|Ні, я передумав.
dlga_dplmc_constable_garrison_prisoner_done:dplmc_constable_pretalk|Сподіваюся, вони краще чесно попрацюють, ніж нудитимуться в підземеллі.
dlga_dplmc_constable_garrison_prisoner_manage:dplmc_constable_garrison_prisoner_sell|Звісно, {s0}. Лишилося полонених: {reg0}{reg1? і ув'язнених дворян {reg1}:}.
dlga_dplmc_constable_garrison_prisoner_sell:dplmc_constable_garrison_prisoner_done|На цьому все.
dlga_dplmc_constable_garrison_prisoner_sell:dplmc_constable_garrison_prisoner_manage|Продамо їх.
dlga_dplmc_constable_gender_ratio:dplmc_constable_gender_ratio_select|Гаразд. Наразі на кожні 100 чоловіків у нас буде також {reg10} жінок, що б'ються пліч-о-пліч. Як би ви хотіли перерозподілити наші зусилля з набору?
dlga_dplmc_constable_gender_ratio_select:dplmc_constable_gender_ratio|Менше.
dlga_dplmc_constable_gender_ratio_select:dplmc_constable_gender_ratio.1|Більше.
dlga_dplmc_constable_gender_ratio_select:dplmc_constable_gender_ratio.2|Порівну.
dlga_dplmc_constable_gender_ratio_select:dplmc_constable_pretalk|Гадаю, наразі добре.
dlga_dplmc_constable_lord:dplmc_constable_status_lord_select|Гаразд, про загін якого лорда ви бажаєте дізнатися?
dlga_dplmc_constable_move_troops:dplmc_constable_move_troops_location|Куди ви хочете перемістити війська?
dlga_dplmc_constable_move_troops_location:dplmc_constable_pretalk|Нікуди.
dlga_dplmc_constable_move_troops_location_confirm:dplmc_constable_pretalk|Так.
dlga_dplmc_constable_move_troops_location_confirm:dplmc_constable_pretalk.1|Ні. Дайте перевірити, чи можемо собі це дозволити.
dlga_dplmc_constable_move_troops_location_confirm_ask:dplmc_constable_move_troops_location_confirm|Ви справді хочете відправити війська до {s9}? Це коштуватиме нам {reg5} динарів.
dlga_dplmc_constable_move_troops_location_confirm_ask:dplmc_constable_pretalk|Ви не обрали жодних воїнів. Схоже, ви передумали.
dlga_dplmc_constable_patrol_change:dplmc_constable_security_ask|Жодного.
dlga_dplmc_constable_patrol_change_ask:dplmc_constable_patrol_change|Який патруль має змінити ціль?
dlga_dplmc_constable_patrol_change_target:dplmc_constable_security_ask|Нікуди.
dlga_dplmc_constable_patrol_change_target_ask:dplmc_constable_patrol_change_target|Куди ви хочете його відправити?
dlga_dplmc_constable_patrol_change_target_confirm:dplmc_constable_security_ask|Дякую.
dlga_dplmc_constable_patrol_change_target_confirm:dplmc_constable_security_ask.1|О, мабуть, ні.
dlga_dplmc_constable_patrol_change_target_confirm_ask:dplmc_constable_patrol_change_target_confirm|Як бажаєте, я відправлю гінця з наказом патрулювати {s6} до {s5}.
dlga_dplmc_constable_patrol_change_to_center_confirm_ask:dplmc_constable_patrol_to_center_confirm|Як бажаєте, я відправлю гінця з наказом рухатися до {s6} до {s5}.
dlga_dplmc_constable_patrol_confirm:dplmc_constable_pretalk|Так.
dlga_dplmc_constable_patrol_confirm:dplmc_constable_pretalk.1|Ні.
dlga_dplmc_constable_patrol_confirm_ask:dplmc_constable_patrol_confirm|Ви справді хочете відправити патруль {s8} до {s9}?
dlga_dplmc_constable_patrol_disband:dplmc_constable_pretalk|Жодного.
dlga_dplmc_constable_patrol_disband_ask:dplmc_constable_patrol_disband|Який патруль ви хочете розпустити?
dlga_dplmc_constable_patrol_disband_confirm:dplmc_constable_security_ask|Дякую.
dlga_dplmc_constable_patrol_disband_confirm:dplmc_constable_security_ask.1|Ні.
dlga_dplmc_constable_patrol_disband_confirm_ask:dplmc_constable_patrol_disband_confirm|Як бажаєте, я відправлю гінця, який накаже {s5} розпуститися.
dlga_dplmc_constable_patrol_garrison:dplmc_constable_patrol_garrison_2|Мій {лорде/леді}, давайте зберемо патрульні війська.
dlga_dplmc_constable_patrol_garrison_2:dplmc_constable_patrol_garrison_location|Куди ви хочете відправити патруль?
dlga_dplmc_constable_patrol_garrison_2:dplmc_constable_pretalk|Ви не обрали жодних воїнів. Схоже, ви передумали.
dlga_dplmc_constable_patrol_garrison_confirm:dplmc_constable_pretalk|Так.
dlga_dplmc_constable_patrol_garrison_confirm:dplmc_constable_pretalk.1|Ні.
dlga_dplmc_constable_patrol_garrison_confirm_ask:dplmc_constable_patrol_garrison_confirm|Ви справді хочете відправити патруль до {s9}?
dlga_dplmc_constable_patrol_garrison_confirm_ask:dplmc_constable_pretalk|Ви не обрали жодних воїнів. Схоже, ви передумали.
dlga_dplmc_constable_patrol_location:dplmc_constable_pretalk|Нікуди.
dlga_dplmc_constable_patrol_location_ask:dplmc_constable_patrol_location|Куди ви хочете відправити патруль?
dlga_dplmc_constable_patrol_size:dplmc_constable_patrol_garrison|Взяти війська з гарнізону.
dlga_dplmc_constable_patrol_size:dplmc_constable_patrol_location_ask|Невеликий.
dlga_dplmc_constable_patrol_size:dplmc_constable_patrol_location_ask.1|Середній.
dlga_dplmc_constable_patrol_size:dplmc_constable_patrol_location_ask.2|Великий.
dlga_dplmc_constable_patrol_size:dplmc_constable_patrol_location_ask.3|Взяти найкращих воїнів навколо.
dlga_dplmc_constable_patrol_size:dplmc_constable_pretalk|Жодного.
dlga_dplmc_constable_patrol_size_ask:dplmc_constable_patrol_size|Ви можете взяти війська з вашого гарнізону або найняти свіжі війська. В останньому випадку ви можете найняти малий патруль за 1000 динарів, середній за 2000 або великий за 3000. Також можна найняти малий елітний патруль за 2000. Воїнам треба платити щотижневу платню, тож переконайтеся, що в скарбниці достатньо грошей.
dlga_dplmc_constable_patrol_size_ask:dplmc_constable_patrol_size.1|Наразі свіжих військ немає. Мусимо зачекати {reg0} днів. {reg1?Але ви можете взяти війська з вашого гарнізону:У гарнізоні теж немає готових військ}.
dlga_dplmc_constable_patrol_to_center:dplmc_constable_security_ask|Жодного.
dlga_dplmc_constable_patrol_to_center_ask:dplmc_constable_patrol_to_center|Який патруль має повернутися до центру?
dlga_dplmc_constable_patrol_to_center_confirm:dplmc_constable_security_ask|Дякую.
dlga_dplmc_constable_patrol_to_center_confirm:dplmc_constable_security_ask.1|О, мабуть, ні.
dlga_dplmc_constable_patrol_to_center_target:dplmc_constable_security_ask|Нікуди.
dlga_dplmc_constable_patrol_to_center_target_ask:dplmc_constable_patrol_to_center_target|Куди ви хочете його відправити?
dlga_dplmc_constable_pretalk:dplmc_constable_talk|Ще щось потрібно, {s0}?
dlga_dplmc_constable_prisoner:dplmc_constable_pretalk|Негайно, {s0}.
dlga_dplmc_constable_recruit:dplmc_constable_pretalk|Нам потрібна скарбниця, щоб наймати нових воїнів. Спершу призначте камергера.
dlga_dplmc_constable_recruit:dplmc_constable_pretalk.1|Ви вже найняли максимальну кількість вербувальників: {reg0?4:2} з цього {reg0?міста:замку}.
dlga_dplmc_constable_recruit:dplmc_constable_recruit_select|Якщо бажаєте, я відправлю людину по навколишніх селах набирати людей до наших сил. Після того як він набере замовлену кількість, він повернеться до цього {reg0?міста:замку} і посадить рекрутів до гарнізону. Є обмеження на одночасних вербувальників: 2 для замків і 4 для міст. Яких рекрутів ви хочете?
dlga_dplmc_constable_recruit_amount:dplmc_constable_recruit_amount_select|Ви маєте сплатити {reg10} динарів за кожного рекрута і {reg11} динарів вербувальнику. Я візьму гроші зі скарбниці. За скількох рекрутів ви готові заплатити?
dlga_dplmc_constable_recruit_amount_select:dplmc_constable_pretalk|Я можу найняти їх сам.
dlga_dplmc_constable_recruit_amount_select:dplmc_constable_recruit_confirm_ask|{reg12}.
dlga_dplmc_constable_recruit_confirm:dplmc_constable_pretalk|Так.
dlga_dplmc_constable_recruit_confirm:dplmc_constable_pretalk.1|Ні.
dlga_dplmc_constable_recruit_confirm_ask:dplmc_constable_recruit_confirm|Ви справді хочете завербувати {reg11} {s11}? Це коштуватиме нам загалом {reg12} динарів.
dlga_dplmc_constable_recruit_select:dplmc_constable_recruit_amount|{s11}.
dlga_dplmc_constable_recruits_and_training:dplmc_constable_gender_ratio|Я хочу зосередитися на гендерному балансі наших військ.
dlga_dplmc_constable_recruits_and_training:dplmc_constable_pretalk|Я передумав.
dlga_dplmc_constable_recruits_and_training:dplmc_constable_recruit|Я хочу завербувати нових воїнів.
dlga_dplmc_constable_recruits_and_training:dplmc_constable_train_ask|Чи не могли б ви потренувати трохи рекрутів?
dlga_dplmc_constable_recruits_and_training:dplmc_constable_train_stop|Прошу, припиніть тренувати рекрутів у {s11}.
dlga_dplmc_constable_recruits_and_training_ask:dplmc_constable_recruits_and_training|Звісно.
dlga_dplmc_constable_reports:dplmc_constable_kingdom_overview|Прошу, дайте мені звіт про армію королівства.
dlga_dplmc_constable_reports:dplmc_constable_lord|Прошу, дайте мені звіт про загін лорда.
dlga_dplmc_constable_reports:dplmc_constable_overview|Прошу, дайте мені звіт про мою армію.
dlga_dplmc_constable_reports:dplmc_constable_pretalk|Дякую, наразі це все.
dlga_dplmc_constable_reports:dplmc_constable_status|Прошу, дайте мені звіт про гарнізон наділу.
dlga_dplmc_constable_reports_ask:dplmc_constable_reports|Про що ви хочете звіт?
dlga_dplmc_constable_scout_ask:dplmc_constable_scout_location|Ми можемо відправити шпигуна, це коштуватиме вам 300 динарів. Куди ви хочете відправити шпигуна?
dlga_dplmc_constable_scout_location2:dplmc_constable_pretalk|Я передумав.
dlga_dplmc_constable_scout_location:dplmc_constable_pretalk|Я передумав.
dlga_dplmc_constable_scout_location_confirm:dplmc_constable_pretalk|Чудово.
dlga_dplmc_constable_scout_location_confirm:dplmc_constable_pretalk.1|Стривайте!
dlga_dplmc_constable_scout_location_confirm_ask2:dplmc_constable_scout_location_confirm|Як бажаєте, я відправлю шпигуна до {s11} і зніму 300 динарів з вашої скарбниці.
dlga_dplmc_constable_scout_location_confirm_ask:dplmc_constable_scout_location2|За яким поселенням ви хочете шпигувати?
dlga_dplmc_constable_security:dplmc_constable_move_troops|Я хочу перемістити війська до іншого місця.
dlga_dplmc_constable_security:dplmc_constable_patrol_change_ask|Я хочу змінити ціль патруля.
dlga_dplmc_constable_security:dplmc_constable_patrol_disband_ask|Я хочу розпустити патруль.
dlga_dplmc_constable_security:dplmc_constable_patrol_size_ask|Я хочу найняти патруль.
dlga_dplmc_constable_security:dplmc_constable_patrol_to_center_ask|Я хочу, щоб патруль повернувся до центру.
dlga_dplmc_constable_security:dplmc_constable_pretalk|Не важливо.
dlga_dplmc_constable_security_ask:dplmc_constable_security|Звісно.
dlga_dplmc_constable_status:dplmc_constable_status_select_fief|Про який наділ ви бажаєте дізнатися?
dlga_dplmc_constable_status_info:dplmc_constable_status|У нас там немає гарнізонних воїнів. На щастя, сам вигляд нашого стяга має відлякувати бандитів.
dlga_dplmc_constable_status_lord_select:dplmc_constable_reports_ask|Не важливо.
dlga_dplmc_constable_status_select_fief:dplmc_constable_reports_ask|Не важливо.
dlga_dplmc_constable_talk:close_window|Дякую, я повернуся до вас пізніше.
dlga_dplmc_constable_talk:dplmc_constable_dismiss_confirm_ask|Ви звільнені.
dlga_dplmc_constable_talk:dplmc_constable_garrison_prisoner_manage|У нас у підземеллі полонені, давайте на них глянемо.
dlga_dplmc_constable_talk:dplmc_constable_pretalk|Я б хотів глянути на зброярню.
dlga_dplmc_constable_talk:dplmc_constable_prisoner|У мене є полонені — чи не могли б ви їх продати?
dlga_dplmc_constable_talk:dplmc_constable_recruits_and_training_ask|Давайте поговоримо про рекрутів і тренування.
dlga_dplmc_constable_talk:dplmc_constable_reports_ask|Прошу, дайте мені звіт.
dlga_dplmc_constable_talk:dplmc_constable_scout_ask|Я хочу відомості про поселення.
dlga_dplmc_constable_talk:dplmc_constable_security_ask|Давайте поговоримо про патрулі і переміщення військ.
dlga_dplmc_constable_talk:dplmc_constable_talk_ask_prisoner|Я хочу звільнити полоненого.
dlga_dplmc_constable_talk:dplmc_constable_talk_ask_war|Як іде війна?
dlga_dplmc_constable_talk_ask_prisoner:dplmc_constable_talk_prisoner_select|Гаразд, якого полоненого ви хочете звільнити?
dlga_dplmc_constable_talk_ask_war:dplmc_constable_talk_ask_war_2|{s12}
dlga_dplmc_constable_talk_ask_war_2:dplmc_constable_pretalk|Це все, що я хотів знати. Дякую.
dlga_dplmc_constable_talk_ask_war_2:dplmc_constable_talk_ask_war_details|Розкажіть мені більше про війну з {s1}.
dlga_dplmc_constable_talk_prisoner_select:dplmc_constable_exchange_prisoner_ask_confirm|{s10} з {s11}.
dlga_dplmc_constable_talk_prisoner_select:dplmc_constable_pretalk|Нікого.
dlga_dplmc_constable_train_ask:dplmc_constable_train_select|Звісно, де мені їх тренувати?
dlga_dplmc_constable_train_center:dplmc_constable_pretalk|Гаразд, я тренуватиму перших рекрутів, яких побачу в {s11}{s12}. Прошу, переконайтеся, що в скарбниці достатньо грошей на спорядження{s13}. Ми зможемо тренувати більше військ, якщо поруч є тренувальний майданчик.
dlga_dplmc_constable_train_improved:dplmc_constable_train_center|Нам вистачить тренерів {s1}.
dlga_dplmc_constable_train_improved:dplmc_constable_train_center.1|Так, прошу, найміть тренерів {s1}.
dlga_dplmc_constable_train_improved:dplmc_constable_train_center.2|Гадаю, ми заслуговуємо тренера {s1}.
dlga_dplmc_constable_train_improved:dplmc_constable_train_center.3|Ідіть до кінця, нам потрібен тренер {s1}.
dlga_dplmc_constable_train_improved:dplmc_constable_train_center.4|Ні, вам доведеться тренувати їх самотужки.
dlga_dplmc_constable_train_improved_ask:dplmc_constable_train_center|Якщо бажаєте, я можу найняти додаткових тренерів, щоб ми могли тренувати рекрутів швидше і краще. Це коштуватиме додатково {reg10} динарів на день.
dlga_dplmc_constable_train_improved_ask:dplmc_constable_train_improved|Якщо бажаєте, я можу найняти додаткових тренерів, щоб ми могли тренувати рекрутів краще. Це коштуватиме додатково {reg10} динарів на день за кожен рівень тренування.
dlga_dplmc_constable_train_select:dplmc_constable_pretalk|Я передумав, мабуть, не варто їх тренувати.
dlga_dplmc_constable_train_stop:dplmc_constable_pretalk|Як бажаєте.
dlga_dplmc_constable_train_type:dplmc_constable_pretalk|Не важливо.
dlga_dplmc_constable_train_type:dplmc_constable_train_improved_ask|{s1}.
dlga_dplmc_constable_train_type_ask:dplmc_constable_train_type|Якому типу загонів ви б надали перевагу тренувати в {s11}{s10}
dlga_dplmc_do_view_regular_inventory:dplmc_do_view_regular_inventory_2|Це задовільно, {s0}?
dlga_dplmc_do_view_regular_inventory_2:do_regular_member_view_char|Справді.
dlga_dplmc_drunk_attempt_placate:close_window|Я спущу це з рук... цього разу. А тепер геть.
dlga_dplmc_drunk_attempt_placate:drunk_fight_start|Я зараз зітру цю посмішку з твого обличчя!
dlga_dplmc_gift_talk:dplmc_gift_talk_farewell|Гаразд! Щасливої дороги.
dlga_dplmc_gift_talk_farewell:close_window|Дякую. Прощавайте!
dlga_dplmc_guard_plyr_replace:close_window|Не важливо. Назад до роботи!
dlga_dplmc_guard_talk_enter_court:close_window|На жаль, прохачів, що чекають вашої ласки, немає, {s0}.
dlga_dplmc_guard_talk_enter_court:close_window.1|Як бажаєте. Я попрошу камергера оголосити про вашу присутність.
dlga_dplmc_guard_talk_reenter_court:close_window|Як бажаєте. Двір буде скликано за мить.
dlga_dplmc_guard_talk_replace:dplmc_guard_plyr_replace|Розумію... Ким би ви мене замінили?
dlga_dplmc_guard_troop_replaced:close_window|Дякую, що дали нам другий шанс, {s0}.
dlga_dplmc_guard_troop_replaced:close_window.1|Не думаю, що {reg10?{s10}:нам} можливо охороняти обидва місця одночасно.
dlga_dplmc_guard_troop_replaced:close_window.2|Як бажаєте, {s0}. {s1} тепер буде серед вашої варти.
dlga_dplmc_lady_feasts:lady_pretalk|{s12}
dlga_dplmc_lady_info_relative_1:dplmc_lady_info_relative_2|{s47}
dlga_dplmc_lady_info_relative_1:lady_pretalk|Вибачте, але я не почуваюся комфортно, обговорюючи такі особисті справи з вами.
dlga_dplmc_lady_info_relative_1:lady_pretalk.1|{12}
dlga_dplmc_lady_info_relative_2:lady_pretalk|{s12}.
dlga_dplmc_lady_info_relative_2:lady_pretalk.1|{s1}
dlga_dplmc_lady_info_relative_select:dplmc_lady_info_relative_1|Ваш {s11} {s18}
dlga_dplmc_lady_info_relative_select:lady_pretalk|Не важливо.
dlga_dplmc_lady_relations2:dplmc_lady_info_relative_select|Про якого лорда ви хочете інформацію?
dlga_dplmc_lord_ask_exchange_fief_1:dplmc_lord_exchange_fief_select_1|{s19}
dlga_dplmc_lord_ask_exchange_fief_1:lord_pretalk|{s19}
dlga_dplmc_lord_ask_leave_rebellion_confirm:dplmc_lord_ask_leave_rebellion_confirm_final|Ви мене дуже розчарували, {playername}. Колись ви мали мою довіру, але це вже за межею. Не сумнівайтеся, що я захищатиму честь свого дому від вашої образи. Це війна між нами.
dlga_dplmc_lord_ask_leave_rebellion_confirm:dplmc_lord_ask_leave_rebellion_confirm_final.1|Мав би передбачити вашу зраду. Мабуть, я м'якшаю, раз був дурний не помітити ваших підступів. Не важливо. Ваш час ще настане, {playername}. Справедливість найшвидша на полі бою.
dlga_dplmc_lord_ask_leave_rebellion_confirm_final:dplmc_lord_ask_leave_rebellion_end|Я не тримаю на вас зла, {s65}. Я роблю лише те, що справедливо.
dlga_dplmc_lord_ask_leave_rebellion_confirm_final:dplmc_lord_ask_leave_rebellion_end.1|Усі ми робимо те, що мусимо. Прощавайте.
dlga_dplmc_lord_ask_leave_rebellion_confirm_final:dplmc_lord_ask_leave_rebellion_end.2|Тоді я чекатиму дня, коли ми зустрінемося в бою.
dlga_dplmc_lord_ask_leave_rebellion_end:close_window|Це темний день, {playername}. Його відзначатимуть і оплакуватимуть по всьому {s1}. Ваша зрада не скоро забудеться. Буде краще, якщо ви швидко підете.
dlga_dplmc_lord_ask_leave_rebellion_end:close_window.1|Ви вже не той {man/woman}, якого я взяв своїм васалом, {playername}. Геть з моїх очей, поки я не покінчив з цим зараз.
dlga_dplmc_lord_ask_leave_service_rebellion:dplmc_lord_ask_leave_service_rebellion_verify|Гм. Не кидайтеся такими словами, {playername}. Я заслуговую на більшу повагу, гадаю. Ті землі належать мені і моїм спадкоємцям, як ви присягнули. Якщо підете цим шляхом, ви мене дуже образите, і нема потреби доводити це до ударів.
dlga_dplmc_lord_ask_leave_service_rebellion:dplmc_lord_ask_leave_service_rebellion_verify.1|Ви стали необачним, {playername}. Ваша клятва пов'язує вас зі мною, і ви правите тим, чим правите, з моєї волі. Подумайте, що ви кажете, бо це далеко не мудро і погано для вас скінчиться. Вам би краще передумати.
dlga_dplmc_lord_ask_leave_service_rebellion_verify:dplmc_lord_ask_leave_rebellion_confirm|Моя кров і піт здобули ті землі, не ваші. Вони мої.
dlga_dplmc_lord_ask_leave_service_rebellion_verify:lord_ask_leave_service_3|Ви маєте рацію, {s65}. Землі ваші, але я все одно мушу йти.
dlga_dplmc_lord_ask_pardon_ruler_1:close_window|Я згоден. Я дам вам {s0}, і нехай буде мир.
dlga_dplmc_lord_ask_pardon_ruler_1:dplmc_lord_ask_pardon_ruler_2a|Я не маю {s1} з собою.
dlga_dplmc_lord_ask_pardon_ruler_1:lord_pretalk|Передумавши, така угода не була б у моїх інтересах.
dlga_dplmc_lord_ask_pardon_ruler_2a:lord_pretalk|У такому разі війна триватиме.
dlga_dplmc_lord_declare_pax_decision:close_window|Ваші слова мене переконали. Я розішлю герольдів — ми більше не воюватимемо проти {s11}.
dlga_dplmc_lord_declare_pax_decision:close_window.1|Ні, я далекий від переконання. Ми мусимо далі битися з {s11}.
dlga_dplmc_lord_declare_pax_why:dplmc_lord_declare_pax_decision|Я навів усі причини для миру між нашим королівством і {s11}. Я щиро вірю, що це необхідний крок.
dlga_dplmc_lord_declare_pax_why:dplmc_lord_declare_peace_anything_else|Вони мають значно більше володінь, ми не досягаємо достатнього прогресу.
dlga_dplmc_lord_declare_pax_why:dplmc_lord_declare_peace_anything_else.1|Ми вже повернули мету війни.
dlga_dplmc_lord_declare_pax_why:dplmc_lord_declare_peace_anything_else.2|Кровопролиття триває надто довго. Люди страждають.
dlga_dplmc_lord_declare_pax_why:dplmc_lord_declare_peace_anything_else.3|Ми воюємо на забагатьох фронтах одночасно.
dlga_dplmc_lord_declare_pax_why:lord_pretalk|Я повернуся з більшими доказами.
dlga_dplmc_lord_declare_peace:close_window|Хто ти такий, щоб диктувати такі умови стратегії? Я більше ні слова від тебе не потерплю!
dlga_dplmc_lord_declare_peace:close_window.1|Ти мене за дурня маєш, {playername}? Мої шпигуни доносять про твої переступи в цій кампанії, не думай, що твої солодкі слова спокутують твою грубу провину. {reg10?Я знаю про твоє братання з нашим ворогом, {s10}. :}Твоя боягузливість помічена, а твоє прохання відхилено.
dlga_dplmc_lord_declare_peace:dplmc_lord_declare_pax_why|Ти вважаєш, що нам варто припинити битися з {s1}?
dlga_dplmc_lord_declare_peace:dplmc_lord_declare_peace_kingdoms_select|Я вдовольню твоє прохання. Кого з наших супротивників ти вважаєш гідним перемир'я?
dlga_dplmc_lord_declare_peace_anything_else:dplmc_lord_declare_pax_why|Цікаво, ще щось хочеш додати?
dlga_dplmc_lord_declare_peace_kingdoms_select:dplmc_lord_declare_peace|{s10} з {s11}
dlga_dplmc_lord_declare_peace_kingdoms_select:lord_pretalk|Не важливо.
dlga_dplmc_lord_declare_war:close_window|Як ти смієш? Хто ти такий? Геть з моїх очей!
dlga_dplmc_lord_declare_war:dplmc_lord_declare_war_kingdoms_select|Проти кого?
dlga_dplmc_lord_declare_war_anything_else:dplmc_lord_declare_war_why|Що ж, ще щось?
dlga_dplmc_lord_declare_war_ask_why:dplmc_lord_declare_war_why|Чому я маю оголосити війну {s11}?
dlga_dplmc_lord_declare_war_decision:close_window|Готуй {s0}, ми йдемо війною проти {s11}.
dlga_dplmc_lord_declare_war_decision:close_window.1|Ні, я не переконаний. Ми не нападатимемо на {s11}.
dlga_dplmc_lord_declare_war_kingdoms_select:dplmc_lord_declare_war_ask_why|{s11}
dlga_dplmc_lord_declare_war_kingdoms_select:lord_pretalk|Не важливо.
dlga_dplmc_lord_declare_war_why:dplmc_lord_declare_war_anything_else|Вони слабші, і ми легко їх поб'ємо.
dlga_dplmc_lord_declare_war_why:dplmc_lord_declare_war_anything_else.1|Ми більше не можемо терпіти їхні провокації.
dlga_dplmc_lord_declare_war_why:dplmc_lord_declare_war_anything_else.2|Вони вже у війні і зараз відволічені.
dlga_dplmc_lord_declare_war_why:dplmc_lord_declare_war_anything_else.3|Саме час атакувати.
dlga_dplmc_lord_declare_war_why:dplmc_lord_declare_war_anything_else.4|Нам варто повернути нашу втрачену землю.
dlga_dplmc_lord_declare_war_why:dplmc_lord_declare_war_decision|Я навів усі причини для війни. Прошу, подумайте!
dlga_dplmc_lord_declare_war_why:lord_pretalk|Мені треба подумати про це в тиші і спокої.
dlga_dplmc_lord_exchange_fief_confirm:lord_pretalk|{s14}
dlga_dplmc_lord_exchange_fief_confirm:lord_pretalk.1|Власне, забудьте про це наразі.
dlga_dplmc_lord_exchange_fief_select_1:dplmc_lord_exchange_fief_select_2|{s1}
dlga_dplmc_lord_exchange_fief_select_1:lord_pretalk|Не важливо.
dlga_dplmc_lord_exchange_fief_select_2:dplmc_lord_exchange_fief_select_2|{s19}
dlga_dplmc_lord_exchange_fief_select_2:dplmc_lord_exchange_fief_select_3|{s1}
dlga_dplmc_lord_exchange_fief_select_2:lord_pretalk|Не важливо.
dlga_dplmc_lord_exchange_fief_select_3:dplmc_lord_exchange_fief_confirm|{s14}
dlga_dplmc_lord_exchange_fief_select_3:lord_pretalk|{s14}
dlga_dplmc_lord_family_affiliate:lord_pretalk|Я {reg0?ставлюся до тебе досить добре:нічого не маю проти тебе}, але просто не думаю, що з цього щось вийде, тож я тебе не підтримаю.
dlga_dplmc_lord_family_affiliate:lord_pretalk.1|Жодних шансів. Оскільки ти мені не подобаєшся, я тебе не підтримаю.
dlga_dplmc_lord_family_affiliate_conclusion:lord_pretalk|Ти присягнув нашій родині, тепер усі мої брати — і твої теж. Наша співдружність — про лицарство: ніколи не зраджуй родину, завжди її захищай.
dlga_dplmc_lord_family_affiliate_end:script_dplmc_affiliate_confirm|Що ти сказав?
dlga_dplmc_lord_family_affiliate_leave:close_window|Як ти смієш стояти переді мною і заявляти про своє зречення! Що ж, твоя зрада не виправдовується відвертістю. Ти розчарував довіру, яку мій клан поклав на тебе, {playername}. Кожен засудить тебе по совісті... але оскільки я поручився за твою фальшиву вірність, я особисто повідомлю дворянам Кальрадії про твою легковажну змову.
dlga_dplmc_lord_family_affiliate_persuasion:lord_pretalk|Можливо, дехто з моєї родини не надто високої про тебе думки. Або, може, мені просто треба час, щоб звикнути до цієї ідеї. Так чи інак, поговоримо про це далі наступного тижня.
dlga_dplmc_lord_family_affiliate_response:dplmc_lord_family_affiliate_persuasion|Прошу, {reg65?моя леді:сіре}, дозвольте мені служити вашій родині.
dlga_dplmc_lord_family_affiliate_response:lord_pretalk|Передумавши, я мушу переглянути це рішення.
dlga_dplmc_lord_family_affiliate_thank:dplmc_lord_family_affiliate_conclusion|Для мене честь і вдячність бути приєднаним до вашої родини.
dlga_dplmc_lord_give_back_fief:dplmc_lord_give_back_fief_select|О, то ти не справляєшся? Що ж, який наділ ти маєш на увазі?
dlga_dplmc_lord_give_back_fief_confirm:lord_pretalk|Так, я хочу відмовитися від {s11}.
dlga_dplmc_lord_give_back_fief_confirm:lord_pretalk.1|Ні, я дотримаю обіцянки.
dlga_dplmc_lord_give_back_fief_confirm_ask:dplmc_lord_give_back_fief_confirm|То ти вважаєш, що не можеш виконати обіцянку і керувати {s11}?
dlga_dplmc_lord_give_back_fief_select:lord_pretalk|Не важливо.
dlga_dplmc_lord_internal_politics_plyr_request_support_1:dplmc_lord_internal_politics_plyr_request_support_1|Кого ви мали на увазі?
dlga_dplmc_lord_internal_politics_plyr_request_support_1:dplmc_lord_internal_politics_plyr_request_support_2|{s4}
dlga_dplmc_lord_internal_politics_plyr_request_support_1:lord_pretalk|Не важливо.
dlga_dplmc_lord_internal_politics_plyr_request_support_2:lord_pretalk|Зважаючи на наші стосунки, я б хотів лишитися при власній думці в цьому питанні.
dlga_dplmc_lord_internal_politics_plyr_request_support_2:lord_pretalk.1|{s4} спричинив забагато суперечок, щоб {reg3?вона:він} була зараз прийнятним кандидатом. Я б порадив {reg3?їй:йому} трохи зачекати, перш ніж шукати нових почестей.
dlga_dplmc_lord_internal_politics_plyr_request_support_2:lord_pretalk.2|{s4} вже добре винагороджена наділами відповідно до {reg3?її:його} заслуг, я б сказав.
dlga_dplmc_lord_internal_politics_plyr_request_support_2:lord_pretalk.3|Гадаю, {s4} мусила б ще себе проявити, перш ніж {reg3?вона:він} стане гідною цієї посади.
dlga_dplmc_lord_internal_politics_plyr_request_support_2:lord_pretalk.4|{s3} заслуговує отримати {s0} більше, ніж {s4}, я б сказав.
dlga_dplmc_lord_internal_politics_plyr_request_support_2:lord_pretalk.5|{s1}
dlga_dplmc_lord_internal_politics_plyr_request_support_2:lord_pretalk.6|Гм... Це забагато просити, зважаючи на стан моїх стосунків з вами обома.
dlga_dplmc_lord_internal_politics_plyr_request_support_2:lord_pretalk.7|Вибачте. Я б не хотів напружувати мої стосунки з {s4}
dlga_dplmc_lord_internal_politics_plyr_request_support_2:lord_pretalk.8|Я радо підтримаю {s4}.
dlga_dplmc_message_send_confirm:dplmc_chancellor_pretalk|Дякую.
dlga_dplmc_message_send_confirm:dplmc_chancellor_pretalk.1|Я передумав.
dlga_dplmc_messenger_talk:dplmc_messenger_talk_farewell|Гаразд, не хочу вас затримувати. Щасти!
dlga_dplmc_messenger_talk_farewell:close_window|Дякую. Прощавайте!
dlga_dplmc_minister_exchange_prisoner_ask:dplmc_minister_exchange_prisoner_select|Якого полоненого ви хочете обміняти?
dlga_dplmc_minister_exchange_prisoner_ask:minister_pretalk|На жаль, зараз нікого відправляти.
dlga_dplmc_minister_exchange_prisoner_lord_ask:dplmc_minister_exchange_prisoner_lord_select|Кого з наших лордів ви бажаєте звільнити?
dlga_dplmc_minister_exchange_prisoner_lord_select:dplmc_minister_prisoner_emissary|{s10}.
dlga_dplmc_minister_exchange_prisoner_lord_select:minister_pretalk|Нікого.
dlga_dplmc_minister_exchange_prisoner_select:dplmc_minister_exchange_prisoner_lord_ask|{s10} з {s11}
dlga_dplmc_minister_exchange_prisoner_select:minister_pretalk|Нікого.
dlga_dplmc_minister_gift_fief:dplmc_minister_gift_fief_select|Який наділ ви хочете передати?
dlga_dplmc_minister_gift_fief_select:minister_diplomatic_emissary|{s1}
dlga_dplmc_minister_gift_fief_select:minister_pretalk|Передумавши, я б краще лишив ці наділи собі.
dlga_dplmc_minister_gift_type:dplmc_minister_gift_type_select|Ми можемо надіслати їм чудових коней від найкращого коняра нашого королівства або передати наділ.
dlga_dplmc_minister_gift_type:dplmc_minister_gift_type_select.1|Наразі в нас є лише опція передати наділ, оскільки в нас немає камергера.
dlga_dplmc_minister_gift_type_select:dplmc_minister_gift_fief|Передати наділ.
dlga_dplmc_minister_gift_type_select:minister_diplomatic_emissary|Надіслати коней за 3000 динарів.
dlga_dplmc_minister_gift_type_select:minister_diplomatic_emissary.1|Надіслати коней за 6000 динарів.
dlga_dplmc_minister_gift_type_select:minister_pretalk|Не важливо.
dlga_dplmc_minister_nevermind:close_window|Може, я так і зроблю.
dlga_dplmc_minister_nevermind:minister_pretalk|Не важливо.
dlga_dplmc_minister_persuade_lord:dplmc_minister_persuasion_emissary|{s11}
dlga_dplmc_minister_persuade_lord:minister_pretalk|Нікого не спадає на думку.
dlga_dplmc_minister_persuade_lord_ask:dplmc_minister_persuade_lord|Кого слід переконати?
dlga_dplmc_minister_persuade_lord_faction:dplmc_minister_persuade_lord_ask|{s11}
dlga_dplmc_minister_persuade_lord_faction:minister_pretalk|Ніде.
dlga_dplmc_minister_persuade_lord_faction_ask:dplmc_minister_persuade_lord_faction|Де мешкає лорд, якого ви хочете переконати?
dlga_dplmc_minister_persuasion_emissary:minister_emissary_select|Кого мені відправити? Варто обрати того, хто вміє переконувати!
dlga_dplmc_minister_persuasion_fief:dplmc_minister_persuade_lord_faction_ask|{s11}
dlga_dplmc_minister_persuasion_fief:minister_pretalk|Не важливо — немає наділу, який я можу запропонувати.
dlga_dplmc_minister_persuasion_fief_ask:dplmc_minister_persuasion_fief|Ваш посланець не може йти з порожніми руками, мусимо запропонувати наділ. Який ви хочете запропонувати?
dlga_dplmc_minister_persuasion_fief_ask:minister_pretalk|На жаль, зараз нікого відправляти.
dlga_dplmc_minister_prisoner_emissary:minister_emissary_select|Хто вестиме переговори про обмін?
dlga_dplmc_minister_spy_emissary:minister_emissary_select|Хто буде вашим шпигуном? Варто обрати того, кому довіряєте — і хто вміє вистежувати!
dlga_dplmc_minister_spy_kingdoms:dplmc_minister_spy_kingdoms_select|До кого ви бажаєте відправити цього шпигуна?
dlga_dplmc_minister_spy_kingdoms:minister_pretalk|На жаль, зараз нікого відправляти.
dlga_dplmc_minister_spy_kingdoms_select:dplmc_minister_spy_emissary|{s11}{s14}
dlga_dplmc_minister_staff_talk_ask:dplmc_talk_staff|Якого службовця ви бажаєте найняти?
dlga_dplmc_patrol_confirm:close_window|Дякую.
dlga_dplmc_patrol_confirm:dplmc_patrol_pretalk|Стривайте, я передумав.
dlga_dplmc_patrol_confirm_ask:dplmc_patrol_confirm|Як бажаєте, ми патрулюватимемо {s5}.
dlga_dplmc_patrol_garrison_confirm:close_window|Дякую.
dlga_dplmc_patrol_garrison_confirm:dplmc_patrol_pretalk|Стривайте, я передумав.
dlga_dplmc_patrol_garrison_confirm_ask:dplmc_patrol_garrison_confirm|Як бажаєте, ми підсилимо {s5}.
dlga_dplmc_patrol_garrison_target:dplmc_patrol_pretalk|Не важливо.
dlga_dplmc_patrol_give_troops:dplmc_patrol_pretalk|Що ж, мені б знадобилися добрі воїни. Дякую.
dlga_dplmc_patrol_orders_area:dplmc_patrol_confirm_ask|{s11}.
dlga_dplmc_patrol_orders_area:dplmc_patrol_pretalk|Не важливо.
dlga_dplmc_patrol_orders_area_ask:dplmc_patrol_orders_area|Куди нам іти?
dlga_dplmc_patrol_orders_garrison_ask:dplmc_patrol_garrison_target|Куди нам іти?
dlga_dplmc_patrol_pretalk:dplmc_patrol_talk|Вітаю, {s0}. Маєте нові накази?
dlga_dplmc_patrol_talk:close_window|Ви мені більше не потрібні. Прошу, розпустіться.
dlga_dplmc_patrol_talk:close_window.1|Прошу, продовжуйте.
dlga_dplmc_patrol_talk:dplmc_patrol_give_troops|Я хочу передати вам трохи військ.
dlga_dplmc_patrol_talk:dplmc_patrol_orders_area_ask|Прошу, патрулюйте нову зону.
dlga_dplmc_patrol_talk:dplmc_patrol_orders_garrison_ask|Мені потрібно, щоб ви підсилили гарнізон.
dlga_dplmc_prison_guard_exchange_prisoner_ask_confirm:dplmc_prison_guard_exchange_prisoner_confirm|Як бажаєте, я звільню {s10} з {s11}.
dlga_dplmc_prison_guard_exchange_prisoner_confirm:close_window|Гаразд.
dlga_dplmc_prison_guard_exchange_prisoner_confirm:close_window.1|Ні, я передумав.
dlga_dplmc_prison_guard_talk_ask_prisoner:dplmc_prison_guard_talk_prisoner_select|Гаразд, якого полоненого мені звільнити?
dlga_dplmc_prison_guard_talk_prisoner_select:close_window|Нікого.
dlga_dplmc_prison_guard_talk_prisoner_select:dplmc_prison_guard_exchange_prisoner_ask_confirm|{s10} з {s11}.
dlga_dplmc_prisoner_chat_let_go:close_window|{s43}
dlga_dplmc_recruiter_enough_option:close_window|Ні, поспішайте щодуху.
dlga_dplmc_recruiter_enough_option:dplmc_recruiter_enough_recruits|Так, мені треба поповнити сили.
dlga_dplmc_recruiter_enough_recruits:dplmc_recruiter_talk|Сподіваюся, ця партія рекрутів вам до вподоби.
dlga_dplmc_recruiter_enough_talk:close_window|Що ж, схоже, моя робота тут зроблена. Передайте констеблю мої вітання.
dlga_dplmc_recruiter_enough_talk:dplmc_recruiter_enough_option|Чудово, я піду, щойно доставлю цих {reg1} новобранців до {s1}. Бажаєте взяти трохи з собою?
dlga_dplmc_recruiter_talk:close_window|Гаразд, продовжуйте.
dlga_dplmc_recruiter_talk:dplmc_recruiter_enough_talk|Наразі в нас достатньо військ.
dlga_dplmc_recruiter_talk:dplmc_recruiter_talk_2|Я хочу, щоб ви набирали інших воїнів.
dlga_dplmc_recruiter_talk_2:dplmc_recruiter_talk_3|Моє поточне завдання — набрати {reg1}{reg10? {s1}:} воїнів для вас. Мені набирати інших воїнів відтепер?
dlga_dplmc_recruiter_talk_3:close_window|Ні, продовжуйте.
dlga_dplmc_recruiter_talk_3:dplmc_recruiter_talk_4|{s11}.
dlga_dplmc_recruiter_talk_3:dplmc_recruiter_talk_4.1|Набирати будь-яких воїнів.
dlga_dplmc_recruiter_talk_4:dplmc_recruiter_talk|Звісно, {s0}. Буде зроблено. Ще щось хочете?
dlga_dplmc_scout_talk:close_window|Гаразд, прошу, продовжуйте.
dlga_dplmc_spouse_move_residence_ask:dplmc_spouse_move_residence_tools|Щоб перемістити нашу резиденцію, знадобиться невеликий ремонт. Зокрема, нам потрібен набір інструментів і два сувої тканини для початку — стоси вовни, ярди льону або розкішний оксамит.
dlga_dplmc_spouse_move_residence_ask_confirm:dplmc_spouse_move_residence_confirm|Ви впевнені, що хочете перемістити вашу резиденцію до {s6}?
dlga_dplmc_spouse_move_residence_confirm:dplmc_spouse_move_residence_moved|Так, прошу, влаштуй усе.
dlga_dplmc_spouse_move_residence_confirm:spouse_pretalk|Ні.
dlga_dplmc_spouse_move_residence_moved:spouse_pretalk|Як бажаєте, я переміщу резиденцію до {s6}.
dlga_dplmc_spouse_move_residence_select:dplmc_spouse_move_residence_ask_confirm|{s6}.
dlga_dplmc_spouse_move_residence_select:spouse_pretalk|Я передумала.
dlga_dplmc_spouse_move_residence_select_ask:dplmc_spouse_move_residence_select|Куди ви хочете перемістити резиденцію?
dlga_dplmc_spouse_move_residence_tools:dplmc_spouse_move_residence_select_ask|Гаразд, гадаю, в нас є все необхідне, щоб облаштувати резиденцію.
dlga_dplmc_spouse_move_residence_tools:spouse_pretalk|Що ж, гадаю, спершу мушу дістати {reg10?набір інструментів:}{reg11? і :}{reg12?матеріал для оздоблення:}.
dlga_dplmc_spouse_staff_talk_ask:dplmc_talk_staff|Якого службовця ви бажаєте найняти?
dlga_dplmc_spouse_talk_buy_food:dplmc_spouse_talk_buy_food_confirm|Так, звісно, я піду до купця в {s6} і куплю трохи хліба. Це коштуватиме нам {reg0} динарів.
dlga_dplmc_spouse_talk_buy_food:spouse_pretalk|Наразі жоден купець не має достатньо хліба. Мусимо зачекати.
dlga_dplmc_spouse_talk_buy_food_amount:spouse_pretalk|Не важливо.
dlga_dplmc_spouse_talk_buy_food_amount_ask:dplmc_spouse_talk_buy_food_amount|Скільки хліба ви хочете?
dlga_dplmc_spouse_talk_buy_food_confirm:close_window|Гаразд, ми можемо собі це дозволити, прошу, йди. Дякую.
dlga_dplmc_spouse_talk_buy_food_confirm:close_window.1|О, може, пізніше.
dlga_dplmc_spouse_tournament_dedication_reaction:spouse_pretalk|{s9}
dlga_dplmc_talk_appoint_chamberlain:dplmc_talk_appoint_chamberlain_confirm|Гадаю, ви захочете знову найняти вашого колишнього камергера Обрі де Вера? Його ставка досі {reg10} динарів щотижня, а призначення коштуватиме нам {reg11} динарів.
dlga_dplmc_talk_appoint_chamberlain:dplmc_talk_appoint_chamberlain_confirm.1|Я чув гарне про місцевого дворянина на ім'я Обрі де Вер, і вірю, що він добре підійде для цієї роботи. Він вимагає {reg10} динарів щотижня. Призначення коштуватиме нам {reg11} динарів.
dlga_dplmc_talk_appoint_chamberlain:dplmc_talk_appoint_chamberlain_confirm.2|Мудра думка. Чи можу я запропонувати дуже здібного дворянина і друга моєї родини? Його звати Обрі де Вер. Він вимагає {reg10} динарів щотижня. Призначення коштуватиме нам {reg11} динарів.
dlga_dplmc_talk_appoint_chamberlain_confirm:dplmc_talk_appoint_confirm_yes|Нехай буде так.
dlga_dplmc_talk_appoint_chamberlain_confirm:minister_pretalk|Може, пізніше.
dlga_dplmc_talk_appoint_chamberlain_confirm:spouse_pretalk|Може, пізніше.
dlga_dplmc_talk_appoint_chancellor:dplmc_talk_appoint_chancellor_confirm|Гадаю, ви захочете знову найняти вашого колишнього канцлера Герфаста? Його ставка досі {reg11} динарів щотижня, а призначення коштуватиме нам {reg10} динарів.
dlga_dplmc_talk_appoint_chancellor:dplmc_talk_appoint_chancellor_confirm.1|Я чув гарне про місцевого дворянина на ім'я Герфаст, і вірю, що він добре підійде для цієї роботи. Він вимагає {reg10} динарів щотижня. Призначення коштуватиме нам {reg11} динарів.
dlga_dplmc_talk_appoint_chancellor:dplmc_talk_appoint_chancellor_confirm.2|Мудра думка. Чи можу я запропонувати дуже здібного дворянина і друга моєї родини? Його звати Герфаст. Він вимагає {reg10} динарів щотижня. Призначення коштуватиме нам {reg11} динарів.
dlga_dplmc_talk_appoint_chancellor_confirm:dplmc_talk_appoint_confirm_yes|Нехай буде так.
dlga_dplmc_talk_appoint_chancellor_confirm:minister_pretalk|Може, пізніше.
dlga_dplmc_talk_appoint_chancellor_confirm:spouse_pretalk|Може, пізніше.
dlga_dplmc_talk_appoint_confirm_yes:minister_pretalk|Я надішлю йому листа, він має скоро прибути до двору.
dlga_dplmc_talk_appoint_confirm_yes:spouse_pretalk|Гаразд, я надішлю йому листа — він має скоро прибути до нашого двору.
dlga_dplmc_talk_appoint_constable:dplmc_talk_appoint_constable_confirm|Гадаю, ви захочете знову найняти вашого колишнього констебля Майлза де Глостера? Його ставка досі {reg10} динарів щотижня, а призначення коштуватиме нам {reg11} динарів.
dlga_dplmc_talk_appoint_constable:dplmc_talk_appoint_constable_confirm.1|Я чув гарне про місцевого дворянина на ім'я Майлз де Глостер, і вірю, що він добре підійде для цієї роботи. Він вимагає {reg10} динарів щотижня. Призначення коштуватиме нам {reg11} динарів.
dlga_dplmc_talk_appoint_constable:dplmc_talk_appoint_constable_confirm.2|Мудра думка. Чи можу я запропонувати дуже здібного дворянина і друга моєї родини? Його звати Майлз де Глостер. Він вимагає {reg10} динарів щотижня. Призначення коштуватиме нам {reg11} динарів.
dlga_dplmc_talk_appoint_constable_confirm:dplmc_talk_appoint_confirm_yes|Нехай буде так.
dlga_dplmc_talk_appoint_constable_confirm:minister_pretalk|Може, пізніше.
dlga_dplmc_talk_appoint_constable_confirm:spouse_pretalk|Може, пізніше.
dlga_dplmc_talk_staff:dplmc_talk_appoint_chamberlain|Я хочу призначити камергера для ведення фінансових справ.
dlga_dplmc_talk_staff:dplmc_talk_appoint_chancellor|Я хочу призначити канцлера.
dlga_dplmc_talk_staff:dplmc_talk_appoint_constable|Я хочу призначити констебля.
dlga_dplmc_talk_staff:minister_pretalk|Жодного.
dlga_dplmc_talk_staff:spouse_pretalk|Жодного.
dlga_dplmc_tavern_traveler_employee_1:dplmc_tavern_traveler_employee_2|Може, я зможу вам допомогти. Кого ви шукаєте?
dlga_dplmc_tavern_traveler_employee_2:dplmc_tavern_traveler_employee_3|Мого колишнього камергера, {s11}.
dlga_dplmc_tavern_traveler_employee_2:dplmc_tavern_traveler_employee_3.1|Мого колишнього констебля, {s11}.
dlga_dplmc_tavern_traveler_employee_2:dplmc_tavern_traveler_employee_3.2|Мого колишнього канцлера, {s11}.
dlga_dplmc_tavern_traveler_employee_2:tavern_traveler_pretalk|Не важливо.
dlga_dplmc_tavern_traveler_employee_3:tavern_traveler_pretalk|Я передам {reg0?їй:йому}, що ви {reg0?її:його} шукаєте.
dlga_dplmc_tavern_traveler_employee_3:tavern_traveler_pretalk.1|Боюся, я не зможу вам допомогти.
dlga_dplmc_trade_autosell_1:dplmc_trade_autosell_2a|Подивимося, окрім вашого особистого спорядження, я бачу {reg1} {reg3?речей:річ}, за які я б дав {reg0} {reg2?динарів:динар}. Угода?
dlga_dplmc_trade_autosell_1:dplmc_trade_autosell_2b|Окрім того, що, гадаю, є вашим особистим спорядженням, я не бачу нічого, що мене б зацікавило.
dlga_dplmc_trade_autosell_2a:merchant_trade|Звісно. Приємно мати з вами справу.
dlga_dplmc_trade_autosell_2a:merchant_trade.1|Не зовсім. Дайте покажу, що я мав на увазі.
dlga_dplmc_trade_autosell_2a:merchant_trade.2|Не важливо.
dlga_dplmc_trade_autosell_2b:merchant_trade|Дайте покажу, що я мав на увазі.
dlga_dplmc_trade_autosell_2b:merchant_trade.1|Тоді не важливо.
dlga_dplmc_view_regular_inventory:dplmc_do_view_regular_inventory|Гаразд, {s0}, ось чим я користуюся...
dlga_drunk_response:dplmc_drunk_attempt_placate|Вибачте — прошу прийняти мої вибачення
dlga_event_triggered:dplmc_companion_alliance_request_response|Що ж, {s21}, нарешті я вас знайшов. Я повернувся з місії до {s31}.
dlga_event_triggered:dplmc_companion_defensive_request_response|Що ж, {s21}, нарешті я вас знайшов. Я повернувся з місії до {s31}.
dlga_event_triggered:dplmc_companion_nonaggression_request_response|Що ж, {s21}, нарешті я вас знайшов. Я повернувся з місії до {s31}.
dlga_event_triggered:dplmc_companion_prisoner_exchange_confirm|Що ж, {s21}, нарешті я вас знайшов. Вони погодилися обміняти {s32} на {s33}. {s33} повернувся зі мною. Бажаєте звільнити {s32}?
dlga_event_triggered:dplmc_companion_spy_request_select_center|Що ж, {s21}, нарешті я вас знайшов. Я повернувся з розвідувальної місії до {s31}. Про яке місце вам потрібна інформація?
dlga_event_triggered:dplmc_companion_threaten_request_response|Що ж, {s21}, нарешті я вас знайшов. Я повернувся з місії до {s31}.
dlga_event_triggered:dplmc_companion_trade_request_response|Що ж, {s21}, нарешті я вас знайшов. Я повернувся з місії до {s31}.
dlga_event_triggered:dplmc_companion_war_request_response|Що ж, {s21}, нарешті я вас знайшов. Я повернувся з місії до {s31}.
dlga_hall_guard_talk:dplmc_guard_talk_enter_court|Я говоритиму з безземельними лордами, що просять аудієнції.
dlga_hall_guard_talk:dplmc_guard_talk_enter_court.1|Я бажаю говорити зі знатними дамами, що зараз тут гостюють.
dlga_hall_guard_talk:dplmc_guard_talk_enter_court.2|Очистіть зали, мені потрібна приватна аудієнція з моїми міністрами.
dlga_hall_guard_talk:dplmc_guard_talk_reenter_court|Я хочу, щоб звичайні члени двору знову приєдналися до нас.
dlga_hall_guard_talk:dplmc_guard_talk_replace|Ти не гідний охороняти ці зали. Геть з моїх очей.
dlga_lady_talk:dplmc_lady_feasts|Чи знаєте ви про якісь бенкети, що тривають?
dlga_lady_talk:dplmc_lady_relations2|Я хотів запитати про одного з ваших родичів.
dlga_lord_ask_leave_service_verify_again:dplmc_lord_ask_leave_service_rebellion|Я не маю наміру втрачати свої землі, {s65}.
dlga_lord_ask_pardon:dplmc_lord_ask_pardon_ruler_1|Як є, я не бачу в моїх інтересах миритися, але якщо ви передасте {s0}, я погоджуся на перемир'я на двадцять днів.
dlga_lord_internal_politics_cur_stance_plyr_response:dplmc_lord_internal_politics_plyr_request_support_1|Чи можу я переконати вас підтримати когось іншого?
dlga_lord_internal_politics_cur_stance_plyr_response:dplmc_lord_internal_politics_plyr_request_support_2|Чи можу я переконати вас підтримати {s4}?
dlga_lord_talk:dplmc_lord_declare_peace|{s66}, вам варто оголосити перемир'я в цій війні.
dlga_lord_talk:dplmc_lord_declare_war|{s66}, вам варто оголосити війну королівству.
dlga_lord_talk:dplmc_lord_give_back_fief|{s66}, я хочу відмовитися від наділу, який ви мені пожалували.
dlga_lord_talk:dplmc_prisoner_chat_let_go|Ви вільні йти.
dlga_lord_talk_ask_marriage_1:dplmc_claimant_marriage_proposal_pc_confirm|Я не забуваю, що саме ваша сильна правиця посадила мене на цей трон. Чи прагнете ви зайняти місце Байбака як мій {husband/wife}, щоб правити {s0} зі мною як командувач армій, тоді як я — матір королівства?
dlga_lord_talk_ask_marriage_1:dplmc_claimant_marriage_proposal_pc_confirm.1|Чи пропонуєте ви правити {s0} пліч-о-пліч зі мною як мій {husband/wife}?
dlga_lord_talk_ask_marriage_1:lord_pretalk.3|У нас звичай скріплювати такі союзи шлюбом. На жаль, ніхто в моєму домі не придатний до одруження.
dlga_lord_talk_ask_something_2:dplmc_lord_ask_exchange_fief_1|{s19}
dlga_lord_talk_ask_something_2:dplmc_lord_family_affiliate|Я дуже поважаю ваш рід, я бажаю приєднатися до вашої родини.
dlga_lord_talk_ask_something_2:dplmc_lord_family_affiliate_end|Я зробив свою частку для вашої родини, я хочу бути звільненим від моєї клятви.
dlga_master_craftsman_disguise_asked:master_craftsman_pretalk|Як бажаєте, мій {лорде/леді}. Я накажу доставити їх вам, щойно кравці знімуть з вас мірку.
dlga_master_craftsman_talk:master_craftsman_disguise_asked|Мені знадобиться комплект купецького одягу, щоб вести справи.
dlga_merchant_talk_offer_2:caravan_offer_disguise|Я хочу ввійти до {s12} у складі вашого каравану.
dlga_minister_brief_employee_choose:minister_brief_employee_chosen.1|Я зустрінуся з камергером, щоб влаштувати внутрішні справи.
dlga_minister_brief_employee_choose:minister_brief_employee_chosen.2|З констеблем, щоб поговорити про війну.
dlga_minister_brief_employee_choose:minister_brief_employee_chosen.3|З канцлером, щоб обговорити стан нашого королівства.
dlga_minister_declare_war:dplmc_minister_nevermind|Для цього спершу поговоріть з {s0}.
dlga_minister_diplomatic_initiative_type_select:dplmc_minister_gift_type|Я хочу надіслати дарунок.
dlga_minister_diplomatic_initiative_type_select:minister_diplomatic_emissary.4|Скажіть {s10}, що я хочу укласти пакт про ненапад з {reg0?нею:ним}.
dlga_minister_rename_confirm:minister_pretalk.3|Тоді я краще піду за покупками.
dlga_minister_talk:dplmc_minister_exchange_prisoner_ask|Я бажаю обміняти полоненого.
dlga_minister_talk:dplmc_minister_persuasion_fief_ask|Я хочу переконати лорда приєднатися до нашого королівства.
dlga_minister_talk:dplmc_minister_spy_kingdoms|Я бажаю шпигувати за іншим королівством.
dlga_minister_talk:dplmc_minister_staff_talk_ask|Я хочу найняти нового службовця.
dlga_minstrel_courtship_poem:minstrel_disguise_teach|Гадаю, ви вже знаєте вірші, яких я найкраще можу навчити. Однак, гадаю, ви прагнете навчитися більшого — я також можу навчити вас придворної моди і гри на лірі. Усе ваше за скромну символічну ціну 1000 динарів, бо мені шкода продавати цю старовинну ліру...
dlga_minstrel_disguise_teach:close_window|Так — покажи мені свої рухи.
dlga_minstrel_disguise_teach:minstrel_pretalk|Не важливо.
dlga_prison_guard_players:dplmc_guard_talk_replace|Ти був недбалим у своїх обов'язках. Відійди, і я оберу тобі заміну.
dlga_prison_guard_talk:dplmc_prison_guard_talk_ask_prisoner|Я хочу звільнити полоненого.
dlga_regular_member_talk:dplmc_view_regular_inventory|Дай глянути твоє спорядження.
dlga_script_dplmc_affiliate_confirm:dplmc_lord_family_affiliate_leave|Я більше не хочу бути спорідненим з вашим домом.
dlga_script_dplmc_affiliate_confirm:lord_pretalk|О, нічого.
dlga_spouse_talk:dplmc_spouse_move_residence_ask|Я хочу перемістити нашу резиденцію.
dlga_spouse_talk:dplmc_spouse_staff_talk_ask|Я хочу найняти нового службовця.
dlga_spouse_talk:dplmc_spouse_talk_buy_food_amount_ask|Чи не могла б ти, будь ласка, купити трохи хліба?
dlga_spouse_talk:dplmc_spouse_tournament_dedication_reaction|Моя {reg65?дружино:чоловіче}, я б хотів присвятити тобі мої успіхи в цьому недавньому турнірі
dlga_start:dplmc_chamberlain_talk|Так, {s0}?
dlga_start:dplmc_chancellor_talk|{Мілорде/Міледі}?
dlga_start:dplmc_constable_talk|Завжди до ваших послуг!
dlga_start:dplmc_gift_talk|Вітаю. Наразі я доставляю {s12} до {s13}.
dlga_start:dplmc_messenger_talk|Вітаю. Вибачте, але я не маю часу говорити зараз. Я доставляю дуже важливе послання до {s6}.
dlga_start:dplmc_patrol_talk|Вітаю, {s0}. Ми досі патрулюємо {s6}. Маєте нові накази?
dlga_start:dplmc_recruiter_talk|Вітаю, {s0}. Якщо не проти, я б хотів продовжити моє завдання.
dlga_start:dplmc_scout_talk|Сіре, я ще не завершив мою місію.
dlga_start:village_elder_talk.4|Доброго дня, {s0}.
dlga_tavern_traveler_talk:dplmc_tavern_traveler_employee_1|Я шукаю одного з моїх колишніх службовців...
dlga_town_merchant_talk:dplmc_trade_autosell_1|Я б хотів продати трохи зброї.
dlga_town_merchant_talk:dplmc_trade_autosell_1.1|Я б хотів продати трохи броні.
dlga_town_merchant_talk:dplmc_trade_autosell_1.2|Я б хотів продати вам трохи коней.
dlga_village_elder_ask_chamberlain:village_elder_found_chamberlain|Члени двору навідуються до нашого села, {сір/пані}. Якщо він тут відпочиває, ви напевно знайдете його, якщо трохи зачекаєте.
dlga_village_elder_ask_enemies_local:village_elder_ask_enemies|На нас напали {s1} {reg7?{reg7} днів тому:щойно}...
dlga_village_elder_ask_enemies_local:village_elder_ask_enemies.1|Гм. Дайте подумати...
dlga_village_elder_buy_clothing:village_elder_pretalk|Звісно, {s0}. Ви можете робити з цим одягом з мого плеча, як вважаєте за потрібне.
dlga_village_elder_buy_clothing:village_elder_pretalk.1|Це не буде проблемою, я можу влаштувати доставку свіжовипраних тунік.
dlga_village_elder_found_chamberlain:dplmc_chamberlain_talk|О, привіт... Не очікував, що ви так часто інспектуватимете вашу власність, тож я вирішив прогулятися до мальовничого села {s9}, зібрати податки тощо. Є щось конкретне, що ви хотіли тут зробити? Інакше поговоріть он зі старійшиною села.
dlga_village_elder_talk:village_elder_ask_chamberlain|Я шукаю мого камергера. Мені сказали, що він прибув сюди раніше за мене.
dlga_village_elder_talk:village_elder_ask_enemies_local|Чи бачили ви останнім часом ворогів навколо?
dlga_village_elder_trade_talk:village_elder_buy_clothing|Власне, мені потрібен комплект того, що носять ваші селяни.
dlga_arena_master_melee_talk:arena_master_melee_weapon_select|Добре. Дайте спершу глянути на стійку зі зброєю.
dlga_arena_master_melee_weapon_select:arena_player_melee_weapon_select|Що ж, прошу, оберіть зброю, з якою бажаєте битися в сутичці.
dlga_arena_melee_weapon_select_end:close_window|Хай щастить.
dlga_arena_player_melee_weapon_select:arena_melee_weapon_select_end|Дворучний меч.
dlga_arena_player_melee_weapon_select:arena_melee_weapon_select_end.1|Палиця.
dlga_arena_player_melee_weapon_select:arena_melee_weapon_select_end.2|Меч і щит.
dlga_arena_player_melee_weapon_select:arena_melee_weapon_select_end.3|Лук і стріли.
dlga_caravan_offer_paydebt:merchant_pretalk|Звісно, {s0}. Даю слово, ваші гроші будуть доставлені гільдії.
dlga_caravan_offer_protection:close_window|Супровід? Ми вже майже в {s10}! Дякую за пропозицію.
dlga_castle_guard_sneaked_intro_2:close_window.1|Не смішіть мене. Повертайтеся до бруду, звідки ви прийшли, селянине!
dlga_castle_guard_sneaked_intro_2:close_window.2|Що?! Лорд не має потреби говорити з браконьєрами. Якщо мусите продати товари, скористайтеся дверима для слуг, {man/woman}!
dlga_castle_guard_sneaked_intro_2:close_window.3|Геть, лорд не має справи з дріб'язковими купцями. Якщо маєте справу — говоріть з головою гільдії.
dlga_castle_guard_sneaked_intro_2:close_window.4|У вас хибні уявлення, друже. Найманцям не місце у великій залі.
dlga_castle_guard_sneaked_intro_2:close_window.5|Останнього менестреля, що намагався потрапити всередину, вигнали з міста вимазаного дьогтем і в пір'ї. Сумніваюся, що ви хочете тієї ж долі.
dlga_castle_guard_sneaked_intro_ask:castle_guard_sneaked_intro_1|Геть з моїх очей, жебраку! Від тебе смердить!
dlga_castle_guard_sneaked_intro_ask:castle_guard_sneaked_intro_1.1|Куди це ти зібрався?
dlga_castle_guard_sneaked_intro_ask:close_window|Забирайся, поки я не втратив терпець!
dlga_center_captured_rebellion:center_captured_rebellion_2_defer|Поки що нікого не призначайте, вирішіть пізніше.
dlga_center_captured_rebellion_2_defer:close_window|Гмм. Гаразд, {playername}. Я високо ціную ваші поради. Я поки що відкладу призначення лорда для {s1}.
dlga_companion_quitting_no:companion_quitting_no_confirm.1|О... Так... Ти це серйозно?
dlga_convince_accept:lord_ask_to_ransom_prisoner_convinced|Гаразд, {playername}, я не без милосердя і погоджуся переглянути викуп {s10}. Ти привіз {s1}, про які я просив {s12}?
dlga_deserter_recruit:deserter_recruit_2|Як щедро, {s0}. Покажіть нам {reg5} динарів, тоді ми подумаємо про приєднання.
dlga_deserter_recruit_2:deserter_barter_3b|У мене немає стільки грошей з собою
dlga_deserter_recruit_2:deserter_recruit_3a|Гаразд, ось ваші {reg5} динарів.
dlga_deserter_recruit_3a:close_window|Відтепер ми до ваших послуг.
dlga_deserter_talk:deserter_recruit|Я винагороджу вас і надам захист, якщо ви {reg10?вступите до моєї:повернетеся до армії {s10}}.
dlga_do_member_equip_trade:member_talk|Що сталося з моїм одягом?
dlga_do_member_equip_trade:member_talk.1|Ще щось?
dlga_do_member_quest:close_window|Тоді я піду.
dlga_drunk_player_high_renown:drunk_fight_start.2|Гучні слова від малого шмаркача. Я поставлю тебе на місце!
dlga_drunk_player_high_renown:drunk_fight_start.3|Що, хочеш бійки — матимеш її!
dlga_event_triggered:close_window.2|Тисяча вибачень, {s0}. З жалем повідомляю, що нам не вдалося врятувати {s32} — {s31} був схоплений під час спроби і тепер ділить камеру в {s33}.
dlga_event_triggered:close_window.3| он! Я бачу вдалині мури {s3}. Ми дісталися безпечно. Ось, візьміть цей гаманець з {reg3} динарами, як я обіцяв. Сподіваюся, ми ще помандруємо разом.
dlga_event_triggered:companion_rejoin_response.4|Вітаю, {s21}. Ти готовий, щоб я знову приєднався?
dlga_event_triggered:companion_rejoin_response.5|Що ж, {s21}, нарешті я тебе знайшов. Я поширював чутки про твої домагання і тепер готовий знову приєднатися до загону.
dlga_event_triggered:companion_rejoin_response.6|Що ж, {s21}, нарешті я тебе знайшов. {s11}. Решту звіту подаю тобі письмово.
dlga_event_triggered:companion_rejoin_response.7|Що ж, {s21}, я щосили намагався врятувати {s11} з {s12}, але {reg4?її:його} підстрелили шальним пострілом, і ми з моїми людьми не могли повернутися з вартою на хвості. Гадаю, нас там не скоро вітатимуть, з усіма тими пожежами, що ми влаштували...
dlga_event_triggered:companion_rejoin_response.8|Що ж, {s21}, було нелегко, але мені вдалося провести {s11} цілим увесь зворотний шлях. Варта в {s12} розповідатиме історії про нашу зухвалу втечу, але досить сказати, що вони не зрозуміли, що їх вдарило.
dlga_event_triggered:companion_rejoin_response.9|Чи бажаєш, щоб я знову приєднався?
dlga_farmer_from_bandit_village_2:farmer_from_bandit_village_5|Зграя розбійників засіла в нашому селі. Вони забирають усе, що маємо, змушують їм служити і чинять нам багато зла. Якщо хтось бодай слово протесту скаже, бідолаху вбивають на місці. Наше життя стало нестерпним. Я ризикнув шкурою і втік, щоб знайти того, хто нам допоможе. Прошу, {s0}, ви {man/lady} доблесті і грізний воїн, з багатьма друзями і воїнами до послуг. Якщо хтось і може нам допомогти, то це ви.
dlga_farmer_from_bandit_village_4:farmer_from_bandit_village_5.1|У нас немає лорда, тож ми не можемо просити в нього захисту. Прошу, {s0}, ви {reg1?доблесний:схожий на доблесного} {man/lady}, {reg1?з:і без сумніву у вас} багато друзів і воїнів до послуг. Якщо хтось і може нам допомогти, то це ви.
dlga_farmer_from_bandit_village_4:farmer_from_bandit_village_5.2|Так, {s0}, але {reg0?служниця:люди} нашої {reg0?леді:лорда} не пустили мене до {reg0?неї:нього} і сказали, що {reg0?вона:він} зайнята важливішими справами і що ми маємо самі розібратися з нашою проблемою. Прошу, {s0}, ви {reg1?доблесний:схожий на доблесного} {man/lady} і грізний воїн, {reg1?з:і без сумніву у вас} багато друзів і воїнів до послуг. Якщо хтось і може нам допомогти, то це ви.
dlga_fugitive_chat:fugitive_chat_2|Хоч вам і може здатися, що я зрікся служби {s5}, клянуся, що мене зробили цапом-відбувайлом за злочини, в яких мене звинуватив {s4}.
dlga_fugitive_chat_2:close_window|Думаю, ні. Я повірю слову {s4}, а не такому жалюгідному виправданню.
dlga_fugitive_chat_2:close_window.1|Тепер, як подумаю, історія не сходиться... Можеш іти, поки я не передумав.
dlga_hall_guard_employee_wait:close_window|Як бажаєте, {s0}.
dlga_hall_guard_talk:hall_guard_employee_wait|Передайте {s1}, що {reg0?вона:він} більше не мусить зустрічати мене біля дверей.
dlga_lord_active_mission_2:lord_hunt_down_fugitive_prompt|Я знайшов {s4}, що ховається в {s3}...
dlga_lord_ask_about_ransom:lord_ask_to_ransom_prisoner|То {s10} побіг плакатися про мою гостинність до {reg3?її:його} {s11}? Дивуюся, що {s12} взагалі клопочеться. Чому я маю далі цікавитися добробутом того дурня, після того як {reg3?вона:він} надіслав мені ту жалюгідну пропозицію?
dlga_lord_ask_calculated_ransom:lord_lend_ransom_accept|Звісно.
dlga_lord_ask_calculated_ransom:lord_lend_ransom_reject|Не важливо.
dlga_lord_ask_pardon_terms_rejected:close_window|Тоді геть з моїх очей, зраднику! Геть, і не повертайся!
dlga_lord_ask_pardon_tribue_deny:lord_pretalk|Тоді я нічим не можу вам допомогти, {playername}. Нема срібла — нема помилування.
dlga_lord_ask_to_ransom_prisoner:convince_begin|Може, я зможу тебе вмовити...
dlga_lord_ask_to_ransom_prisoner:lord_pretalk|Не важливо, впевнений, умови там не такі вже погані.
dlga_lord_ask_to_ransom_prisoner_convinced:lord_ask_to_ransom_prisoner_not_paid|Я не можу собі цього дозволити.
dlga_lord_ask_to_ransom_prisoner_convinced:lord_ask_to_ransom_prisoner_portion|Ми з {s12} зібрали лише {reg1} динарів...
dlga_lord_ask_to_ransom_prisoner_convinced:lord_ask_to_ransom_prisoner_released|Звісно, ось, тримайте.
dlga_lord_ask_to_ransom_prisoner_not_paid:close_window|Не журися, {playername}, ще є багато часу, щоб зібрати більше коштів.
dlga_lord_ask_to_ransom_prisoner_not_paid:close_window.1|Яке марнування дихання це було... Нехай буде так, {playername}, наступного разу легкої угоди не буде.
dlga_lord_ask_to_ransom_prisoner_portion:lord_ask_to_ransom_prisoner_portion_payment|Ого, я й не знав, що в {s10} такі бідні друзі! За цю мізерну суму ви зможете викупити кілька пальців, саме досить для жебрацького поховання, над яким поплаче {s12}.
dlga_lord_ask_to_ransom_prisoner_portion_lord:lord_ask_to_ransom_prisoner_released|Що ж, я й не очікував витиснути багато грошей з {s10}. {reg4?Її:Його} зброя і кінь ледь щось вторгували на аукціоні, але доведеться змиритися — сподіваюся, що {s10} тепер буде твоєю проблемою.
dlga_lord_ask_to_ransom_prisoner_portion_payment:lord_ask_to_ransom_prisoner_not_paid|Не важливо, мушу це обдумати...
dlga_lord_ask_to_ransom_prisoner_portion_payment:lord_ask_to_ransom_prisoner_portion_lord|Невже {s10} не може запропонувати трохи з власного багатства?
dlga_lord_ask_to_ransom_prisoner_portion_payment:lord_ask_to_ransom_prisoner_released|Я доплачу решту з власної скарбниці...
dlga_lord_ask_to_ransom_prisoner_released:close_window|Чудовий вибір, {playername}. Я скоро накажу звільнити {s10}.
dlga_lord_calculated_ransom:lord_ask_calculated_ransom|Чи вистачить {s1}?
dlga_lord_calculated_ransom:lord_pretalk|Однак моя скарбниця зараз сильно виснажена — {s1} доведеться трохи зачекати.
dlga_lord_give_troops:lord_pretalk.1|Наразі в мене воїнів вдосталь, але, гадаю, я б міг розмістити ще кількох.
dlga_lord_give_troops:lord_pretalk.2|Що ж, мені б знадобилися добрі воїни. Дякую.
dlga_lord_hunt_down_fugitive_brought_back:lord_hunt_down_fugitive_success_2|Гаразд. Завдяки твоїм діям справедливість нарешті восторжествує. Матимеш мою вдячність і гаманець з 300 динарами, як обіцяно.
dlga_lord_hunt_down_fugitive_brought_back:lord_hunt_down_fugitive_success_2.1|Чудово, {playername}. Мушу нагострити ножі, перш ніж візьмуся за {s4}. А, так, гадаю, Ви захочете нагороду...
dlga_lord_hunt_down_fugitive_brought_back:lord_hunt_down_fugitive_success_2.2|Добре. Геть його голову! Я знав, що Ви мене не підведете, {playername}, ось Ваша нагорода 300 динарів.
dlga_lord_hunt_down_fugitive_burnt_village:close_window|Ви з глузду з'їхали, {playername}? {reg10?То були мої селяни, бовдуре:Те село належало моєму {s11}}! {reg11?Якщо такої поведінки мені чекати від Вас, я боюся за майбутнє нашого королівства:Мав би знати краще, ніж довіряти такому завзятому, як Ви}. Візьміть ці криваві гроші і забирайтеся...
dlga_lord_hunt_down_fugitive_burnt_village:lord_hunt_down_fugitive_success_2|Ви сплюндрували ціле село, щоб дістатися одного чоловіка?! Смію сказати, що {s10} не буде задоволений... Ми вбили двох зайців сьогодні, чи не так, {playername}?
dlga_lord_hunt_down_fugitive_burnt_village:lord_hunt_down_fugitive_success_2.1|Але чому?! Гадаю, Ви зробили свою роботу, хоча Ваші методи в кращому разі сумнівні...
dlga_lord_hunt_down_fugitive_concluded:lord_pretalk|Що ж, гадаю, долі втрутилися, щоб відібрати в мене ту помсту. Хоч я б хотів сам побачити труп того {s43}, доведеться повірити Вам на слово.
dlga_lord_hunt_down_fugitive_not_brought_back:lord_pretalk|Я справді невдоволений, {playername}. {reg10?Чи справді може бути хтось такий некомпетентний, як Ви?:} Я казав Вам убити {s4}, а не насміхатися із захисту моєї честі, щоб потім втратити негідника. Яку ж кашу Ви заварили...{reg11? Чи, може, Ви навмисне відпустили його пута, щоб мені допекти?:}
dlga_lord_hunt_down_fugitive_prompt:lord_hunt_down_fugitive_status|Добре. Сподіваюся, Ви дослівно дотрималися моїх вказівок?
dlga_lord_hunt_down_fugitive_status:lord_hunt_down_fugitive_brought_back|Я схопив {s4} і привів сюди, щоб звершилося правосуддя.
dlga_lord_hunt_down_fugitive_status:lord_hunt_down_fugitive_burnt_village|Я знайшов втікача в {s3} і спалив те гніздо розпусти.
dlga_lord_hunt_down_fugitive_status:lord_hunt_down_fugitive_concluded|Боюся, хтось інший спалив {s3}. Я не зміг вистежити його родину.
dlga_lord_hunt_down_fugitive_status:lord_hunt_down_fugitive_fail|Боюся, він втік.
dlga_lord_hunt_down_fugitive_status:lord_hunt_down_fugitive_not_brought_back|Я спіймав {s4}, але дорогою він розірвав пута...
dlga_lord_hunt_down_fugitive_status:lord_hunt_down_fugitive_success|Звісно. Я його покарав.
dlga_lord_husband_auto_recruit:lord_pretalk.1|Я мушу лишатися вірним {s14}. Вибач.
dlga_lord_internal_politics_cur_stance:lord_internal_politics_cur_stance_plyr_response.3|Я підтримую {s15}. {s10}
dlga_lord_lend_ransom_accept:lord_pretalk|Тоді візьміть це з моїм благословенням, {playername}. Передавайте {s1} мої вітання.
dlga_lord_lend_ransom_reject:lord_pretalk|У що Ви граєте, {playername}? Ми ж обоє хочемо звільнення {s1}, чи не так?
dlga_lord_marriage_proposal_female_pc_confirm:lord_pretalk.1|О, ні в якому разі! Ні, Ви все не так зрозуміли... забудьте, що я щось казала.
dlga_lord_marriage_proposal_female_pc_next_step:lord_marriage_proposal_female_pc_next_step_2|Мушу сказати, однак. Ви живете як {woman/man}, їдете куди хочете, з ким хочете. Це не полегшить іншим {s0} прийняти наш шлюб. Не гадаєте, що Ви б кинули мандри заради нашого шлюбу?
dlga_lord_marriage_proposal_female_pc_next_step_2:lord_marriage_proposal_female_pc_next_step_5|Думаю, ні!
dlga_lord_marriage_proposal_female_pc_next_step_2:lord_marriage_proposal_female_pc_next_step_5.1|Гаразд.
dlga_lord_mission_rescue_prisoner_method:lord_mission_rescue_prisoner_method_connection|Я думаю скористатися моїми зв'язками в {s24}.
dlga_lord_mission_rescue_prisoner_method_connection:lord_mission_rescue_other_ideas|Добре сказано, {playername}. Якщо Ви чи Ваші супутники знаєте план {s24}, то відволікання точно можна влаштувати, а під час хаосу замки можна перерізати потрібними інструментами. Однак той, кого ми пошлемо рятувати {s13}, мусить бути швидконогим і мати спритний розум, щоб умовити чи найняти місцевих для порятунку.
dlga_lord_mission_rescue_prisoner_method_ransom:lord_mission_rescue_other_ideas|Звісно. Якщо мої послання до {s14} були недостатньо переконливими, завжди є цінність у накопиченні золота. Якщо це не вдасться, впевнений, Ви б могли переконати тюремника або попросити посередника з викупу від нашого імені. Впевнений, інші члени нашої родини охоче долучаться до фонду викупу {s13} в такому разі.
dlga_lord_spouse_leave_faction_proclaim_queen:lord_pretalk.2|Хоч я й не оспорюю Ваші домагання, {s0}, я б хотів, щоб хтось із нас тримав фортецю, яка могла б слугувати нашим двором, перш ніж ми заявимо про себе публічно.
dlga_lord_spouse_leave_faction_proclaim_queen:lord_pretalk.3|{s11}
dlga_lord_start:lord_pay_debt_2.1|А, {playername}. Здається, минулого разу Ви просили {reg1} динарів, щоб сплатити викуп? Оскільки та справа завершена, чи не бажаєте повернути мені?
dlga_lord_talk:lord_ask_about_ransom|Я бажаю запропонувати викуп за {s11}, що в полоні в {s12}
dlga_lord_talk:lord_ask_pardon|Я бажаю помиритися з {s4}.
dlga_lord_talk:lord_give_order_ask|У мене нове завдання для Вас.
dlga_lord_talk:lord_rescue_by_replace_offer|Не бійтеся, я тут, щоб Вас врятувати.
dlga_lord_talk:lord_talk_preoffer|У мене пропозиція для Вас.
dlga_lord_talk_ask_about_capture_prisoners:lord_talk_ask_about_capture_prisoners_count|У мене тут {reg11} {s11}. Можеш мати {reg10?{reg4?її:його} безкоштовно:їх по {s1} за кожного}.
dlga_lord_talk_ask_about_capture_prisoners_bought:lord_pretalk|Як бажаєш.
dlga_lord_talk_ask_about_capture_prisoners_count:lord_talk_ask_about_capture_prisoners_bought|Дякую, але мені знадобиться лише {reg2}.
dlga_lord_talk_ask_about_capture_prisoners_count:lord_talk_ask_about_capture_prisoners_bought.1|{s1} і я дякуємо Вам за військові зусилля.
dlga_lord_talk_ask_about_capture_prisoners_count:lord_talk_ask_something_again|Не важливо.
dlga_lord_talk_ask_about_ransom:close_window|Як Ви смієте просити мене за того {s43}, {playername}? Ви випробовуєте моє терпіння...
dlga_lord_talk_ask_about_ransom:lord_calculated_ransom|Звісно, {playername}. {s1} — мій {s4}, і я надам будь-яку допомогу, яку зможу...
dlga_lord_talk_ask_about_ransom:lord_pretalk|Що, знову? Хіба я вже не дав Вам {s1}? — Попереджаю Вас, {playername}, якщо Ви скривдите мого {s11}, я очікую кожен динар назад сповна.
dlga_lord_talk_ask_about_ransom:lord_pretalk.1|Так, я чув про біди {s1}. Однак, оскільки {reg4?вона:він} лише далекий {s11} мій, я не почуваюся зобов'язаним долучитися.
dlga_lord_talk_ask_about_ransom:lord_pretalk.2|Я б дистанціювався від дурощів {s1} в {s2} — невже Ви не бачите, що я не несу відповідальності.
dlga_lord_talk_ask_about_ransom:lord_pretalk.3|Я не люблю {s1}, нехай {reg4?вона:він} гние.
dlga_lord_talk_ask_about_ransom:lord_pretalk.4|Вірю, що між {s12} і Вами достатньо коштів зібрано для викупу {s11}. Я не можу дати Вам нічого, крім мого благословення.
dlga_lord_talk_ask_about_ransom:lord_talk_ask_something_again|Хоч я і турбуюся про добробут {s1}, я не вважаю Вас гідним завдання, яке виклав {s2}, оскільки Ви ще не погасили особистий борг переді мною.
dlga_lord_talk_ask_location:lady_pretalk|Боюся, доведеться запитати когось іншого.
dlga_lord_talk_ask_location:lord_pretalk|Тоді доведеться запитати когось іншого.
dlga_lord_talk_ask_marriage_1:lord_pretalk.2|Ви не образитеся, якщо я скажу, що як {s0} маю інші плани щодо моїх дітей.
dlga_lord_talk_ask_skill:lord_pretalk|Дай покажу...
dlga_lord_talk_ask_something_2:lord_talk_ask_about_capture_prisoners|Мені потрібні {s1} як полонені.
dlga_lord_talk_ask_something_2:lord_talk_ask_about_ransom|Чи готові ви долучитися до викупу вашого {s11}, {s1}?
dlga_lord_talk_ask_something_2:lord_talk_ask_skill|Чи зросли твої навички з тих днів, коли ми були супутниками?
dlga_mayor_info_begin:mayor_info_talk.1|Я голова гільдії {s9}. Можна сказати, я лідер добрих людей {s9}. {reg5?Хоч ти міг і не чути про мене, я чув про твої {reg4?підлі:добрі} справи, {playername}:Я можу допомогти тобі знайти роботу, якщо шукаєш чесної праці}.
dlga_mayor_internal_politics_5:mayor_prepolitics.1|Так от, люди не довіряють васалу, який легко міняє сторону, і не довіряють королю, який легковажно кидається звинуваченнями у зраді. Ці два чинники тримають королівство купи. Але якщо стосунки між васалом і сюзереном погіршаться достатньо, справи можуть стати дуже напруженими... В інших землях, звісно. Таке ніколи не станеться тут у {s4}.
dlga_mayor_investment_confirm:mayor_investment_advice|Ні — наразі це для мене неекономно.
dlga_mayor_investment_possible:mayor_investment_advice.3|Дуже добре, {s0}. Ми в гільдії знаємо і довіряємо тобі, і гадаю, я б міг знайти когось, хто продасть тобі потрібну землю.
dlga_mayor_political_questions:mayor_politics_policy|Маєте якесь розуміння внутрішньої політики королівства?
dlga_mayor_politics_assess:mayor_friendly_pretalk|Які королівства? {reg10?Ваша Величносте:Наш сюзерен} їх усі завоював!
dlga_mayor_politics_policy:mayor_political_questions|Що ж, подивимося.. {s20}
dlga_mayor_war_description_2:mayor_prepolitics|На практиці вести війну — виснажлива праця. Спалити ворожі поля легко, але врожай відросте, а захопити ворожу фортецю і втримати її — зовсім інша справа. Тож монархи Кальрадії трохи повоюють, підпишуть перемир'я, повоюють ще трохи, і так далі. Часто монарх іде на війну, коли інше королівство його провокує. У такий час погані впливи, що прагнуть збагатитися викупами і грабунком, кричатимуть про відплату, і так шкода від війни для скарбниці монарха менша, ніж шкода від бездіяльності для його авторитету... Звісно, ваша високосте куди досвідченіша в цих справах, бо я і скромні люди тут не сміємо знатися на стратегії...
dlga_member_chat:member_talk.1|Так, {s5}?
dlga_member_delegate_quest:close_window|Слухай, {s5} — якщо хочеш, щоб я на трохи зник з твоїх очей, просто скажи слово, і я радо піду. Але не чекай, що я робитиму тобі послуги, поки мене нема.
dlga_member_delegate_quest:do_member_trade|На жаль, {s5}, я ще не оговтався від ран. Дай мені кілька днів, щоб відновитися, і я зможу стати в більшій пригоді.
dlga_member_delegate_quest:do_member_trade.1|Гадаю, мудріше триматися разом наразі, оскільки {s4} ще не повернулася з {s8}.
dlga_member_delegate_quest:do_member_trade.2|Не на це я підписувався, коли приєднувався до твоєї компанії, {s5}. {s6}
dlga_member_delegate_quest:member_delegate_quest_list|Гаразд, {s5}, що накажеш?
dlga_member_delegate_quest_ask_for_items:member_delegate_quest_assess_for_items|Звісно, обережно з цим.
dlga_member_delegate_quest_ask_for_items:member_delegate_quest_confirm|Доведеться підібрати ще дорогою. Не хочу зараз збирати більше.
dlga_member_delegate_quest_ask_for_items:redo_member_quest|Ні, дякую, що нагадав поповнити запаси.
dlga_member_delegate_quest_ask_for_troops:member_delegate_quest_confirm|Так, ось війська.
dlga_member_delegate_quest_ask_for_troops:member_delegate_quest_confirm.1|Гаразд, ось полонені.
dlga_member_delegate_quest_ask_for_troops:member_delegate_quest_confirm.2|Зачекай з цим.
dlga_member_delegate_quest_confirm:do_member_quest|Хай щастить там.
dlga_member_delegate_quest_confirm:redo_member_quest|Ні, я передумав.
dlga_member_delegate_quest_list:member_delegate_quest_details|{s2} для {s3}.
dlga_member_delegate_quest_list:redo_member_quest|Не важливо.
dlga_member_delegate_quest_select:member_delegate_quest|Передумавши, я краще зроблю це сам.
dlga_member_delegate_quest_select:member_delegate_quest_destination|Так, усе правильно.
dlga_member_delegate_quest_soldiers:member_delegate_quest_ask_for_troops|Гаразд, я зберу воїнів і вирушу. Гадаю, нам потрібно {reg10} {s10} за квотою.
dlga_member_intelgathering_1:do_member_trade|Так, {s0}, у мене є друзі в {s17}... Однак не вірю, що {reg18?{s18} люб'язно поставиться до такого шахрайства:політичний ландшафт так різко змінюється}. Загальновідомо, що {s19}
dlga_member_intelgathering_3:member_intelgathering_rescue|Чудово. Поки будеш там, перевідай нашого закутого друга {s10} і переконайся, що {reg4?вона:він} ще ціла.
dlga_member_intelgathering_3:member_intelgathering_rescue.1|Я чув чутки про ув'язненого там аристократа {s10}.
dlga_member_intelgathering_rescue:close_window|Так, ми можемо скористатися цією нагодою, щоб втертися в довіру до {s20}. Я щосили складу план порятунку, {s21}. Мине близько тижня, перш ніж ти отримаєш від мене звістку.
dlga_member_question_2:member_delegate_quest|У мене є робота, яку я б хотів тобі доручити...
dlga_member_separate:close_window|Гаразд, я повернуся до керування власним маєтком.
dlga_member_talk:spouse_leave|Це небезпечно для тебе. Тобі варто повернутися до нашого {reg5?двору:господарства} в {s5}.
dlga_member_trade:do_member_equip_trade|Гаразд, усе тут...
dlga_mercenary_after_recruited:mercenary_after_recruited_1|Готуйтеся. Вирушимо на світанку.
dlga_mercenary_after_recruited_1:close_window|Звісно, {сір/пані}. Ми скоро вирушимо.
dlga_merchant_quest_brief:merchant_quest_brief_deliver_wine.1|У мене є партія {s6}, яку треба доставити купцю товарів в {s4}. Якщо зможеш відвезти {reg5} одиниць {s6} до {s4} за 7 днів, заробиш {reg8} динарів. Що скажеш?
dlga_merchant_talk_offer_2:caravan_offer_paydebt|Я бажаю сплатити {s1}, які я винен купецькій гільдії.
dlga_merchant_talk_offer_else:merchant_talk_offer_2|Ще щось бажаєте запитати?
dlga_minister_brief_employee:minister_brief_employee_choose|Розумію. З ким би ви бажали порадитися спершу?
dlga_minister_brief_employee_choose:minister_brief_employee_chosen|Не важливо, я однаково ціную всіх моїх радників.
dlga_minister_brief_employee_choose:minister_brief_employee_chosen.4|З вами, звісно.
dlga_minister_brief_employee_chosen:minister_pretalk|Як бажаєте. матимете увагу {s1} на наступній раді.
dlga_minister_diplomatic_initiative_type_select:minister_diplomatic_emissary.3|Скажіть {s10}, що я хочу підписати торговельну угоду з {reg0?нею:ним}.
dlga_minister_diplomatic_initiative_type_select:minister_diplomatic_emissary.5|Що я хочу, щоб {reg0?вона:він} допомогла мені і напала на {s11}{s14}.
dlga_minister_diplomatic_initiative_type_select:minister_diplomatic_emissary.6|Що наші два королівства мають укласти перемир'я.
dlga_minister_diplomatic_initiative_type_select:minister_diplomatic_emissary.7|Що я бажаю віддатися під {reg0?її:його} захист, як {reg0?її:його} васал.
dlga_minister_diplomatic_initiative_type_select:minister_diplomatic_emissary.8|Що я бажаю висловити мою доброзичливість, як монарх монарху.
dlga_minister_emissary_dispatch:minister_diplomatic_dispatch_confirm.1|Гаразд — я відправлю {s11} до {s12}, щоб переконати {s13} і запропонувати {reg4?їй:йому} {s14}.
dlga_minister_rename_confirm:minister_pretalk|Тут настає нова ера — розішліть герольдів і малярів вивісок!
dlga_minister_rename_confirm:minister_pretalk.1|Гаразд — нехай усі присутні лорди і містяни дізнаються про наше рішення.
dlga_minister_rename_confirm:minister_pretalk.2|Ми ще не можемо собі цього дозволити.
dlga_minister_rename_confirm:spouse_organize_feast|Нам краще почати готуватися до бенкету.
dlga_minister_rename_court:minister_pretalk|Ми вже переосвятили стару столицю під вашою егідою. Містяни цього разу не стерплять.
dlga_minister_rename_court:minister_pretalk.1|На жаль, ми не можемо ухвалити це рішення за людей, бо наше королівство недостатньо централізоване і не визнає {s1} столицею.
dlga_minister_rename_court:minister_rename_confirm|Ви впевнені, мій сюзерене? Добрі громадяни {s1} можуть не вітати цю довільну зміну. Доведеться зривати вивіски, переписувати записи, і нам знадобиться щонайменше 10000 динарів у скарбниці, щоб офіціалізувати рішення — або ж ми можемо влаштувати тут бенкет для міщан і присутніх лордів, щоб легше рознести чутку. О, і моя племінниця щойно зробила цю мереживну серветку для вашого високого столу, нам потрібен сувій льону, щоб зробити новий набір.
dlga_minister_replace_select:minister_replace_confirm.2|{s4}.
dlga_minister_talk:minister_brief_employee|Я очікую отримувати оновлені звіти про розвиток подій.
dlga_minister_talk:minister_rename_court|Я бажаю перейменувати нашу столицю.
dlga_novicemaster_finish_training_2:close_window.1|Бажаю тобі удачі на турнірах. І не забувай, якщо захочеш попрактикуватися з мечем будь-коли, просто скажи слово.
dlga_party_encounter_offer_dont_fight:party_encounter_offer_money|Якщо заплатиш мені {reg0} динарів, я тебе відпущу, боягузе.
dlga_party_encounter_offer_money:close_window|Не нападай! Я плачу.
dlga_party_encounter_offer_money:party_encounter_offer_money_no|Биймося!
dlga_party_encounter_offer_money_no:close_window|{s43}
dlga_player_siege_ask_surrender:close_window.1|Здатися? Ха! Ми втримаємо ці мури, доки всі не помремо від старості.
dlga_pretender_view_char_requested:supported_pretender_pretalk|Що ж, гаразд.
dlga_prisoner_chat:prisoner_chat_2.1|Не намагайся тікати чи робити щось дурне. Я за тобою стежитиму.
dlga_prisoner_chat_2:fugitive_chat|Стривай, {playername}, я маю тобі щось сказати.
dlga_ramun_buy:ramun_faction|Звісно. Який би ви хотіли?
dlga_ramun_faction:close_window|Не важливо.
dlga_ramun_faction:ramun_select|Трохи {s1}, прошу.
dlga_ramun_select:ramun_troops|То ви хочете трохи військ з {s1}?
dlga_ramun_sell_prisoners_all:ramun_sell_prisoners_all_2|Я заберу ваших {reg0} {reg2?полонених:полоненого} за {reg1} динарів. Угода?
dlga_ramun_sell_prisoners_all_2:ramun_pre_talk|Дайте ще подумати.
dlga_ramun_sell_prisoners_all_2:ramun_sell_prisoners_2|Угода.
dlga_ramun_talk:ramun_buy|А цю худобу ви теж продаєте?
dlga_ramun_talk:ramun_sell_prisoners_all|Я хочу продати всіх полонених, що маю з собою.
dlga_ramun_troops:ramun_buy|Давайте спробуємо інших вояк.
dlga_ramun_troops:ramun_select|{s2}
dlga_ransom_broker_sell_prisoners_all:ransom_broker_sell_prisoners_all_2|Подивимося... Я дам вам {reg0} динарів за ваших {reg1} {reg2?полонених:полоненого}. Угода?
dlga_ransom_broker_sell_prisoners_all_2:ransom_broker_pretalk|Дайте ще подумати.
dlga_ransom_broker_sell_prisoners_all_2:ransom_broker_sell_prisoners_2|Угода.
dlga_ransom_broker_talk:ransom_broker_sell_prisoners_all|Я хочу продати всіх полонених, що маю з собою.
dlga_ransom_broker_talk:ransom_kingdom_hero|Я бажаю викупити когось зі знаті в місцевих підземеллях.
dlga_ransom_kingdom_hero:ransom_broker_pretalk|Більше нічого не можу зробити, {s0}, ті полонені вже ваші, робіть з ними що хочете.
dlga_ransom_kingdom_hero:ransom_broker_pretalk.1|Вибач, {s0}, навіть з моїми впливами боюся, що {s1} не вітатиме ваше золото.
dlga_ransom_kingdom_hero:ransom_kingdom_hero_choose|Кого ви бажаєте викупити?
dlga_ransom_kingdom_hero_choose:ransom_broker_pretalk|Не важливо.
dlga_ransom_kingdom_hero_choose:ransom_kingdom_hero_chosen|{s1}
dlga_ransom_kingdom_hero_chosen:ransom_kingdom_hero|Вибач, {s0}, оскільки {s1} ворожа до {s2}, не вірю, що зможу домовитися про звільнення {s3}.
dlga_ransom_kingdom_hero_chosen:ransom_kingdom_hero_pay|Вірю, що воля {s11} наразі оцінюється в {s1}?
dlga_ransom_kingdom_hero_pay:close_window|Звісно. Я бажаю негайно говорити з {s11}.
dlga_ransom_kingdom_hero_pay:ransom_kingdom_hero_choose|Не думаю, що зможу стільки сплатити зараз.
dlga_redo_member_quest:do_member_trade|Чим іще можу прислужитися?
dlga_regular_member_talk:close_window.1|Нічого. Рухаємося далі.
dlga_reinforcement_hostile:reinforcements_attack|Що!? Ми під захистом {s3}! Будь певен, {reg3?вона:він} помститься!
dlga_reinforcements_attack:close_window|Гаразд, нехай {reg3?вона:він}! Я візьмуся за ту {reg3?суку:негідника}, щойно розберуся з тобою!
dlga_reinforcements_attack:close_window.1|Гаразд, йди! Але ти ще не востаннє бачив {playername}!
dlga_reinforcements_intro:close_window|Я {playername}. Я просто проходжу повз.
dlga_reinforcements_intro:reinforcement_hostile|Я {playername}. І я тут, щоб не дати тобі дістатися мети!
dlga_reinforcements_intro:reinforcements_reinforce|Який збіг. Я теж прямував до {s21}. Ось, дай мені дати тобі трохи військ.
dlga_reinforcements_reinforce:close_window|Дякую, {сір/пані}. Ми вже підемо.
dlga_spouse_join:close_window|Справді? Ти просиш мене їхати з твоєю ватагою, як у старих історіях? Бути з тобою в полі і прикривати твою спину на війнах? Я мріяла про це з дитинства! Бачити ці мрії втіленими в сучасному світі було б так дивовижно! Я приготуюся негайно! Дуже дякую, {s0}!
dlga_spouse_join:close_window.1|Ти хочеш, щоб я їхала з тобою на війни? Я читала таке в книгах і чула пісні менестрелів про жінок, що б'ються пліч-о-пліч з чоловіками. І знаю, що є прості жінки, захоплені війнами, що б'ються як сестри меча або слугують табірними послідовницями. Але я ніколи не думала, що така нагода випаде мені. Я ніколи не бачила бою зблизька — хіба на арені, звісно — і думка про чоловіка, що біжить на мене з піднятою сокирою, мене жахає.^^І все ж — спати під зорями з {s0}, бачити світ, мчати до перемоги на благородному коні... це нагоди, що рідко випадають жінкам. Я б зневажила свою стать, не скориставшись нею. Я піду з тобою.
dlga_spouse_join:close_window.2|Звісно, {s0}! Із задоволенням. Цікаво, що мені вдягнути на цю прогулянку... Може, сходимо разом за покупками?
dlga_spouse_join:spouse_pretalk|Їхати з тобою на війни? Мушу зізнатися, спокусливо, хоча б щоб простежити, щоб ти і твої люди утримувалися від пороків, до яких схильна твоя стать, як-от пияцтво і розпуста, грабунок і вирізання полонених. Але я жінка, дама благородного роду, і для кальрадійської жінки їхати на війну просто не годиться.^^Це не моє місце. Моє місце тут, вести твоє господарство і захищати твої інтереси за твоєї відсутності, і стежити, щоб твоє вогнище гріло, коли повернешся.^^Це моя роль як жінки, і я нею задоволена.
dlga_spouse_join:spouse_pretalk.1|Що? Їхати на війни як проста табірна послідовниця? Дні в різні як якась шльондра сестер меча? Ти багато собі дозволяєш, {s0}. Я не якась проста шиночна наволоч чи хлопчакувата найманка. Я леді Кальрадії, з народження вихована допомагати чоловіку правити домом і землями. Я шукаю слави в подвигах мого чоловіка. Не в моїх власних.^^Мені грати чоловічу роль означало б здешевити себе і зазнати зневаги і презирства кожного високородного кальрадійця. Я не сприймаю цю пропозицію прихильно і не бажаю, щоб мене питали знову.
dlga_spouse_join:spouse_pretalk.2|О, {s0}, чому ти мене про це питаєш? Я не змогла б їхати з тобою в бій! Я ніколи в житті не тримала меча! Від мене було б гірше, ніж жодної користі! Мало кальрадійців благородного роду вчать дочок битися, і не впевнена, що я б навчилася битися, навіть якби мала нагоду. Найслабший рекрут у твоїй армії має більше честі в бою, ніж я, що ніколи не тримала зброї смертельнішої за вишивальну голку. Через мене б твої люди загинули, намагаючись мене захистити.^^Ти мій {s0}, і я тебе поважаю, але якщо ти хотів дружину, що зможе стояти з тобою пліч-о-пліч, щит до щита — тобі варто було одружитися з кимось іншим.
dlga_spouse_leave:spouse_leave_confirm|Ти намагаєшся відправити мене на смерть, {playername}? Ми ж обоє знаємо, що наш дім під атакою.
dlga_spouse_leave:spouse_leave_confirm.1|Ти впевнений, {s0}?
dlga_spouse_leave_confirm:close_window|Так.
dlga_spouse_leave_confirm:do_member_trade|Ні, я б краще тримала тебе при собі.
dlga_spouse_talk:offer_gift_quest_complete|У мене є матеріали для дарунка {s4}.
dlga_spouse_talk:spouse_join|Я б хотіла, щоб ти приєдналася до моєї свити.
dlga_start:castle_guard_sneaked_intro_ask|Геть з моїх очей, жебраку! Від тебе смердить!
dlga_start:center_captured_rebellion|{s1} ніким не керується. Кого мені поставити за головного?
dlga_start:close_window.44|Що ж, ми майже дісталися {s21}. Далі самі впораємося. Ось твоя плата... {reg14} динарів. Дякую за супровід. Хай щастить.
dlga_start:close_window.45|Дуже дякую, що повернув мене! Не можу дочекатися, щоб побачити родину. Прощавай.
dlga_start:close_window.46|Прошу, {playername}, благаю, лиши нас у спокої... Що ми тобі зробили?!
dlga_start:close_window.47|Доброго дня, {s0}. Завжди честь мати вас тут у {s10}.
dlga_start:close_window.48|Поводься пристойно в мурах, і не матимемо клопоту.
dlga_start:close_window.49|Нам не належить говорити на варті, {s0}.
dlga_start:farmer_from_bandit_village_1.1|{Мій лорде/Пані}, ви схожі на {чоловіка/жінку} меча і того, хто нам допоможе. Вислухаєте моє благання?
dlga_start:minstrel_1.1|Вітаю тебе, {вельможний сіре/вельможна леді}.
dlga_start:reinforcements_intro|Хто йде? Ми {s20}, прямуємо до {s21}.
dlga_supported_pretender_talk:pretender_view_char_requested|Якщо буде ваша ласка, розкажіть про ваші навички?
dlga_talk_caravan_escort_2b:close_window.1|Я зітхну спокійно, коли дістанемося {s1}, і ні миттю раніше. Рухаємося далі.
dlga_tavern_traveler_bookseller_location:tavern_traveler_bookseller_location_ask_money|Може, я нещодавно перетинався з одним-двома. За 100 динарів скажу де.
dlga_tavern_traveler_bookseller_location:tavern_traveler_pretalk|Вибач, я останнім часом жодного не зустрічав.
dlga_tavern_traveler_bookseller_location_ask_money:tavern_traveler_npc_location_tell|Гаразд. Ось 100 динарів.
dlga_tavern_traveler_bookseller_location_ask_money:tavern_traveler_pretalk|Не важливо.
dlga_tavern_traveler_minstrel_location:tavern_traveler_minstrel_location_ask_money|Може, я нещодавно чув розгульні пісні. За 30 динарів скажу де.
dlga_tavern_traveler_minstrel_location:tavern_traveler_pretalk|Вибач, я не великий шанувальник їхньої музики.
dlga_tavern_traveler_minstrel_location_ask_money:tavern_traveler_npc_location_tell|Гаразд. Ось 30 динарів.
dlga_tavern_traveler_minstrel_location_ask_money:tavern_traveler_pretalk|Не важливо.
dlga_tavern_traveler_npc_location_tell:tavern_traveler_pretalk|Знайдете їх у {s11}.
dlga_tavern_traveler_ransom_broker_location:tavern_traveler_pretalk|Вибач, я останнім часом жодного не зустрічав.
dlga_tavern_traveler_ransom_broker_location:tavern_traveler_ransom_broker_location_ask_money|Я знаю де вони. За 50 динарів скажу.
dlga_tavern_traveler_ransom_broker_location_ask_money:tavern_traveler_npc_location_tell|Гаразд. Ось 50 динарів.
dlga_tavern_traveler_ransom_broker_location_ask_money:tavern_traveler_pretalk|Не важливо.
dlga_tavern_traveler_talk:tavern_traveler_bookseller_location|Я шукаю книготорговців...
dlga_tavern_traveler_talk:tavern_traveler_minstrel_location|Я шукаю менестрелів...
dlga_tavern_traveler_talk:tavern_traveler_ransom_broker_location|Я шукаю посередників з викупу...
dlga_tavern_traveler_tell_kingdoms_3:tavern_traveler_pretalk|Мені нема потреби тебе інформувати, {s0}. Впевнений, {s1} повідомить тебе про це докладніше, ніж я.
dlga_tavern_traveler_tell_kingdoms_3:tavern_traveler_tell_kingdoms_4b|Що ж, {s0}, здається, мені нема чого тебе вчити в цьому світі політики. Але, може, тебе зацікавлять життя інших, хто був... менш благословенний провидінням, ніж ти, скажімо?
dlga_tavern_traveler_tell_kingdoms_4b:tavern_traveler_tell_kingdoms_5|У Кальрадії багато претендентів — народжених у правильній родині, що ходять і збирають підтримку своїх домагань проти хибної справи нинішнього короля. З правильною підтримкою від тебе і кількома поштовхами тут і там вони легко можуть почати громадянські війни і, може, навіть замінити короля. Звісно, твої домагання так само добрі, як їхні, а співправління Кальрадією — нечуване.
dlga_tavernkeeper_buy_drinks:close_window|За які гроші, друже? Ти виглядаєш так, ніби ледь тримаєшся за їжу, не те що круг напоїв.
dlga_tavernkeeper_buy_drinks:close_window.1|О, {playername}, гадаю, це було б марнуванням часу. Місцеві хлопці виллють свої цілком добрі напої, щойно почують, що вони від тебе. Гадаю, краще тобі знайти інші місця, щоб витрачати криваві гроші...
dlga_tavernkeeper_buy_drinks:close_window.2|Без образ, {playername}, але я недовго протримаюся в бізнесі, якщо {s1} дізнається, що ти тут. Власне, я б застеріг тебе берегтися, якщо плануєш ночувати в цьому місті... Хтозна, які головорізи можуть з'явитися посеред ночі?
dlga_tavernkeeper_talk:ramun_buy|ЧИТ: То я чув, у тебе є війська.
dlga_dplmc_chancellor_domestic_policy:dplmc_chancellor_domestic_policy_confirm|Закріпачити більше людей.
dlga_dplmc_chancellor_domestic_policy:dplmc_chancellor_domestic_policy_confirm.1|Я хочу більше свободи для людей.
dlga_dplmc_chancellor_domestic_policy:dplmc_chancellor_domestic_policy_confirm.2|Давайте централізуємо рішення.
dlga_member_delegate_quest_destination:member_delegate_quest_inventory|Гаразд. Я вирушу до {s10}. Маю повернутися приблизно за {reg10} днів, але може знадобитися кілька додаткових днів, щоб задовільно завершити місію.
dlga_member_delegate_quest_destination:redo_member_quest|Власне, я заблукав, куди мені треба йти. У тебе, бува, немає мапи місцевості?
dlga_member_delegate_quest_details:member_delegate_quest_select|ціль центр: {s10} ціль військо: {s11} ціль фракція: {s12}^ об'єкт військо: {s13} об'єкт центр: {s15} об'єкт фракція: {s20}^ дав військо: {s14}^ дав центр: {s18} ціль загін: {s16} ціль шз: {s17}^ ціль предмет: {s19}^ ціль к-сть: {reg10} ціль днк: {reg13}^ поточний стан: {reg11} ціль стан: {reg16} об'єкт стан: {reg17}^ переконання: {reg19} важливість: {reg20}^ нагорода досвід: {reg21} нагорода золото: {reg22}^ днів до кінця: {reg23}^ не давати період: {reg24} не давати днів: {reg25} наслідок провалу: {reg26}^ тимчасовий слот: {reg27}^ рівень делегата шз: {reg28}
dlga_member_delegate_quest_inventory:member_delegate_quest_ask_for_items|Звісно, справи пішли б краще, якби я не прибув з порожніми руками — у нас досі є {reg12} одиниць {s11}?
dlga_village_elder_ask_fugitive:close_window.1|Чужинці приходять і йдуть з нашого села, {s0}. Якщо він тут ховається, ви напевно знайдете його, якщо озирнетеся.
