str_no_string|НЕМАЄ РЯДКІВ!
str_yes|Так
str_no|Ні
str_noone|немає
str_s50_and_s51|{s50} і {s51}
str_s52_and_s51|{s52} і {s51}
str_s5_s_party|{s5} з військом
str_given_by_s1_at_s2|Дано {s1} {s2}
str_given_by_s1_in_wilderness|Дано {s1} поза міста
str_s7_raiders|{s7} розбійники
str_bandits_eliminated_by_another|Настирливих бандитів знищив інший загін.
str_msg_battle_won|Перемога! Натисніть клавішу Tab, аби вийти...
str_tutorial_map1|Перед Вами глобальна мапа місцевості. Клацніть на потрібній точці лівою кнопкою мишки, аби перемістити свій загін, увійти до міста або наздогнати обраний загін. Коли Ви не рухаєтеся - чекаєте чогось або відпочиваєте, - час на мапі зупиняється. Ви можете зупинитися в будь-якому місці, для цього натисніть і утримуйте клавішу Пробіл.
str_randomize|Випадково
str_charge|Атака
str_color|Колір
str_flip_horizontal|Перевернути по горизонталі
str_flip_vertical|Перевернути по вертикалі
str_hold_fire|Не стріляти
str_blunt_hold_fire|Стій! / Не стріляти
str_tutorial_ammo_refilled|Боєзапас поповнений.
str_tutorial_failed|Цього разу Ви програли, але засмучуватися не варто. Точно дотримуйтесь інструкцій, і наступного разу все вийде. Натисніть клавішу Tab, аби повернутися до меню і пройти навчання ще раз.
str_finished|Закінчено
str_delivered_damage|Завдано {reg60} ушкоджень.
str_archery_target_hit|Відстань - {reg61} метр(-ів/и). Рахунок: {reg60}
str_use_baggage_for_inventory|Під час бою Ви можете брати речі зі скрині (вона знаходиться на початковій позиції).
str_cant_use_inventory_now|Речі зараз недоступні.
str_cant_use_inventory_arena|На арені користуватися речами не можна.
str_cant_use_inventory_disguised|Ви замасковані й не можете користуватися речами.
str_cant_use_inventory_tutorial|У тренувальному таборі не можна користуватися інвентарем.
str_1_denar|1 динар
str_reg1_denars|{reg1} динарів
str_january_reg1_reg2|Січень {reg1}, {reg2}
str_february_reg1_reg2|Лютий {reg1}, {reg2}
str_march_reg1_reg2|Березень {reg1}, {reg2}
str_april_reg1_reg2|Квітень {reg1}, {reg2}
str_may_reg1_reg2|Травень {reg1}, {reg2}
str_june_reg1_reg2|Червень {reg1}, {reg2}
str_july_reg1_reg2|Липень {reg1}, {reg2}
str_august_reg1_reg2|Серпень {reg1}, {reg2}
str_september_reg1_reg2|Вересень {reg1}, {reg2}
str_october_reg1_reg2|Жовтень {reg1}, {reg2}
str_november_reg1_reg2|Листопад {reg1}, {reg2}
str_december_reg1_reg2|Грудень {reg1}, {reg2}
str_town_nighttime| Зараз пізня ніч, і чесних людей на вулиці не зустрінеш.
str_door_locked|Двері замкнені.
str_castle_is_abondened|Схоже, цей замок ніким не зайнятий.
str_town_is_abondened|У цього міста немає оборонців.
str_place_is_occupied_by_player|Це місце зайняте Вашими військами.
str_place_is_occupied_by_enemy|Це місце зайняте ворожими військами.
str_place_is_occupied_by_friendly|Це місце зайняте дружніми військами.
str_do_you_want_to_retreat|Утекти з поля бою?
str_give_up_fight|Залишити поєдинок?
str_do_you_wish_to_leave_tutorial|Припинити навчання?
str_do_you_wish_to_surrender|Здатися?
str_can_not_retreat|Відступати не можна, поруч вороги!
str_s1_joined_battle_enemy|{s1} приєднується до битви на боці ворога
str_s1_joined_battle_friend|{s1} приєднується до битви на Вашому боці.
str_entrance_to_town_forbidden|Міські стражі вистежують порушників спокою, і Вам не вдасться прослизнути повз них.
str_sneaking_to_town_impossible|Міська варта піднята на ноги. Ви не зможете прослизнути повз, як би Ви не старалися.
str_battle_won|Ви перемогли!
str_battle_lost|Ви зазнали поразки!
str_attack_walls_success|У кривавому бою Ваші доблесні солдати відбили ворога від стін.
str_attack_walls_failure|Ваші солдати гинуть одне за одним, кидаючись на стіни. Небагато з тих, хто вцілів після штурму безладно відступають.
str_attack_walls_continue|У цій кривавій битві обидві сторони борються з рівною силою. Незважаючи на всі зусилля Ваших військ, замок залишається у ворога.
str_order_attack_success|Ваші люди хоробро боролися й перемогли ворога.
str_order_attack_failure|Ви у відчаї дивитися, як ворог убиває Ваших людей і відтісняє жменьку вцілілих.
str_order_attack_continue|Хоча сутичка переросла у досить великий бій, Вашим військам не вдалося здобути перемогу.
str_join_order_attack_success|Ваші люди билися пліч-о-пліч із союзниками і, перемігши ворога, розділили з ними славу.
str_join_order_attack_failure|Ви у відчаї дивитися, як ворог убиває Ваших людей і відтісняє жменьку вцілілих.
str_join_order_attack_continue|Незважаючи на велику сутичку, ні Вашим, ні союзним військам не вдалося здобути перемогу.
str_siege_defender_order_attack_success|Гарнізон хоробро й уміло утримує стіни, відбиваючи атаку ворога й перетворюючи свою поразку в перемогу.
str_siege_defender_order_attack_failure|Напад швидко переходить у криваву бійню. Відважна відсіч не дає результатів: гарнізон занадто малий, аби втримати стіни, і всі оборонці гинуть від мечів ворога.
str_siege_defender_order_attack_continue|Чергова спроба захопити поселення так ні до чого й не призводить, але ворогів занадто багато, аби оборонці могли святкувати перемогу. Облога триває.
str_hero_taken_prisoner|{s1} з {s3} стає бранцем {s2}.
str_hero_freed|{s2} звільнило з полону {s1} з {s3}.
str_center_captured|{s2} захоплює {s1} в {s3}.
str_troop_relation_increased|Ваші відносини з {s1} поліпшуються {reg1} до {reg2}.
str_troop_relation_detoriated|Ваші відносини з {s1} погіршуються {reg1} до {reg2}.
str_faction_relation_increased|Ваші відносини з {s1} покращуються {reg1} до {reg2}.
str_faction_relation_detoriated|Ваші відносини з {s1} погіршуються {reg1} до {reg2}.
str_party_gained_morale|Ваш загін отримує {reg1} очок бойового духу.
str_party_lost_morale|Ваш загін утрачає {reg1} очок бойового духу.
str_other_party_gained_morale|{s1} отримує {reg1} очок бойового духу.
str_other_party_lost_morale|{s1} втрачає {reg1} одиниць бойового духу.
str_qst_follow_spy_noticed_you|Шпигун помітив Вас! Він утікає!
str_father|батько
str_husband|чоловік
str_wife|дружина
str_daughter|дочка
str_mother|мати
str_son|син
str_brother|брат
str_sister|сестра
str_he|він
str_she|вона
str_s3s_s2|{s2} {s2}
str_s5_is_s51|{s5} - {s51}.
str_s5_is_the_ruler_of_s51|{s5} править {s51}.
str_s5_is_a_nobleman_of_s6|{s5} - дворянин із {s6}.
str_relation_mnus_100|Мстивий(-а) до Вас
str_relation_mnus_90|Мстивий(-а) до Вас
str_relation_mnus_80|Мстивий(-а) до Вас
str_relation_mnus_70|Ненависний(-а) до Вас
str_relation_mnus_60|Ненависний(-а) до Вас
str_relation_mnus_50|Ворожий(-а) до Вас
str_relation_mnus_40|Сердитий(-а) на Вас
str_relation_mnus_30|Обурений(-а) Вами
str_relation_mnus_20|Непривітний(-а) до Вас
str_relation_mnus_10|Підозрілий(-а) до Вас
str_relation_plus_0|Байдужий(-а) до Вас
str_relation_plus_10|Чуйний(-а) до Вас
str_relation_plus_20|Гостинний(-а) до Вас
str_relation_plus_30|Прихильний(-а) до Вас
str_relation_plus_40|Підтримує Вас
str_relation_plus_50|Дружелюбний(-а) до Вас
str_relation_plus_60|Люб'язний(-а) до Вас
str_relation_plus_70|Привітно до Вас ставиться
str_relation_plus_80|Вірний(-а) Вам
str_relation_plus_90|Відданий(-а) Вам
str_relation_mnus_100_ns|{s60} хоче помститися.
str_relation_mnus_90_ns|{s60} хоче помститися.
str_relation_mnus_80_ns|{s60} хоче помститися.
str_relation_mnus_70_ns|{s60} ненавидить Вас.
str_relation_mnus_60_ns|{s60} ненавидить Вас.
str_relation_mnus_50_ns|{s60} ненавидить Вас.
str_relation_mnus_40_ns|{s60} злиться на Вас.
str_relation_mnus_30_ns|{s60} обурюється Вашою поведінкою.
str_relation_mnus_20_ns|{s60} ставиться до Вас непривітно.
str_relation_mnus_10_ns|{s60} ставиться до Вас підозріло.
str_relation_plus_0_ns|{s60} ставиться до Вас байдуже.
str_relation_plus_10_ns|{s60} ставиться до Вас із чуйністю.
str_relation_plus_20_ns|{s60} ставиться до Вас гостинно.
str_relation_plus_30_ns|{s60} ставиться до Вас прихильно.
str_relation_plus_40_ns|{s60} виражає Вам підтримку.
str_relation_plus_50_ns|{s60} ставиться до Вас доброзичливо.
str_relation_plus_60_ns|{s60} ставиться до Вас люб'язно.
str_relation_plus_70_ns|{s60} ставиться до Вас привітно.
str_relation_plus_80_ns|{s60} - Ваш надійний союзник.
str_relation_plus_90_ns|{s60} - Ваш відданий друг.
str_relation_reg1| Ставлення: {reg1}
str_center_relation_mnus_100|Населення запекло ненавидить Вас
str_center_relation_mnus_90|Населення вельми ненавидить Вас
str_center_relation_mnus_80|Населення сильно ненавидить вас
str_center_relation_mnus_70|Населення ненавидить Вас
str_center_relation_mnus_60|Населення відчуває до Вас ненависть
str_center_relation_mnus_50|Населення налаштоване до Вас надзвичайно вороже
str_center_relation_mnus_40|Населення налаштоване до Вас дуже вороже
str_center_relation_mnus_30|Населення налаштоване до Вас вороже
str_center_relation_mnus_20|Населення проти Вас
str_center_relation_mnus_10|Населення протистоїть Вам
str_center_relation_plus_0|Народу байдуже до Вас
str_center_relation_plus_10|Населення приймає Вас
str_center_relation_plus_20|Населення ставиться до Вас із чуйністю
str_center_relation_plus_30|Населення у чомусь підтримує Вас
str_center_relation_plus_40|Населення підтримує Вас
str_center_relation_plus_50|Населення підтримує Вас у всьому
str_center_relation_plus_60|Населення віддане Вам
str_center_relation_plus_70|Населення віддане Вам у всьому
str_center_relation_plus_80|Населення віддане Вам
str_center_relation_plus_90|Населення відчайдушно віддане Вам
str_town_prosperity_0|Місто {s60} нестерпно бідне
str_town_prosperity_10|Збідніле місто {s60} практично спорожніло.
str_town_prosperity_20|Місто {s60} виглядає порожнім і брудним.
str_town_prosperity_30|Місто {s60} виглядає бідним і полишеним.
str_town_prosperity_40|Місто {s60} бореться за своє існування.
str_town_prosperity_50|Місто {s60} нічим не примітне.
str_town_prosperity_60|Місто {s60} процвітає.
str_town_prosperity_70|Місто {s60} процвітаюче та дуже людне.
str_town_prosperity_80|Місто {s60} виглядає заможним й упорядкованим.
str_town_prosperity_90|{s60} - заможне, процвітаюче місто.
str_town_prosperity_100|Життя міста {s60} б'є ключем.
str_village_prosperity_0|Село {s60} нестерпно бідне.
str_village_prosperity_10|Злиденне село {s60} практично спорожніло.
str_village_prosperity_20|Село {s60} виглядає порожнім і старим.
str_village_prosperity_30|Село {s60} виглядає бідним і занедбаним.
str_village_prosperity_40|Село {s60} бореться за своє існування.
str_village_prosperity_50|Село {s60} нічим не примітне.
str_village_prosperity_60|Село {s60} процвітає.
str_village_prosperity_70|Село {s60} розкошує.
str_village_prosperity_80|Село {s60} виглядає заможним та упорядкованим.
str_village_prosperity_90|Село {s60} виглядає багатим і процвітаючим.
str_village_prosperity_100|Село {s60}, оточене широкими родючими полями, виглядає неймовірно багатим.
str_town_alt_prosperity_0|Навіть звичайні товари у крамницях не по кишені тутешнім мешканцям. Люди виснажені, їх тварини хворіють і вмирають, інструменти й предмети побуту стали непридатними. На вулицях порожньо, чути лише джижчання мух, та завивання бродячих собак.
str_town_alt_prosperity_20|На ринку бурчать про непомірні ціни на звичайні речі, та й самі лавки стоять напівпорожні. Люди схудли, їхні тварини виснажені, а будівлі та предмети побуту розвалюються від старості. Багато хто з місцевих вже полишили батьківський дім в надії на краще майбутнє.
str_town_alt_prosperity_40|На ринку інколи бурчать про високі ціни на повсякденні речі, але товарів у крамницях доволі багацько. Іноді погляд натикається на закриті магазинчики, забиті будинки й полишені вози, але життя йде своїм руслом.
str_town_alt_prosperity_60|Тутешні люди виглядають ситими й відносно непогано вдягненими. Ремісники працюють над новими виробами, а до міста стікається народ у пошуках кращої долі.
str_town_alt_prosperity_80|Будинки, вулиці, ба навіть стіни цього міста чисті й охайні. На ринкових майданах повно заїжджих покупців, які прибули сюди у пошуках товарів і роботи. Безугавний перестук молотків і стрекотіння ткацьких верстатів указують про добробут містян.
str_village_alt_prosperity_0|Лише найсильніші хлібороби ще можуть вийти на зарослі бур'яном поля. Інші селяни хворі й голодні. Ті, хто ще міг пересуватися, уважали за краще піти з цих місць. Худі тварини ледве дихають і скоро здохнуть від голоду або будуть з'їдені господарями. В околиці й уздовж доріг сонце вибілює скелети полеглої худоби.
str_village_alt_prosperity_20|На полях біля села можна побачити нечисленну худобу та рідкісні фігурки селян. Навіть нетутешньому одразу стає зрозуміло, що більшість місцевих пішли куди очі дивляться. Плуги й борони покриті іржею, а земля родить більше бур'янів, аніж пшениці.
str_village_alt_prosperity_40|На полях і в садах у нескінченних турботах працюють люди. Селяни виглядають ситими, а їхні тварини - здоровими. Утім, деякі земельні наділи пустують, а частина будинків закинуті. Видно, що у селі не вистачає рук, аби зробити всю роботу, яка накопичилася.
str_village_alt_prosperity_60|На полях і в садах села повно людей, що працюють від світанку до заходу. Комори ломляться від зерна, а горища - від запашного сіна. Земля дає файний урожай, худоба доглянута, а жителі готові до завтрашнього дня.
str_village_alt_prosperity_80|На полях і в садах села повно людей, земельні угіддя тут і там прорізають зрошувальні канали. Схоже, у тутешніх жителів вистачає часу і сил на те, щоб облагороджувати свої наділи. Навколо багацько найманих працівників, що тільки примножує багатства цього села.
str_oasis_village_alt_prosperity_0|Пальмові гаї виглядають безлюдними, а зрошувальні канали оазису забиті мулом. Ви помічаєте лише жалюгідну жменьку виснажених людей, які не знаходять собі місця. Тягова худоба давно з'їдена або померла з голоду - залишилися тільки білі кістки, які розносять по окрузі дикі шакали.
str_oasis_village_alt_prosperity_20|Під покровом пальм гайків блукають поодинокі люди. Пісок пустелі хвилями накочує на занедбані сади. Багато зрошувальних каналів забиті мулом, а живильні для них колодязі й струмочки пересохли.
str_oasis_village_alt_prosperity_40|У пальмових гаях працюють чоловіки та жінки, збиваючи на землю дозрілі фрукти. Здорові тварини крутять ворота підйомників води. Утім, частина зрошувальних каналів і водоймищ забита мулом або ж потребує лагодження.
str_oasis_village_alt_prosperity_60|В оазисі багато пальм, під покровом яких кипить робота. Місцеві жителі працюють спільно й веселі не без причини. Звідусіль чути звуки життя: скрип дерев'яних підйомників води, мукання тяглових тварин, дзюрчання води, що біжить. Одразу видно, що зрошення тут поставлено на славу.
str_oasis_village_alt_prosperity_80|В оазисі багато пальм, під покровом яких кипить робота. Надлишок плодів вирушає на ринок. Чоловіки та жінки пліч-о-пліч займаються господарством, риють нові канали й колодязі, відвойовуючи у пустелі все нові ділянки землі.
str_acres_grain|акрів посівів
str_acres_orchard|акрів садів і виноградників
str_acres_oasis|акрів зрошуваних садів оазису
str_looms|верстатів
str_boats|човнів
str_head_cattle|голів корів
str_head_sheep|голів овець
str_mills|млинів
str_kilns|печей
str_pans|чанів
str_deposits|покладів
str_hives|вуликів
str_breweries|пивоварень
str_presses|давилень
str_smithies|кузень
str_caravans|наземних караванів
str_traps|пасток
str_gardens|садочків
str_tanneries|дубильних чанів
str_master_miller|Головний мельник
str_master_brewer|Головний пивовар
str_master_presser|Головний чавильник
str_master_smith|Головний коваль
str_master_tanner|Головний чинбар
str_master_weaver|Головний ткач
str_master_dyer|Головний фарбувальник
str_war_report_minus_4|ми майже програли війну
str_war_report_minus_3|становище незавидне
str_war_report_minus_2|наші справи йдуть не найкращим чином
str_war_report_minus_1|ми можемо перемогти, якщо зберемося
str_war_report_0|наші й ворожі сили рівні
str_war_report_plus_1|у нас є всі шанси виграти війну
str_war_report_plus_2|справи йдуть добре
str_war_report_plus_3|ми з легкістю переможемо їх
str_war_report_plus_4|ми майже виграли війну
str_persuasion_summary_very_bad|Ви робите все можливе, але {s50} не бажає вас слухати. Упереміш із розумними доводами ви наводите непереконливі та відчуваєте, що повторюєтеся. По закінченні бесіди ви розумієте, що не досягли рівним рахунком нічого, лише виставили себе на посміховисько. Не дивно, що {s50} не вражений.
str_persuasion_summary_bad|Ви проявляєте чудеса переконання, але {s50} набагато красномовніший за вас. У підсумку ваші найбільш вагомі доводи перестають здаватися переконливими навіть вам. {s50}, ясна річ, залишається при своїй думці.
str_persuasion_summary_average|{s50} досвідчений у суперечках і на будь-який ваш аргумент знаходить логічне заперечення. У результаті розмова не приводить вас ні до чого.
str_persuasion_summary_good|Ви не лізете за словом у кишеню і наводите вагомі аргументи, тож {s50} доводиться з вами погодитися. Однак {reg51?в неї:у нього} ще залишилися деякі сумніви щодо вашого прохання.
str_persuasion_summary_very_good|Ви виголошуєте промову, яка музикою ллється у вуха слухачів. Здається, увесь світ затих і слухає вас. {s50} зворушений вашими словами і погоджується допомогти.
str_secret_sign_1|Шафа танцює вночі...
str_secret_sign_2|Я продаю найкращі кергітські гобелени. Не бажаєте глянути?
str_secret_sign_3|Знайомий мого друга прислав...
str_secret_sign_4|Зі сходу дме сильний вітер, і річка стає червоною...
str_countersign_1|Він танцює для шафи чи для підсвічника?
str_countersign_2|Так, синій?
str_countersign_3|Друже мій, у знайомого вашого друга ніколи не буде такого друга, як я.
str_countersign_4|Ви захворіли?
str_name_1|Альбард
str_name_2|Ескарл
str_name_3|Зігмар
str_name_4|Талеск
str_name_5|Ритманд
str_name_6|Аелс
str_name_7|Рорке
str_name_8|Брагамус
str_name_9|Таарл
str_name_10|Рамін
str_name_11|Шалк
str_name_12|Путар
str_name_13|Тамус
str_name_14|Ріхард
str_name_15|Вальчиз
str_name_16|Рулк
str_name_17|Марлунд
str_name_18|Огарун
str_name_19|Дайнад
str_name_20|Джоайя
str_name_21|Рамар
str_name_22|Кальдаранець
str_name_23|Брабас
str_name_24|Кандрін
str_name_25|Печнак
str_surname_1|{s50} з Учхали
str_surname_2|{s50} з Верчега
str_surname_3|{s50} з Рейвадіна
str_surname_4|{s50} з Суно
str_surname_5|{s50} з Джелкали
str_surname_6|{s50} з Велуки
str_surname_7|{s50} з Гальмара
str_surname_8|{s50} з Курав
str_surname_9|{s50} з Саргота
str_surname_10|{s50} з Тиру
str_surname_11|{s50} із Зендару
str_surname_12|{s50} з Ривачега
str_surname_13|{s50} з Верчега
str_surname_14|{s50} з Елердага
str_surname_15|{s50} з Ярагара
str_surname_16|{s50} з Бурглена
str_surname_17|{s50} з Шапеште
str_surname_18|{s50} з Гануна
str_surname_19|{s50} з Сарена
str_surname_20|{s50} з Тосдара
str_surname_21|{s50} Каланча
str_surname_22|{s50} Здоровань
str_surname_23|{s50} Шовкобород
str_surname_24|{s50} Ластівка
str_surname_25|{s50} Жебрак
str_surname_26|{s50} Шрам
str_surname_27|{s50} Сойка
str_surname_28|{s50} Перепілка
str_surname_29|{s50} Лисиця
str_surname_30|{s50} Дрізд
str_surname_31|{s50} Кіготь
str_surname_32|{s50} Зірка
str_surname_33|{s50} Перехрабр
str_surname_34|{s50} Юза
str_surname_35|{s50} Суслик
str_surname_36|{s50} Землерийка
str_surname_37|{s50} Яробор
str_surname_38|{s50} Шиша
str_surname_39|{s50} Бард
str_surname_40|{s50} Лисий
str_surname_41|{s50} Гаряча голова
str_surnames_end|прізвища закінчені
str_number_of_troops_killed_reg1|Убито : {reg1}
str_number_of_troops_wounded_reg1|Поранено : {reg1}
str_number_of_own_troops_killed_reg1|Убито дружніх загонів: {reg1}
str_number_of_own_troops_wounded_reg1|Поранено дружніх загонів: {reg1}
str_retreat|Відступаємо!
str_siege_continues|Бій триває...
str_casualty_display|Втрати: {s10}^Утрати ворога: {s11}{s12}
str_casualty_display_hp|^Ви поранені й утратили {reg1} очок здоров'я.
str_quest_log_updated|Журнал завдань оновлено.
str_banner_selection_text|Вам випала честь нести стяг, який відображатиме Ваш статус і принесе Вам славу. А що оберете Ви?
str_retirement_text_1|Занадто пізно Ви усвідомлюєте, що Ваших грошей не вистачить на спокійну старість. Мізерні заощадження швидко тануть, і Ви знову відчайдушно вирушаєте на пошуки пригод. Ви закінчуєте своє життя в {s9}, ведучи жебрацьке існування та живучи за рахунок офірувань.
str_retirement_text_2|Занадто пізно Ви усвідомлюєте, що Ваших грошей не вистачить на спокійну старість. Мізерні заощадження швидко тануть, і Вам нічого не залишається, окрім як стати злочинцем у темних провулках {s9}, де Ви грабуєте жінок і бідних містян, відбираючи у них жалюгідні копійки.
str_retirement_text_3|Занадто пізно Ви усвідомлюєте, що Ваших грошей не вистачить на спокійну старість. Мізерні заощадження швидко тануть, і Ви вирушаєте блукати тавернами. Інколи відвідувачі з жалю пригощають Вас випивкою, аби послухати Ваші розповіді про війну. Утім, Вам уже давно ніхто не вірить.
str_retirement_text_4|Ваші заощадження невеликі, але їх вистачає на придбання невеликої ділянки землі біля села {s7}. Ви стаєте вільним фермером, і скоро на Вас звертають увагу потенційні наречені. З часом селяни починають уважати Вас місцевим героєм: Вам завжди дістається почесне місце за святковим столом, а про Ваші пригоди розповідають у тавернах. Уся навколишня дітвора знає про Ваші подвиги.
str_retirement_text_5|Ваші заощадження невеликі, але їх вистачає на купівлю маленької таверни в {s9}. Спочатку місцеві ставляться до Вас недовірливо, але поступово приймають. З часом Ваш шинок стає вельми популярним, у ньому проводиться безліч свят. Заради того, аби повечеряти або переночувати у Вашому закладі та послухати розповіді про героїчне минуле, деякі люди спеціально приїжджають до Вас з інших міст.
str_retirement_text_6|За час Вашої кар'єри Ви постійно відкладали гроші, а опісля зуміли раціонально розпорядитися нажитим багатством. Придбавши кілька крамниць та складів у {s9}, Ви незабаром стали одним із найпроцвітаючих купців міста. Ви примножували свій статок і незабаром прославилися не лише ратними подвигами, але й процвітаючою торговою імперією.
str_retirement_text_7|Ви мали земельні володіння, хоч і невеличкі, тому Ваше майбутнє було більш-менш визначеним. Ви влаштувалися у своєму маєтку в {s7}, стежили за селом і полями, грали роль мирового судді й виконували обов'язки перед сеньйором. Ви були на чолі своїх військ під час кількох успішних кампаній, але до пригод своєї молодості Ви так і не повернулися. У Вас є свій замок, землі й достатньо грошей, тож Ви можете дозволити собі практично все, що лише забажаєте.
str_retirement_text_8|Ви чудово зуміли подбати про себе. Ваші великі володіння та зібрані у пригодах гроші дозволять Вам провести решту життя в багатстві. Повернувшись до свого маєтку в {s8}, Ви долучаєтеся до політики і незабаром стаєте значною фігурою в королівстві Вашого сеньйора. Ви плетете інтриги, полюєте, проводите частування в розкішних залах, розповідаючи гостям численні історії про війну. Словом, наступні роки проходять для Вас просто відмінно.
str_retirement_text_9|За вірну службу сеньйор нагородив Вас спадковим баронським титулом, тож Ви ввійшли до лав вищої знаті. Ви отримали у володіння {s7} і стали одним із найближчих і довірених радників сеньйора. Ваша слава принесла Вам вплив і чималу політичну владу. Тепер Ви проводите свої дні у справах врядування, розпоряджаєтеся маєтками та згадуєте старі дні, повні пригод та слави.
str_retirement_text_10|Ви починали службу з самих низів, але сеньйор високо цінував Вас, і багато хто був невимовно здивований, коли він заповів Вам спадкоємний титул графа/графині та землю {s9}. Тепер у Вашому розпорядженні величезні володіння і капітали. Ви швидко стаєте довіреною особою свого сеньйора і майже зрівнялися з ним за силою й впливом. У Вас навіть є свій власний трон, і Ви по праву є однією з найзначніших фігур у Кальрадії.
str_loot_village|напасти на беззахисних селян
str_steal_from_villagers|вкрасти у бідних селян
str_rob_caravan|пограбувати торговий караван
str_sell_slavery|продати людей у рабство
str_men_hungry|немає їжі
str_men_unpaid|немає грошей для платні
str_excessive_casualties|перетворювати будь-яку битву в криваву бійню для своїх
str_surrender|здатися ворогові
str_flee_battle|втекти з поля бою
str_pay_bandits|відкупитися від бандитів
str_fail_quest|провалити завдання, за яке дано слово честі
str_squander_money|прогуляти довірені гроші
str_murder_merchant|здійснити холоднокровне вбивство
str_round_up_serfs|впіймати рабів за наказом аристократа
str_battle_fate_1|Ми розділилися в запалі бою
str_battle_fate_2|Мене поранили й залишили помирати
str_battle_fate_3|Від удару ворога я втратив свідомість
str_battle_fate_4|За мене вимагали викуп
str_battle_fate_5|Мене полонили, але мені вдалося втекти
str_npc_morale_report|Мені {s6} Ваш вибір компаньйонів, {s7} Ваш спосіб ведення справ і {s8} розклад речей у цілому.
str_happy|дуже подобається
str_content|подобається
str_concerned|не подобається
str_not_happy|зовсім не подобається
str_miserable|огидний
str_morale_reg1| Бойовий дух: {reg1}
str_bar_enthusiastic| люди в захваті
str_bar_content| люди задоволені
str_bar_weary| люди втомилися
str_bar_disgruntled| люди незадоволені
str_bar_miserable| люди в розпачі
str_here_plus_space|тут
str_npc1_intro|Доброго дня! Чи не мисливця Ви розшукуєте на ринку?
str_npc2_intro|День добрий! Не бажаєте пропустити зі мною стаканчик? Усе моє багатство - ці п'ять динарів, і я не хочу пропити їх наодинці.
str_npc3_intro|Добрий день!
str_npc4_intro|Вітаю. Я Рольф, син Рольфа з найстарішого і найвпливовішого дому Рольфа.
str_npc5_intro|Вітаю. Не бажаєте випити зі мною?
str_npc6_intro|Мені кінець... Кінець...
str_npc7_intro|Що вам треба? Не наближайтеся.
str_npc8_intro|Чого ви хочете?
str_npc9_intro|{Чоловіче добрий/Жінко добра}, не принесете мені випити, а?
str_npc10_intro|Слава Кальрадії, {брате/сестро}! Вип'ймо за погибель усіх високородних лордів і леді!
str_npc11_intro|Доброго здоров`ячка, {брате/подружко}. Випий зі мною.
str_npc12_intro|Доброго дня. Можливо, ви зумієте мені допомогти...
str_npc13_intro|Вітаю. Мене звуть Нізар. Впевнений, що ви про мене чули.
str_npc14_intro|Добрий день. Що вам завгодно?
str_npc15_intro|О! Скажіть, ви, випадково, не збираєтеся йти з міста?
str_npc16_intro|Гей, привіт. Судячи з вашого вигляду, спокійного життя ви не шукайте. Скажіть, вам випадково бійці не потрібні?
str_npc1_intro_response_1|Може і так. А вам що за діло?
str_npc2_intro_response_1|Останні п'ять динарів? Як таке вийшло?
str_npc3_intro_response_1|Доброго дня. Дозвольте запитати, як порядна дівчина опинилася в цій забігайлівці?
str_npc4_intro_response_1|Гм... Уперше чую про дім Рольфів.
str_npc5_intro_response_1|З задоволенням. А з ким маю честь?...
str_npc6_intro_response_1|Що трапилося, друже мій?
str_npc7_intro_response_1|Вибачте. Мені здалося, що Ви чимось засмучені.
str_npc8_intro_response_1|Лише приємно провести час, пані, якщо у Вас немає інших справ.
str_npc9_intro_response_1|Невже я виглядаю як шинкар, пане добродію?
str_npc10_intro_response_1|Героям Слава! Чому Ви так кажете?
str_npc11_intro_response_1|А що за привід?
str_npc12_intro_response_1|Чому ж це?
str_npc13_intro_response_1|Гм... Ні, не думаю.
str_npc14_intro_response_1|Просто поговорити з товаришем-мандрівником, якщо ви не проти.
str_npc15_intro_response_1|Так і є. А чому ви питаєте?
str_npc16_intro_response_1|Можливо. А при чому тут Ви?
str_npc1_intro_response_2|Гей, руки геть від мого гаманця!
str_npc2_intro_response_2|Я знайду краще заняття, приятелю.
str_npc3_intro_response_2|Йшла би ти звідси, дівчино. І без тебе клопоту вистачає.
str_npc4_intro_response_2|А? Вибачте, мене це не цікавить.
str_npc5_intro_response_2|У мене немає на це часу.
str_npc6_intro_response_2|Так, схоже на те... Ну, може, обійдеться.
str_npc7_intro_response_2|Гаразд. Не смію вас турбувати.
str_npc8_intro_response_2|Нічого, прекрасна пані. Ваш неприступний погляд не залишає мені жодної надії. Прощавайте.
str_npc9_intro_response_2|Сам збігаєш, приятелю!
str_npc10_intro_response_2|Це небезпечні речі, не бажаю слухати. До побачення.
str_npc11_intro_response_2|Не варто, добродійко.
str_npc12_intro_response_2|Вибачте, але зараз у мене є інші справи.
str_npc13_intro_response_2|Немає. І не горю бажанням почути, якщо чесно.
str_npc14_intro_response_2|Нічого. Вибачте.
str_npc15_intro_response_2|По-моєму, це не ваша справа, пане.
str_npc16_intro_response_2|Тобі що за діло, подруго?
str_npc1_backstory_a|О, {сер/мадам}, це довга історія...
str_npc2_backstory_a|Це сумна історія, пане.
str_npc3_backstory_a|Зараз я вам все поясню!
str_npc4_backstory_a|Невже? Ну що ж, гадаю, ваше невігластво цілком можна пробачити. Наші рідні землі лежать далеко за горами.
str_npc5_backstory_a|Я - Бахештур, син Азабея, онук Баздана. Не будь ви варваром, відразу зрозуміли б, звідки я родом. Я - хергіт з гір, з племені Шаміра, з клану Дулама, з сімейства Убейн, з долини Панташ. Ви можете здогадатися, що завело мене так далеко від дому.
str_npc6_backstory_a|Я великий грішник, {мій пане/пані моя}, і мені б дуже не хотілося розповідати вам про мої колишні діяння.
str_npc7_backstory_a|Засмучена? Ну можна і так сказати...
str_npc8_backstory_a|Ах. Ну, раз ви наполягаєте, я поговорю з вами.
str_npc9_backstory_a|Прийміть мої вибачення. У цій пітьмі легко помилитися. Досі не віриться, що іншого притулку у мене більше немає.
str_npc10_backstory_a|Це довга історія, але якщо ви замовите собі випити, я з радістю розповім вам її.
str_npc11_backstory_a|Я продала всі свої горщики до єдиного, {хлопче/дівчино}, і візок разом з ними! Нарешті-то у мене завелися грошенята, і я збираюся розпорядитися ними найкращим чином.
str_npc12_backstory_a|Я розповім вам історію про жахливу несправедливість. Попереджаю про це відразу, тому що у вас може виявитися палкий темперамент, і ви будете так обурені моїм оповіданням, що наламаєте дров.
str_npc13_backstory_a|Ні? Тоді, мабуть, ви чули про мого коня, що мчить по рівнинах Кальрадії подібно місячному сяйву? Або про мій меч, який побагровів від крові найблагородніших правителів цих земель?
str_npc14_backstory_a|Добре. Я не проти. Мене звуть Лазалет.
str_npc15_backstory_a|Я інженер, вивчаю мистецтво фортифікації. Якщо, приміром, вам потрібно знести стіну, то це завдання для мене. А якщо вам знадобиться побудувати стіну заново, я і тут допоможу, хоча по часу це вийде довше, та й грошей буде потрібно більше. І знаєте, мені затримувати плату не варто, тому що навіть нова споруда може випадково впасти... вже бували такі випадки.
str_npc16_backstory_a|Справа в тому, {пане/пані}, що мене завжди приваблювали красиві речі, і звідси всі мої неприємності.
str_npc1_backstory_b|У мене {s19} були деякі проблеми в {s20}. Мені трапився прив'язаний біля трактиру кінь - копія тої скотини, яка скинула мене і втекла за кілька днів до цього. Я вирішив розглянути його краще, візьми та відв`яжи повід... Виявилося, кінь належав купцю, старому товстомордому козлу, який і слухати мене не побажав - одразу покликав варту.
str_npc2_backstory_b|Минуло вже багато часу з тих пір, як я виїхав з Джеройи з торговельним караваном у надії продати свої товари в Сарготі і отримати хороший прибуток. На жаль, все пішло не так... Хергіти напали на караван і забрали з собою найкращі товари і коней. А двома днями пізніше охоронці каравану втекли від мене, прихопивши решту.
str_npc3_backstory_b|Мій батько, відомий купець з {s20}, захотів видати мене заміж за одного зі своїх ділових партнерів - а тому вже далеко за тридцять! Я завжди була слухняною донькою, але з цим я миритися не змогла. Тоді я вирішила втекти!
str_npc4_backstory_b|Як і всі чоловіки з мого роду, я подався на чужину, щоб вступити на військову службу. Потім я повинен був повернутися і взяти на себе клопіт про власні володіння. На жаль, наша місцева влада мало що розуміє у військовому кодексі - вони назвали мене бандитом і призначили ціну за мою голову. Погодьтеся, що це найнесправедливіша образа, яку можна кинути в обличчя благородному чоловікові.
str_npc5_backstory_b|Скільки я себе пам'ятаю, наше плем'я завжди ворогувало з племенем хум'янів з сусідньої долини. У цій війні обидві сторони втратили дуже багато людей, мої два брата теж загинули. Сам Хан велів нам припинити різанину і берегти людей для воєн у Кальрадії. Я мав помститися ворогам за кров моїх братів. Тому я влаштував засідку на гірській дорозі і убив одного з хум'янів. Тієї ж ночі я втік з нашого села, не маючи можливості навіть попрощатися з батьком. Я проведу в Кальрадії пару років, а потім, коли люди хана перестануть переслідувати мене, повернуся додому. Жителі Узли, звичайно, нічого не забудуть, але така ціна честі.
str_npc6_backstory_b|Ми з братом служили в гарнізоні {s20}. І вийшло так, що ми обидва закохалися в одну жінку - куртизанку і спокусницю, якій подобалося грати на наших ревнощах. Ми з братом посварилися. Я тоді випив зайвого, і коли він ударив мене по обличчю рукавичкою, я простромив його мечем. Власного брата! Рідна кров зачервонила мої руки!
str_npc7_backstory_b|Мені не пощастило - мій батько не надто дбав про мене. Він видав мене заміж за ледаря і п'яницю, який мене бив. Коли я втекла від чоловіка, мені знову не пощастило - я потрапила в руки бандитів. Лише один з них був добрий до мене: він навчив мене полювати і битися. Але потім мені знову не пощастило - його прирізали через заздрість, і мені довелося пуститися в мандри.
str_npc8_backstory_b|Я належу до старовинного північного роду, я дочка шляхетного тана і дружина благородного тана. Я боролася пліч-о-пліч з чоловіком і у всьому була йому опорою. До нещастя, мій чоловік помер від чуми, так і не залишивши мені дітей, і перед смертю він наполіг, щоб всі його землі наслідувала я. Мій дівер, будь він проклятий, сказав, що жінка в його клані не отримає і гроша від спадщини. Це, звичайно, повна нісенітниця, але він підкупив багатьох слуг мого чоловіка і зміг зайняти моє місце. Тому мені довелося втікати. Ніхто з мого роду не втікав від ворогів, і я теж ніколи більше не повернусь спиною до супротивника.
str_npc9_backstory_b|Я був первістком у родині і спадкоємцем свого батька. Але моя мати померла і батько одружився знову. Його нова дружина вирішила зробити спадкоємцем свого сина. Вона не могла відкрито діяти проти мене, але одного разу я нагодував нутряним салом, приготованим для мене, свого собаку, і той помер у той самий день. Я звинуватив у цьому мачуху, але батько вже був під владою її чар - він мені не повірив і звелів забиратися з дому.
str_npc10_backstory_b|Я був сержантом у гарнізоні {s19} в {s20}. Я охороняв це місто двадцять років, побував у незліченній кількості бійок, отримав чимало ран, а потім командувачем призначили сопливого примхливого принцика - він ледве від маминої спідниці відірвався. Він застав мене на варті на вершині вежі, коли мій арбалет був не заряджений - дощило тоді, і я зняв тятиву, щоб не провисала. Але принцик сказав мені, що незаряджений арбалет - ознака несумлінності, і відшмагав мене кінським батогом. Тоді у мені щось зламалося, і я покинув свою службу.
str_npc11_backstory_b|Мені довелося подорожувати з місцевими арміями більше тридцяти років: продавала їм їжу та напої, влаштовувала азартні ігри, шукала їм дівок, а в підсумку в моєму гаманці жодного динара.
str_npc12_backstory_b|Я вивчився на філософа і фізика і планував присвятити своє життя хірургії, але мені завадила заздрість твердолобих докторів з мого університету. Купець з нашого міста попросив мене зцілити його сина: той упав з балкона і деякий час перебував без свідомості. Я успішно провів йому трепанацію черепа і зменшив гематому, але сім'я не послухала моєї ради, і не стала лікувати його жар настоянкою з вербової кори, і в результаті хлопчик помер. Батько його, замість того щоб винагородити мене за зусилля, звинуватив в чаклунстві - мене, вченого, природознавця! Ось воно, людське невігластво і чорна невдячність.
str_npc13_backstory_b|За професією я - воїн. Але, можливо, Ви вже чули про мій поетичний дар - я змушую розплакатися навіть найхолодніших серцем дів. Або про мої знання в області любовних утіх - відсунувши скромність, зізнаюся, що володію незвичайними вміннями в цій області. Мені подобається Кальрадія, і ось уже кілька років я подорожую її містами, замками та селами, удосконалюючи свої таланти.
str_npc14_backstory_b|Я - другий син графа Джеройи, про якого ви, безперечно, чули. Спадок мені не світив, тому я відправився в Кальрадію, щоб навчатися мистецтву війни і тим самим заробити грошей. На жаль, місцевий правитель не розуміє, що без муштри чернь в солдатів не перетвориш. Я говорив, що краще пороти їх зараз, ніж потім ховати в землю, але лорд не слухав мене і звелів забиратися.
str_npc15_backstory_b|Доглядач {s19} з замку {s20} захотів додати на стіну одну башту, однак на середині будівництва у нього скінчилися гроші - а я так і не встиг закінчити несучі конструкції. Я говорив йому, що вежа впаде, і так все і вийшло. На жаль, у той момент він перебував на її вершині... Новий доглядач не збирався виплачувати борги старого і сказав, що якщо я буду наполягати, він звинуватить мене у вбивстві.
str_npc16_backstory_b|Я виросла в замку Малаюрг і чесно служила там, допомагаючи мамі на кухні. У мене дуже добре виходило ловити мишей в коморах і буфетних. В результаті у кішок не залишилося роботи. Потім господар замку зрозумів, що я зможу вистежувати і більш солідну дичину або допомагати йому з дорученнями, про які краще нікому не розповідати. Що й казати - у мене було дуже багато можливостей привласнити всякі дрібнички, що належали ворогам мого господаря, так що в підсумку я викупила сама себе і стала вільним найманцем. А {s19} я відпрацювала в останній раз - саме {s20}.
str_npc1_backstory_c|Але якби поруч зі мною були люди, готові поручитися за мене, все б обійшлося. Тоді моя вдячність не знала б меж.
str_npc2_backstory_c|І ось я тут, без грошей і можливості повернутися додому.
str_npc3_backstory_c|Я вийду за кого захочу і коли забажаю. Та й до того ж, що б там не думав мій татусь, я сама можу відмінно про себе подбати! Я думала приєднатися до циганського табору або до групи найманців.
str_npc4_backstory_c|Але зайвих проблем мені не потрібно, так що якщо у вас є на прикметі компанія бійців, якій потрібно поповнення, то я з радістю приєднаюся.
str_npc5_backstory_c|Я не втрачу жодної можливості заробити грошей своїм мечем.
str_npc6_backstory_c|Думаєте, у мене ще є надія? Чи повернуся я на праведний шлях чи приречений вічно тікати від внутрішніх демонів?
str_npc7_backstory_c|Але я зовсім не вважаю себе нещасною. Я не нещасніша, за будь-яку жінку Кальрадії - цього смердючого болота, цієї купи гною, населеної мавпами і шакалами.
str_npc8_backstory_c|Коли у мене буде достатньо золота, я зберу армію, повернуся і відберу те, що належить мені по праву.
str_npc9_backstory_c|Я хочу запропонувати свій меч до послуг гідного командувача, бо це єдина відповідна професія для чоловіка в мого роду. Але поки що я змушений спати серед злодіїв, волоцюг, купців і всякої іншої черні з великої дороги.
str_npc10_backstory_c|Тепер я напиваюсь тут до втрати свідомості, а майбутнє хай котиться під три чорти.
str_npc11_backstory_c|Постачати армію харчами дуже нелегко. Доки солдати купують, ти заробляєш потроху, але потім армія зазнає поразки, і тобі доводиться починати все заново, влазити у борги, аби придбати новий віз та биків. Тому мені й набридла торгівля, але окрім армії я більше нічого на світі не знаю.
str_npc12_backstory_c|Власник цього замку збирається посадити мене під арешт, але мені страшно переїжджати кудись ще.
str_npc13_backstory_c|До речі, раз уже заговорили про нічні розваги - десь у цьому місті бродить досить, гм, розсерджений рогоносець. Можливо, Ви допоможете мені вибратися з міста не привертаючи уваги?
str_npc14_backstory_c|Так що якщо ви знаєте якогось командира, який віддає перевагу вигравати битви, а не сюсюкати з солдатами, я б з радістю обговорив з ним можливість найму.
str_npc15_backstory_c|Даремно я, звичайно, підписав контракт без завдатку, тому що тепер я в скрутному становищі - на дорогах повно бандитів, а мені нема чим заплатити за ескорт. Так що якщо яка-небудь добре озброєна армія збирається найближчим часом відправитися з міста, я був би дуже вдячний, якщо б мене взяли з собою.
str_npc16_backstory_c|До нещастя, у дружини мого останнього роботодавця був гарний амулет, і я просто не втрималася. Поки що вона не знає, що втратила його, але скоро дізнається. Отже, вам потрібні помічники?
str_npc1_backstory_later|Я тиняюся без діла і намагаюся не лізти в неприємності. Мені зараз відчайдушно потрібна робота.
str_npc2_backstory_later|Я продав свої черевики і зміг виручити кілька динарів, перепродуючи товари з одного міста в інше, але на це особливо не проживеш.
str_npc3_backstory_later|Я влаштувалася кухарем в один із проходять караванів, і там мені хоча б голодувати не доводилося. Однак на дорозі все одно небезпечно, і мені страшенно набридло постійно відбиватися від вартою і інших, хто дозволяє собі зайве. От якщо б мені вдалося стати войовницею, то чоловіки залишили мене в спокої!
str_npc4_backstory_later|Я повернувся у свій родовий маєток, щоб перевірити справи. Але там було нашестя сарани, і затяжні дощі, і всяке інше, так що я знову повернувся сюди і шукаю роботу.
str_npc5_backstory_later|Я блукаю нашою понівеченою землєю і шукаю достойного лідера, за яким можна буде піти з чистим серцем.
str_npc6_backstory_later|Я блукаю по Кальрадії, але спокути так поки і не отримав.
str_npc7_backstory_later|Я намагалася знайти підходящу для мисливиці роботу, але це не так-то просто. Жителі Кальрадії в більшості своїй погано виховані, брудні і неосвічені, а з такими працювати дуже нелегко.
str_npc8_backstory_later|Я все ще шукаю командира, за якого буду битися. Але мені потрібне золото, і як можна швидше, а місцеві правителі воліють відсиджуватися за стінами замків, замість того щоб шукати подвигів і слави.
str_npc9_backstory_later|Я пропонував свій меч до послуг багатьох місцевих правителів, але зазвичай вони хочуть, щоб я доставляв їм листи, тренував селян або виконував іншу роботу, негідну благородної людини.
str_npc10_backstory_later|Не знаю, чи казав я вам, чи ні, але я втік з свого загону, коли сопливий полудурок велів висікти мене батогом ні за що. З тих пір я намагаюся триматися в тіні. Коли я йшов, то зумів поцупити гаманець мого капітана, але ті гроші вже закінчуються.
str_npc11_backstory_later|Я займаюся чим попало. Рідкісний командир погодиться взяти на службу старий мішок кісток зразок мене, навіть якщо я переможу в бою половину таких як він.
str_npc12_backstory_later|Я блукаю туди-сюди, допомагаю хворим, заробляю, як можу. Але люди в цих місцях неосвічені і майже позбавлені поваги до мого ремесла. Тих кількох динарів, які я отримую, ледь вистачає, щоб поповнити запаси ліків. Я був би дуже радий, якби мені вдалося знайти постійне місце роботи.
str_npc13_backstory_later|Я блукаю по містах Кальрадії, залишаючи за собою слід з закоханих жінок і ревнивих чоловіків. Але мені набридли такі прості випробування, тому я б хотів би звернутися до військового ремесла.
str_npc14_backstory_later|Я блукаю від одного двору до іншого, але гідний лорд по моєму смаку мені так і не зустрівся.
str_npc15_backstory_later|Я ходжу від замку до замку і дивлюся, чи не треба де полагодити стіни. Але господарі завжди або у від'їзді, або у них інші турботи, яких я зустрічаю на вулиці їх кредиторів, які просять милостиню, і розумію, що на нього краще не працювати... загалом, якщо раптом почуєте, дайте знати, добре?
str_npc16_backstory_later|Час від часу мені попадається робота, але хотілося б мати постійне місце... і постійний приплив трупів, які можна обібрати.
str_npc1_backstory_response_1|Можливо. Але як знати, чи не виникне "непорозуміння" з одним із моїх коней?
str_npc2_backstory_response_1|Можливо, у мене знайдеться робота для вас. Битися вмієте?
str_npc3_backstory_response_1|Я командую загоном найманців.
str_npc4_backstory_response_1|У мене є така компанія, та й зайві руки не завадять.
str_npc5_backstory_response_1|Еге ж! Думаю, у мене знайдеться для вас робота.
str_npc6_backstory_response_1|Гм. Ви могли б приєднатися до нас. Боротися за справедливість, битися з гнобителями, спокутувати гріхи й усяке таке...
str_npc7_backstory_response_1|Гм... А Ви часом не роботу шукаєте?
str_npc8_backstory_response_1|Я можу допомогти вам заробити грошей за допомогою старої доброї бійки і грабежів.
str_npc9_backstory_response_1|Можливо, ви могли б приєднатися до моєї команди.
str_npc10_backstory_response_1|Якщо ви шукаєте роботу, то мені якраз потрібні досвідчені бійці.
str_npc11_backstory_response_1|Чим ви займетеся в даний час?
str_npc12_backstory_response_1|Ви могли б вирушити з нами, але будьте готові битися в першій лінії.
str_npc13_backstory_response_1|В моєму загоні зайвий меч не завадить.
str_npc14_backstory_response_1|Можливо, ви станете у нагоді в моїй команді.
str_npc15_backstory_response_1|Куди вам потрібно?
str_npc16_backstory_response_1|Можливо. А що Ви вмієте?
str_npc1_backstory_response_2|Я таким не займаюся. Є справи важливіші, ніж приховувати злодіїв від закону.
str_npc2_backstory_response_2|Так, не пощастило. Гаразд, удачі!
str_npc3_backstory_response_2|Повертайся в сім'ю, дівчино. Батька треба слухати.
str_npc4_backstory_response_2|Ні, вибачте.
str_npc5_backstory_response_2|Ех... Поки ви не перестанете воювати кланами, ви так і залишитеся диким гірським народом.
str_npc6_backstory_response_2|Геть, мерзенний братовбивця!
str_npc7_backstory_response_2|Мені це місце дуже подобається. Гаразд, доброго вам дня.
str_npc8_backstory_response_2|Ваш дівер був правий - нічого жінкам лізти до влади. Вирушайте додому, до вогнища!
str_npc9_backstory_response_2|Кілька моїх кращих друзів відносяться до цієї самої черні. До побачення, пане добродію.
str_npc10_backstory_response_2|Вас неодмінно повісять - і будуть праві. Прощавайте.
str_npc11_backstory_response_2|Дуже цікаво, пані, але в мене є справи.
str_npc12_backstory_response_2|Вибачте, але зараз мені більше нікого не потрібно.
str_npc13_backstory_response_2|Ні, вибачте, нічим не можу допомогти.
str_npc14_backstory_response_2|Якщо щось дізнаюся - повідомлю. До побачення.
str_npc15_backstory_response_2|Вибачте, але мій загін повністю укомплектований.
str_npc16_backstory_response_2|Прости, мила, але мені здається, що від тебе можуть бути одні проблеми.
str_npc1_signup|{Пане/Пані}, мені дуже шкода, що ви так подумали. Я буду перед вами у великому боргу, і при першому ж випадку висловлю свою подяку.
str_npc2_signup|Повинен зізнатися, що за професією я не воїн.
str_npc3_signup|Правда? Ну що ж, вибирати мені особливо немає з чого, тому я із задоволенням приєднаюсь до вас.
str_npc4_signup|Добре! Мені вже не терпиться вбити кілька ворогів.
str_npc5_signup|Це дуже щедра пропозицію!
str_npc6_signup|Так! Вас, мабуть, послало саме провидіння! Виведіть мене, виведіть з цієї темряви!
str_npc7_signup|Можливо. Гроші мені точно не завадять.
str_npc8_signup|Правда? Я прийму вашу пропозицію.
str_npc9_signup|Це було б чудово, {мій пане/моя пані}.
str_npc10_signup|Правда? Що ж, це трохи краще, ніж бовтатися в петлі за дезертирство.
str_npc11_signup|Я теж боєць! Допоможіть мені трохи на старості років! Я народила двох хлопчиків, обох від солдатів, і самі вони теж стали солдатами. Одному проломили голову кергітською биткою, а другий помер від віспи, але, принаймні, вони не голодували.
str_npc12_signup|Як я вже казав - я хірург, а не яке-небудь дівчисько без практики в університетській мантії. Я не боюся брудної роботи.
str_npc13_signup|Правда? Що ж, я буду в нагоді вам!
str_npc14_signup|Мені буде дуже приємно подорожувати з вами, хай і недовго. Непогано було б заробити і отримати якусь здобич.
str_npc15_signup|Я хочу вирушити в Джеройю, але спочатку хотілося б заробити трохи грошей, щоб не повертатися додому з порожніми руками. Так що якщо ви обіцяєте мені їжу і частину здобичі, я з радістю буду битися на вашому боці.
str_npc16_signup|Я вам ось що скажу. Може, я не вмію читати і писати, але я можу дуже швидко дістатися до людського серця, яке знаходиться між четвертим і п'ятим ребром. Розумієте?
str_npc1_signup_2|Мені не раз доводилося бувати в диких місцях, і я вмію пересуватися дуже швидко навіть у найгустіших хащах. А ще вмію читати сліди й складати карти. Так що ви скажете?
str_npc2_signup_2|Але я швидко вчуся. Вмію їздити верхи, багато знаю про торгівлю, ціни і всяке таке.
str_npc3_signup_2|Думаю, якщо кого і не вистачає у вашому загоні, так це мене. Я відмінно знаю класичну літературу і можу продекламувати кілька поем з епосу мого народу. Я граю на лютні і вміло управляюсь з домашніми слугами.
str_npc4_signup_2|Але врахуйте, що як благородний чоловік і землевласник я розраховую зайняти командну посаду. Я не збираюся бути простим солдатом.
str_npc5_signup_2|Я не зраджу вас до тих пір, поки ви виконуєте свій обов'язок: годуйте мене, платіть вчасно і не посилаєте мене в битву, в якій у нас немає шансів на перемогу. Дайте мені, будь ласка, трохи солі! Такий звичай мого народу - брати сіль у свого командира в знак того, що він буде дбати про нас.
str_npc6_signup_2|Я добре розбираюся в бойових мистецтвах, але прошу вас, {пане/пані моя}: я хочу застосовувати свої вміння для допомоги невинним, бідним і беззахисним. Мені зовсім не хочеться стати звичайним бандитом і принести іншим ще більше горя.
str_npc7_signup_2|Але скажіть вашим послідовникам, що я не терплю неотесаних селюків. Будь-хто, хто буде вести себе неналежно, швидко отримає стрілу в горлянку.
str_npc8_signup_2|Я матиму за честь боротися за вас. Але попереджаю: якщо ви відправите мене збирати дрова чи готувати, то дуже сильно пошкодуєте!
str_npc9_signup_2|Я - благородна люди і віддаю перевагу битися списом та мечем. Бачу, ви нижче мене за походженням, але це нічого - я не соромлюся того, що мені доведеться служити у недосвідченого командира. Якщо ваші люди не будуть зі мною дуже зверхні, то все буде добре. Розумієте, про що я?
str_npc10_signup_2|Ви не пошкодуєте, що взяли мене! Я відмінно володію арбалетом - це чудова зброя, вона проб'є обладунок будь-якого принца, і його блакитна кров струмком рине на землю. І мені довелося тренувати рекрутів більше, ніж вам, багато більше, ніж вам. І з аристократами я не церемонюсь.
str_npc11_signup_2|Я вмію управлятися з клинком, зашивати рани і годувати армію в поході. З боку будь-якого командира було б дуже нерозумно відмовитися від такого супутника! Скажіть, у вас, випадково, немає власного загону?
str_npc12_signup_2|Я побачив всі рани, які тільки може завдати рука людини. До того, як стати хірургом, я був студентом, так що вмію і наносити рани, а не тільки лікувати їх.
str_npc13_signup_2|Меч, спис, лук - я володію будь-якою зброєю, описаною в епічних поемах. Разом ми зробимо такі подвиги, про які ще довго будуть згадувати на святах і біля вогнищ, в брудних тавернах і королівських палатах!
str_npc14_signup_2|Я добре володію мечем і навчу ваших людей битися. Але попереджаю, що я не буду служити командиру, який не підтримує дисципліну в загоні, тому що такого жоден солдат не буде поважати.
str_npc15_signup_2|Я спеціалізуюся на облогах, хоча, думаю, і у відкритому бою на що-небудь здатен.
str_npc16_signup_2|Я можу метати ножі, і я невловима, як ртуть. Запевняю, одного разу я дуже стану в нагоді.
str_npc1_signup_response_1|Добре. Ви нам підходите.
str_npc2_signup_response_1|Добре.
str_npc3_signup_response_1|Ну, нічого. Решті навчимо.
str_npc4_signup_response_1|Добре. Будемо раді прийняти вас, е-е-е, барон.
str_npc5_signup_response_1|Звичайно. Ось ваша сіль.
str_npc6_signup_response_1|Це чудово! Збирайтеся, і вирушимо в дорогу.
str_npc7_signup_response_1|Я прийму вас, але постарайтеся не пристрелити нікого в перший же день.
str_npc8_signup_response_1|Не бійтеся, пані. Ви вдова і дочка тана, то і поводитися з вами будуть відповідно.
str_npc9_signup_response_1|Думаю, такого не буде. Я поговорю з ними.
str_npc10_signup_response_1|Добре. Ми будемо ставитися до вас з усією належною повагою.
str_npc11_signup_response_1|Гм, ви й справді можете стати в нагоді. Я прийму вас.
str_npc12_signup_response_1|Тоді ласкаво просимо до нас, лікарю.
str_npc13_signup_response_1|Добре. Збирайтеся, і вирушимо в дорогу.
str_npc14_signup_response_1|Відмінно, ви мені дуже потрібні.
str_npc15_signup_response_1|Звучить непогано, з задоволенням вас найму.
str_npc16_signup_response_1|Думаю, ви будете корисні, так що я прийму вас.
str_npc1_signup_response_2|Не хочу ризикувати. Всього вам доброго.
str_npc2_signup_response_2|Боюся, мені потрібні тільки досвідчені люди. До побачення.
str_npc3_signup_response_2|Взагалі-то нам потрібні дещо інші воїни...
str_npc4_signup_response_2|Ми не приймаємо бандитів з вигаданим минулим. Щасливо залишатися.
str_npc5_signup_response_2|Хоча, взагалі-то, я віддаю перевагу більш цивілізованій компанії.
str_npc6_signup_response_2|Хоча, якщо подумати, вам навряд чи зараз потрібно йти у наймити.
str_npc7_signup_response_2|А, узагалі, мені здається, що від Вас можуть бути неприємності... Тому вибачте.
str_npc8_signup_response_2|Гм. Якщо Ви не будете слухатися мене, то й наймати Вас немає сенсу.
str_npc9_signup_response_2|Ні. У моєму загоні цінують мужність й уміння, а не походження.
str_npc10_signup_response_2|Хоча, знаєте, у мене в загоні дуже цінують дисципліну. До побачення.
str_npc11_signup_response_2|Вибачте, пані, але наш загін не потребує поповнення.
str_npc12_signup_response_2|Битва - це не бійка в таверні. Раджу пошукати роботу в іншому місці.
str_npc13_signup_response_2|Знаєте, я боюся, що боєць, одержимий славою, може бути небезпечний для нашого загону.
str_npc14_signup_response_2|Ні, знаєте, мені бунт в загоні не потрібен. До побачення.
str_npc15_signup_response_2|Взагалі-то я шукаю щось інше... Вибачте.
str_npc16_signup_response_2|Знаєте, я віддаю перевагу менш схильних до крадіжок людей.
str_npc1_payment|Я буду в нагоді вам, {пане/пані}, не сумнівайтеся. Я хочу попросити вас тільки про одну річ, перед тим як ми підемо: не могли б ви позичити мені {reg3} динарів? Мені дуже соромно просити вас, але я заборгував шинкарю за кілька тижнів, і він вже не вірить, що у мене повно золота, у чому я так довго намагався його переконати. Якщо побачать, що я йду з вами, не заплативши, можуть виникнути великі проблеми.
str_npc4_payment|Відмінно. Перед тим як ми вирушимо, не могли б ви позичити мені {reg3} динарів? Мені довелося закласти одну сімейну реліквію, і мені хотілося б її викупити, поки ми не виїхали з {s20}.
str_npc5_payment|Спасибі. А тепер для укладення угоди заплатить мені {reg3} динарів. Так вчив мене батько. Він завжди говорив мені: "Бахештур, ніколи не бийся за варвара, поки не отримаєш від нього плату".
str_npc7_payment|Добре. Я піду з вами. Але спочатку заплатіть мені {reg3} динарів. Ви ж не думаєте, що я буду працювати безкоштовно, а?
str_npc8_payment|Тоді я буду битися разом з вами. Але спочатку заплатіть мені {reg3} динарів. Якщо ви і справді хороший і успішний командир, проблем з такою сумою у вас бути не повинно. А з убогим я нікуди не піду.
str_npc9_payment|Це дуже мило з вашого боку. Але перед тим, як я приєднаюся до вас, не могли б ви позичити мені {reg3} динарів, щоб я міг одягнутися, як личить благородному чоловікові? Останнім часом мені доводилося важко, і мій одяг зносився, а я не хочу, щоб інші солдати сприйняли мене за простолюдина.
str_npc10_payment|Це добре. Але я прошу про останню послугу, капітане. Тут, в {s20} у мене є жінка, вона працює в таверні і каже, що вагітна від мене. Я б хотів залишити їй трохи грошей перед тим, як піти... на дитину. Не могли б ви позичити мені {reg3} динарів?
str_npc11_payment|Велике спасибі! Але перед тим, як приєднатися до вас, я прошу вас сплатити мені вперед {reg3} динарів. Я знаю, що на війні солдати не отримують платні місяцями, і не хочу приєднуватися до ненадійного загону.
str_npc13_payment|Перед тим як я приєднаюся до вас, мені потрібно залагодити деякі справи. Ви не дасте мені для цього {reg3} динарів? В знак дружби?
str_npc14_payment|Так, і останнє... чи можу я попросити вас сплатити мені вперед {reg3} динарів? У мене такий принцип - ніколи не найматися на роботу, не отримавши гідного завдатку.
str_npc15_payment|Добре. І, до речі, я, як досвідчений інженер, очікую за свою роботу гідної оплати. Думаю, завдаток {reg3} динарів буде більш ніж доречний.
str_npc16_payment|Хороші новини! А як щодо завдатку для скріплення угоди? {reg3} динарів вистачить. Будь ласка, зрозумійте мене правильно: раніше мені не завжди щастило з наймачами.
str_npc1_payment_response|Добре, візьміть {reg3} динарів і приєднуйтесь до інших.
str_npc4_payment_response|Звичайно. Ось, рівно {reg3}.
str_npc5_payment_response|Що ж... Ось, візьміть, {reg3} динарів. Вашу першу платню.
str_npc7_payment_response|Ні, звісно ні. Ось вам {reg3} динарів.
str_npc8_payment_response|З грошима у мене порядок, пані. Ось, візьміть - {reg3} динарів.
str_npc9_payment_response|Добре, ось вам {reg3} динарів.
str_npc10_payment_response|Звичайно. Ось, {reg3} динарів.
str_npc11_payment_response|Добре, ось {reg3} динарів. Збирайтеся, скоро ми вирушаємо.
str_npc13_payment_response|Звичайно, ось {reg3} динарів. Збирайтеся, ми скоро йдемо.
str_npc14_payment_response|Так, ось вам {reg3} динарів. Ми будемо дуже раді прийняти вас до себе в загін.
str_npc15_payment_response|Зрозуміло, ось {reg3} динарів. Добре, що ви тепер з нами.
str_npc16_payment_response|Так і бути, ось ваші {reg3} динарів. Збирайтеся.
str_npc1_morality_speech|Гей, командир! Будь ласка, зрозумій мене правильно, життя зараз дуже важке, і {s21} нам нелегко. Якщо дозволите, то я попрошу вас дбати про своє військо.
str_npc2_morality_speech|Сподіваюся, ви пробачите мені ці слова, але нам всім дуже важко {s21}. Я, звичайно, спробую бути справжнім солдатом і не розпускатися, але навіть солдатам потрібно трохи співчуття.
str_npc3_morality_speech|Можливо, мені не варто говорити, {пане/пані}, але у мене в голові не вкладається, як ми могли {s21}. Звичайно, я розумію, що це війна, але не потрібно зайвий раз проявляти жорстокість!
str_npc4_morality_speech|Прошу вибачення, але члени дому Рольфа не люблять {s21}. Я буду дуже задоволений, якщо справи і далі підуть в тому ж дусі.
str_npc5_morality_speech|Вибачте, командир, але {s21} недобре! Ваш основний обов'язок - це перед людьми, які прийняли від вас сіль. Найменше, чого вони можуть очікувати - це їжа, плата, право на здобич і те, що ви не будете без потреби ризикувати їхнім життям.
str_npc6_morality_speech|Вибачте, {пане/пані}. Як ви знаєте, я приєднався до вас, щоб боротися з несправедливістю, захищати невинних і спокутувати свої гріхи. Але {s21}? Такого я не чекав.
str_npc7_morality_speech|Командир, мені дуже не подобається те, що нам доводиться {s21}. Так чинять тільки затяті ватажки бандитів, яким плювати на своїх людей.
str_npc8_morality_speech|Мені зовсім не сподобалося те, що ви вирішили {s21}. Лягти в бою - це честь, але йти в бій разом з боягузом - це ганьба.
str_npc9_morality_speech|{Пане/Пані}, мені абсолютно не подобається {s21}! Люди з мого дому швидше помруть, ніж покриють себе ганьбою. Будь ласка, не змушуйте мене соромитися того, що я служу вам.
str_npc10_morality_speech|Прошу вибачення, командир, але мені зовсім не подобається те, що нам доводиться {s21}. Це всього лише прості люди, які можуть заробляють на життя. Якщо б ви іноді щадили їх, від цього всім було б краще.
str_npc11_morality_speech|Вибачте мене, командир, але {s21} недобре. Я тридцять років слідував за арміями і знаю, що солдати чекають від свого лідера їжі, плати і того, що він буде з усіх сил берегти їх пропащі шкури.
str_npc12_morality_speech|Командир, дуже погано, що нам доводиться {s21}. Я воїн, а не бандит. Прошу вас, проявіть трохи співчуття.
str_npc13_morality_speech|Командир, якщо можна цього уникнути, мені б не хотілося {s21}. Кальрадія не така велика, і репутація тут цінується дуже високо. Я б не хотів, щоб мої недоброзичливці склали про це неприємний випадок їдку сатиричну поему.
str_npc14_morality_speech|Я не збираюся {s21}. Якщо я прославлюсь боягузом, мене перестануть боятися.
str_npc15_morality_speech|{Пане/Пані}, я всього лише хочу сказати Вам, що розумний командир ніколи не дозволить своєму загону {s21}. Сподіваюся, Ви пробачите мені таку прямоту.
str_npc16_morality_speech|Командире, я не люблю {s21}. Стільки горлянок не перерізано, стільки гаманців не обшукано...
str_npc1_2ary_morality_speech|Послухайте, я тільки хочу сказати, що {s21} мені до вподоби! Життя - це боротьба!
str_npc2_2ary_morality_speech|{Пане/Пані}, мене трохи турбує те, що нам доводиться {s21}. Я купець, а в нашому ділі чесне слово цінується понад усе. Я не хочу зіпсувати собі репутацію, інакше моїй торгівлі кінець!
str_npc3_2ary_morality_speech|{Пане/Пані}, я думаю, що ви поспішили, прийнявши рішення {s21}. Немає нічого ганебного в тому, щоб уникати кровопролиття.
str_npc4_2ary_morality_speech|Прошу вибачення, але що б не думали інші, я не заперечую проти того, щоб {s21}. У цьому світі потрібно отримувати користь з усього!
str_npc6_2ary_morality_speech|{Пане/Пані}! Ви можете {s21} скільки завгодно, але я не хочу цим займатися! Так мені гріхів не спокутувати.
str_npc9_2ary_morality_speech|Командире, мені неприємно те, що ви вирішили {s21}. Така особа, як ви, повинна являти собою приклад благородства для всіх.
str_npc10_2ary_morality_speech|{Брате/Сестро}, мені не подобається те, що ми змушені {s21}. З людьми треба поводитися добре, тоді вони будуть вірні вам до кінця.
str_npc14_2ary_morality_speech|Командире, не турбуйтеся щодо того, що Вам доводиться {s21}. Армії збираються для того, аби коритися лідеру, а з таких труднощів складається все солдатське життя.
str_npc15_2ary_morality_speech|Знаєте, {playername}, мені не дуже подобається те, як легко вам вдається {s21}. Якщо ви зрадили їх, то одного разу зробите так і мені, ось як я думаю.
str_npc16_2ary_morality_speech|Командир, я тільки хочу сказати, що я не проти того, щоб {s21}. Щоб вижити, можна піти на що завгодно, а якби вони були на нашому місці, то вчинили б так само.
str_npc1_personalityclash_speech|Командир, не ображайтеся, але мене дратує {s11}, яка веде себе так, ніби вона королева світу, а не ваша віддана слуга.
str_npc2_personalityclash_speech|{Пане/Пані}, як ви пам'ятаєте, до того як приєднатися до вашого загону, я був купцем. І я безмірно поважаю людей, які живуть мирним життям і ризикують всім, щоб доставити свої товари в далекі країни.
str_npc3_personalityclash_speech|Командире, я думаю, що {s11} - вперта і жорстока людина. Він тільки і говорить про те, що треба пороти, бити і вішати інших солдатів.
str_npc4_personalityclash_speech|{Пане/Пані}, послухайте. Дім Рольфа - один із найдревніших і шановних родин в цій частині світу, йому була подарована провінція ще за часів Старої Кальрадіанської Імперії. Однак {s11} наважується висловлювати мені неповагу і сумніватися в моєму походженні.
str_npc5_personalityclash_speech|Командир, приділіть мені хвилинку! Схоже, {s11} вважає мене звичайним бандитом, а все тому, що в минулому я винагороджував себе трофеями, вилучаючи їх з караванів, що проходили по моїм сімейним земелях.
str_npc6_personalityclash_speech|Прошу вибачення, {пане/пані}, але я більше не можу мовчати. Ця дівиця - {s11} - кожен раз, коли вона бачить мене, то робить в мою сторону селянський жест, що відганяє нечисту силу!
str_npc7_personalityclash_speech|Командир, я, як можу, намагаюся терпіти грубості і погані звички ваших людей, але цей {s11} просто нестерпний!
str_npc8_personalityclash_speech|Просто, щоб ви знали - я не можу більше виносити цього блазня {s11}! Як я тільки що сказала нашим товаришам, у місцевих селян такі величезні роти і кудлаті брови, ніби їх матері спали з мавпами!
str_npc9_personalityclash_speech|Пан, {s11} - жахливий хвалько, він не відчуває ні найменшої поваги до жінок! Я більше не можу слухати, як він розповідає про свої любовні перемоги.
str_npc10_personalityclash_speech|Вибачте, командир, мені дуже незручно турбувати вас, але я тільки хочу сказати, що не виношу цього Рольфа, який називає себе бароном.
str_npc11_personalityclash_speech|Прошу вибачення, командир, але я більше не можу мовчати. Цей чоловік, {s11} - він же вбив власного брата!
str_npc12_personalityclash_speech|Мілорд. Ця жінка з варварів - {s11} - скаржилася на головні болі. Можливо, у неї надлишок життєвих сил, і я подумав, чи не поставити їй п'явок.
str_npc13_personalityclash_speech|Командир, мені страшенно набрид {s11} - він говорить тільки про лицарство та про зброю!
str_npc14_personalityclash_speech|Вибачте, командир. Кілька хвилин тому я висловив думку щодо вільного використання батога і інших покарань, необхідних для підтримання дисципліни серед солдатів. Якщо люди не бояться свого командира, то вони, чого доброго, втечуть з поля бою!
str_npc15_personalityclash_speech|Вибачте. Я сподіваюся, ви погодитеся зі мною, що ця дівчина, {s11}, може накликати біду на весь загін. Вона просто дикунка, без найменшого поняття про субординацію і основи бойового мистецтва.
str_npc16_personalityclash_speech|Гей, командире! Цей {s11} якийсь дивний: він щось вимальовує на болоті і розмовляє сам з собою.
str_npc1_personalityclash_speech_b|Вона проста бандитка, як і я, а тому не має права наказувати мені триматися від неї подалі - а вона так і зробила!
str_npc2_personalityclash_speech_b|Мені абсолютно нецікаво слухати про те, як {s11} грабував або збирається пограбувати караван - він абсолютно не поважає чесної торгівлі!
str_npc3_personalityclash_speech_b|Я знаю, що армія - це не лазарет і що тут важлива сувора дисципліна. Але я також думаю, що людина за своєю природою схильна до невиправданої жорстокості. Сподіваюся, ви зі мною згідні.
str_npc4_personalityclash_speech_b|{Пане/Пані}, для нас і справді настали тяжкі часи, якщо простакам дозволяють потішатися над панами. От і все.
str_npc5_personalityclash_speech_b|Я сказав йому, що якщо професія воїна йому так до вподоби, то нехай краще стане священиком чи жебраком, і не буде приводу для занепокоєння. Сподіваюся, ви погодитеся зі мною.
str_npc6_personalityclash_speech_b|Я знаю, що вчинив жахливий злочин, але я хочу спокутувати свій гріх, а не страждати щодня через забобонність якоїсь відьми. Ось і все, що я хотів вам сказати.
str_npc7_personalityclash_speech_b|Мені не подобається, як він дивиться на мене біля багаття, длубаючись у зубах. Здається, ми з ним уже зустрічалися - це просто тупий і неосвічений бандит. Я не хочу подорожувати з такими, як він.
str_npc8_personalityclash_speech_b|{s11}, цей нахаба, підслуховував мене і потім назвав неосвіченою дикункою та іншими словами, які я не буду повторювати! Я не прирізала його на місці лише з поваги до вас, але все одно вирішила вас попередити.
str_npc9_personalityclash_speech_b|Якщо він не припинить, я скажу йому, що він просто негідник, а якщо дійде до бійки, то і не подумаю вибачитися. Це все, {пане/пані}.
str_npc10_personalityclash_speech_b|Наскільки я розумію, він простий бандит. Дім Рольфа, ой, тримайте мене семеро! Благородні вискочки самі по собі огидні, але ті, хто ними прикидається, - ще гірші. У будь-якому випадку, я тут трохи нагрубив йому хвилину тому, і він, мабуть, образився. Просто хочу вас попередити.
str_npc11_personalityclash_speech_b|Він братовбивця, проклятий небесами, він принесе нам всім горе, точно кажу! Я не хочу перебувати з ним поруч і думаю, що його треба прогнати. От і все. Вибачте за турботу.
str_npc12_personalityclash_speech_b|Але як тільки я приніс їх, вона відскочила, вдарила мене і звинуватила в чаклунстві! Командир, я не можу більше приймати скарги від таких неосвічених і невдячних людей.
str_npc13_personalityclash_speech_b|Подвиги - це добре, але не можуть же вони бути єдиною метою в житті. Я не довіряю тим, хто жодного разу не прокидався п'яним в канаві або не був битий туфелькою коханки.
str_npc14_personalityclash_speech_b|Ця дівчина {s11} сміла мене повчати! Я не потерплю, щоб над моїми методами насміхалися в присутності всіх інших, і не буду служити командиру такого розпущеного загону. Дякую, що вислухали мене.
str_npc15_personalityclash_speech_b|А крім того я думаю, що вона злодійка. Вона рилася в моєму багажі та чіпала креслення, а коли я спробував втрутитися, наставила на мене ніж. Мудрий командир не став би тримати таку в загоні.
str_npc16_personalityclash_speech_b|Я подумала, що він чаклун, а коли запитала, він відповів, щоб я не пхала носа в чужі справи. Тому мені довелося поритися у його речах, і там я знайшла дивні креслення й діаграми. Здається, він чаклун, {пане/пані}, і якщо він спробує мене проклясти, я його заріжу!
str_npc1_personalityclash2_speech|Знаєте, хоч я й не можу похвалитися особливою чутливістю, але мені не сподобалося те, як {s11} каже про перерізання горлянок пораненим ворогам.
str_npc2_personalityclash2_speech|{Пане/Пані}, мені хотілося б, щоб {s11} тримався від мене подалі - після всього того, що він наговорив мені минулого бою.
str_npc3_personalityclash2_speech|{Пане/Пані}! З тих пір, як ви взяли мене до себе в загін, я з усіх сил намагаюся бути гідним солдатом і шанувати військовий кодекс. І якщо все ж роблю помилки, то, сподіваюся, ви мене вибачте.
str_npc4_personalityclash2_speech|{Пане/Пані}! Коли ми ділили трофеї, мені довелося перекинутися парою слів з цією {s11}. Будь ласка, повідомте, що при розмові зі мною їй слід називати мене "барон", "барон Рольф" або "ваша милість", але ніяк не просто "Рольф"!
str_npc5_personalityclash2_speech|Командире, ця {s11} дочекається, що я виріжу їй язика!
str_npc6_personalityclash2_speech|Мілорд, ви бачили, як {s11} вів себе вчора на полі бою? Він насміхався над полеглими ворогами, які лежали на землі поранені і беззахисні, потішався над їх родом і говорив, що битися з нами було дуже нерозумно з їхнього боку.
str_npc7_personalityclash2_speech|Командире, я все намагалася згадати, де ж мені доводилося зустрічати цього {s11}. Вчора я подивилася, як він б'ється, і раптово згадала! Він хороший боєць, але він дуже жорстокий.
str_npc8_personalityclash2_speech|Командире, {s11} - жахливо зарозуміла дівчина! Я намагалася бути з нею чемною, навіть доброзичливою, але у відповідь чую тільки грубості!
str_npc9_personalityclash2_speech|{Пане/Міледі}! Сподіваюся, ви не розсердитеся на мої слова, але, по-моєму, цей купець {s11} не знає свого місця! Під час битви він кинувся мені напереріз і атакував ворога, на якого я хотів напасти!
str_npc10_personalityclash2_speech|{Брате/Сестро}, у мене є питання. Нашим загоном керуєте ви чи {s11}?
str_npc11_personalityclash2_speech|Командире! Мені не подобається цей {s11}! У минулому бою, коли ми збирали трофеї, він почав бурмотіти якісь москальські заклинання.
str_npc12_personalityclash2_speech|Командире, {s11} і його розбещеність стають просто нестерпними! У минулому бою, коли я надавав допомогу пораненим, він дозволив собі ображати мене, бо я застосував настоянку опію, яка знижує біль при хірургічних операціях, і медові припарки.
str_npc13_personalityclash2_speech|Вітаю, командире! А цей {s11} якийсь нервовий, правда? Самі поміркуйте: у минулому бою я мило базікав з ворогами про їхніх матусь, поки ми билися на мечах, а в нього мало серце не стало!
str_npc14_personalityclash2_speech|Пан, {s11} не знає, що таке дисципліна. Під час останньої сутички я сказав йому, аби тримав лаву разом з іншими, а він велів мені заткнутися!
str_npc15_personalityclash2_speech|Командир, якщо чесно, мені здається, що {s11} не отримав належної медичної освіти! Після останнього бою він опікувався пораненими, і я вирішив нагадати йому, що незрівнянний Галеріан часто застосовував при лікуванні бурачанку, щоб виправити баланс рідин, викликаний крововтратою.
str_npc16_personalityclash2_speech|Прошу вибачення, {мій пане/пані моя}. Можливо, {s11} і хороший злодій, але для воїна у нього кишка тонка - ну, на мій погляд.
str_npc1_personalityclash2_speech_b|Вона ще так весело при цьому насвистує - у мене мороз по шкірі!
str_npc2_personalityclash2_speech_b|На нас мчить ворог, а він каже: "Відійди, торгівцю, це робота для лицаря!" Наступного разу і справді відійду, нехай йому зроблять шпаківню в грудях!
str_npc3_personalityclash2_speech_b|Після минулого бою я обшукувала убитих і вирішила підібрати один гаманець. Але тут вискочила {s11}, вибила гаманець у мене з рук і сказала, що це вона вбила ворога, так що і здобич її. Мілорд, в запалі бою я не бачила, хто там кого вбив, але якби {s11} просто сказала мені, що це її трофей, то я б з радістю його віддала!
str_npc4_personalityclash2_speech_b|Я благородної крові, а вона - самої що не є плебейської. Вона повинна знати своє місце.
str_npc5_personalityclash2_speech_b|Коли ми зібрали трофеї з останньої битви, я виявив там відмінний казанок. Мені дуже давно хотілося такого, щоб варити в ньому рагу і годувати своїх людей в холодні зимові місяці. Але тут {s11} схопила казанок і сказала, що не дозволить мені "опоганювати" його язичницькою їжею і що забирає казан собі. Я, звичайно, поступився, але в майбутньому не збираюся терпіти такого!
str_npc6_personalityclash2_speech_b|Мілорд, така зарозумілість карається небесами, і я боюся, що розплата спіткає всіх нас!
str_npc7_personalityclash2_speech_b|Коли я ще жила в ущелинах, іноді у нас відбувалися сутички з бандою, що називає себе Братством лісу. Командир, я не можу довіряти людині, яка приховує своє походження, а особливо бандиту, який кличе себе лордом!
str_npc8_personalityclash2_speech_b|Коли ми чистили зброю після останнього бою, я сказала, що вона - дуже симпатична дівчина і що, коли я відберу назад свої землі, то зможу знайти їй відповідного чоловіка із своїх воїнів. Думаю, це було дуже щедро з мого боку, тому що жінка, від якої відрікся батько, навряд чи зможе знайти собі чоловіка. Але замість подяки вона просто взяла і відвернулася, не сказавши ні слова! Я не стала вчити її манерам тільки з поваги до вас.
str_npc9_personalityclash2_speech_b|Я дуже ціную те, що він ризикує своїм життям в бою, але це ще не робить його шляхетним. Він низького походження і все своє багатство заробив торгівлею і лихварством. Він може допомагати нам у бою, але не повинен намагатися урвати шматок слави справжніх воїнів.
str_npc10_personalityclash2_speech_b|В бою він раз у раз кричав мені: "Вперед, назад, тримати лад!" А коли я сказав, щоб він не ліз, він пообіцяв мене відшмагати! Командире, коли-небудь він дочекається у мене арбалетной стріли в груди, вже вибачайте!
str_npc11_personalityclash2_speech_b|Він сказав, що це була подячна молитва про перемогу, але щось я сумніваюся. Командире, я не хочу, щоб він тривожив душі померлих і щоб вони потім турбували нас. Краще б вам позбавитися від нього!
str_npc12_personalityclash2_speech_b|Командире, якби ця людина хоч щось розуміла у медицині, він би знав, що ніколи не можна підривати віру пацієнта до лікаря, особливо під час складної операції. Якщо б ви виключили його з загону, то зробили б усім нам величезну послугу.
str_npc13_personalityclash2_speech_b|Коли пил влягся, {s11} повернувся до мене і сказав, що я не повинен "гнівити небеса своєю гординею". Я відповів, що, принаймні, не вбивав свого брата - адже це повинно прогнівити небеса куди більше, ніж невелика перепалка на полі бою. Тоді {s11} почервонів, як дупа бабуїна, і вдарив би мене, якби я не ухилився. Ви вже скажіть йому, щоб розслабився трохи, гаразд?
str_npc14_personalityclash2_speech_b|{Пане/Пані} така неповага до старшин погано впливає на весь наш загін, і якщо це повториться, я неодмінно відшмагаю його.
str_npc15_personalityclash2_speech_b|{s11} відповів, що Галеріан був "древнім неуком". Командир, ні один лікар не стане так зневажливо відгукуватися про великих целителях минулого! Не думаю, що цьому шахраєві місце серед нас.
str_npc16_personalityclash2_speech_b|Після нашої останньої битви я почала розпорювати померлим животи і шукати там заховане золото, як і повинно личити всякій дівчині, яка думає про власне майбутнє. Він зойкнув і назвав мене твариною! Якщо він не буде тримати свій цивілізований язик за зубами, я і в його кишках контрабанду пошукаю.
str_npc1_personalitymatch_speech|Командире. У минулому бою {s11} вів себе не так вже погано... Як знати, може, він чогось та вартий.
str_npc2_personalitymatch_speech|{Пане/Пані}! Я тільки хочу сказати, що хоч {s11} часом веде себе огидно і напрошується на бійку, але взагалі я пишаюся тим, що працюю разом з ним.
str_npc3_personalitymatch_speech|Вітаю, {пане/пані}! Я хочу сказати, що {s11} - справжній лицар. Ви бачили, як він бився в минулому бою?
str_npc4_personalitymatch_speech|Вибачте мене, {пане/пані}. Я хотів сказати, що {s11} відмінно боровся в останньому бою.
str_npc5_personalitymatch_speech|Гарний був бій, {playername} Бахадур! Добре, що {s11} з нами!
str_npc6_personalitymatch_speech|Командир, іноді я дуже втомлююся від цього постійного кровопролиття. Але я розумію, що гордих воєначальників потрібно ставити на місце, а бандитів - втихомирювати, інакше миру в Кальрадії не буде ніколи.
str_npc7_personalitymatch_speech|Командир, {s11} шойно балакала зі мною. Може, вона й дикунка, але все одно дуже хороший друг.
str_npc8_personalitymatch_speech|Бій пройшов як по маслу, командире! І мені дуже сподобалися лайки, які {s11} вигукував нашим ворогам.
str_npc9_personalitymatch_speech|Командир, {s11} відмінно показала себе в минулому бою! Вона чудова, дуже гідна дівчина.
str_npc10_personalitymatch_speech|Привіт, братику! Радісної тобі перемоги! До речі, а старенька {s11} не так уже й погана для її віку, що скажеш? Утім, я й сам уже майже старий.
str_npc11_personalitymatch_speech|Ех, командире! Від такого бою в мене потім усі суглоби ломить. Але добряче ж ми їх обробили, еге ж?
str_npc12_personalitymatch_speech|Кривава, дуже кривава справа, командире, але робити її все одно треба. Та й {s11}, здається, розділяє мої двоякі почуття щодо цих постійних бійок.
str_npc13_personalitymatch_speech|Сьогодні Ви прославили своє ім'я! Та й {s11} теж. Коли вона йде в бій, то співає пісні своїх народів - творча душа, як і я!
str_npc14_personalitymatch_speech|Командире, мені дуже подобається битися пліч-о-пліч з такими людьми, як {s11}.
str_npc15_personalitymatch_speech|Командире, тільки-но ми обговорювали минулу битву, і я з подивом визнаю, що {s11} має досить непогану голову на плечах!
str_npc16_personalitymatch_speech|Гей, командире! Зараз ми з {s11} чудово поговорили, доки обшукували вбитих у нашій останній сутичці.
str_npc1_personalitymatch_speech_b|Без таких чесних людей, які приносять у Кальрадію срібло, мерзотникам як я, тяжко довелося б! Добре, що він із нами.
str_npc2_personalitymatch_speech_b|Пам'ятаючи про те, як він бився останнього разу, я без роздумів довірю йому своє життя. Але за гаманцем усе ж стежитиму.
str_npc3_personalitymatch_speech_b|Потрібно визнати, що він відмінний товариш - розумний і вихований. Так, напевно... Хоча проїхали, не буду базікати зайвого. Доброго Вам дня, {пане/пані}.
str_npc4_personalitymatch_speech_b|Ви правильно зробили, що прийняли його до нас! Він вміє битися і поважає товаришів по зброї, на відміну від деяких.
str_npc5_personalitymatch_speech_b|Що стосується інших його якостей, то я думаю, що він такий же барон, як і я. Хоча, правду кажучи, мені подобається, як наполегливо він ним прикидається.
str_npc6_personalitymatch_speech_b|Повинен сказати, що {s11} дуже втішив мене. Я розповів йому про свій гріх, а він відповів, що небеса пробачать мене, якщо я щиро покаюся і заслужу прощення. Він дуже мудрий, і я радий, що він тепер з нами.
str_npc7_personalitymatch_speech_b|Якщо в майбутньому у вас відпаде потреба в наших послугах, вона пообіцяла піти разом зі мною в ущелини, знайти бандитів, які вбили мого коханого, і допомогти мені помститися за нього. Вона дуже добра! Добре, що вона тепер з нами.
str_npc8_personalitymatch_speech_b|Він зміг згадати їх генеалогію, зовнішність і їх уявлення про гарну їжу - і все це у формі відмінної старо-кальрадіанського віршування. Особисто я віддаю перевагу сагам, але ми, норди, поважаємо будь-яку гарну поезію.
str_npc9_personalitymatch_speech_b|Будь вона благородної крові, я б попросив її руки! Шкода, що вона донька купця. Але розмови з нею допомагають приємно провести час у поході.
str_npc10_personalitymatch_speech_b|Що ж, тепер ви бачите, що на молодості світ клином не зійшовся - бойовий досвід теж дечого вартий. Думаю, ми з нею могли б повчити молодих воювати, а?
str_npc11_personalitymatch_speech_b|{s11} всім задав жару! Взагалі ми з ним непогано себе показали, хоча нам було дуже нелегко.
str_npc12_personalitymatch_speech_b|Його дуже засмучує необхідність позбавляти життя своїх побратимів, але він намагається триматися. Ми з ним говорили про майбутнє, про те, як добре було б об'єднати всі ці дрібні королівства Кальрадії, щоб тут міг нарешті настати спокій.
str_npc13_personalitymatch_speech_b|Я віддаю перевагу скромним, а не войовничим дівчатам, але я помітив, що за своєю грубуватою поведінкою вона ховає вельми тонку жіночну натуру. Так, у походах вона тримається осібно, але я сподіваюся, що мої щирі слова розтоплять північний лід, якими сковано її серце.
str_npc14_personalitymatch_speech_b|Він професійний солдат, і нехай він не так добре підготовлений фізично, як інші, він ніколи не панікує в бою. Ви правильно зробили, що прийняли його до нашого загону.
str_npc15_personalitymatch_speech_b|Війну, як і будь-яку іншу справу, треба ретельно планувати, готувати, і потім чітко дотримуватися заданої стратегії. За рівних обставинах бій виграє та армія, яка краще навчена і наш останній бій тому підтвердження. Нехай люди проклинають його - з часом вони скажуть йому дякую.
str_npc16_personalitymatch_speech_b|Вона розповідала Вам про себе? Ви знаєте, що за нещастя її спіткали? У мене просто кров закипає від однієї думки про це. Я б хотіла порізати цих негідників на дрібні шматочки і будьте впевнені, що так воно й буде, якщо ми коли-небудь зустрінемо їх на нашому шляху.
str_npc1_retirement_speech|Я трохи втомився від постійних походів, втомився проливати кров за когось іншого. Здобич, звичайно, гарна, але, думаю, з мене вистачить. Я вирушаю назад, в своє село. Одружуся там, осяду і почну розводити коней - якщо зможу собі це дозволити.
str_npc2_retirement_speech|Щось мені набридло це військове життя. Я хочу придбати на зароблені гроші товари - хутра, тканини, оксамит - і відвезти все це в гори. Дякую, що прийняли мене в свій загін. Бажаю вам усіляких успіхів!
str_npc3_retirement_speech|Мені треба вам дещо сказати. Я вирішила, що військове життя - не для мене. Чоловіка мені шукати теж пізно - ніхто не візьме заміж жінку, що служила солдатом. Але у мене вистачить грошей, щоб зайнятися торгівлею. Сподіваюся, ви не будете тримати на мене зла, {пане/пані}.
str_npc4_retirement_speech|Я чесно бився пліч-о-пліч з вами, як і личить чоловікові з Дому Рольфа, але мене більше не влаштовує те, як ви нами командуєте. Я повернуся до себе на батьківщину - там мої послуги потрібні значно більше.
str_npc5_retirement_speech|Бахадур - з тих пір, як я прийняв від вас сіль, я боровся за вас хоробро і віддано. Але ви не завжди були справедливими до мене. Тому я повертаюся додому, до батька і братів. Сподіваюся, хан вже про все забув.
str_npc6_retirement_speech|Я приєднався до вашого загону в надії, що ви виведете мене з темряви, і тут я справді знайшов якийсь спокій. Однак мені не дуже подобається ваша манера командувати, і я вирішив, що знайду свій шлях спокути де-небудь ще.
str_npc7_retirement_speech|Я втомилася від цього нікчемного життя, вічних битв, від людей, пригнічених страхом, жадібністю, хіттю і сотнями інших гріхів. Гроші у мене є, так що я вирушаю за море, в іншу країну, кращу за Кальрадію. Прощавайте.
str_npc8_retirement_speech|Я билася за вас і робила це добре. Але мені не зовсім подобається бути під вашим керівництвом, та й інші справи є. Я візьму те, що мені вдалося заробити, зберу свою армію і повернуся на північ, щоб відвоювати палац мого чоловіка у зрадника-дівера. Всього вам доброго.
str_npc9_retirement_speech|Ми відмінно билися разом і заробили багато слави. Але дещо-що у вашому командуванні мені не подобається, до того ж мені ще належить відвоювати свої рідні землі. Тому я вас залишу. Як знати, може, ми ще зустрінемося.
str_npc10_retirement_speech|Мені набридло тягатися туди-сюди, вздовж і впоперек всієї Кальрадії! У мене достатньо грошей, щоб прикупити собі невеликий маєток, і, думаю, так я і вчиню. Прощавайте, всього вам найкращого.
str_npc11_retirement_speech|Ви надали старій жінці дуже велику послугу, прийнявши її в свій загін. Але, боюся, таке життя мені більше не по душі. Занадто холодно, надто мало їжі, а перспектива одна - похмура яма в землі. Тому я йду, хоча поки що не знаю куди.
str_npc12_retirement_speech|У вашому загоні було добре. Годували вдосталь, платили теж непогано, так і про поранення скільки нового я дізнався! Але, думаю, мені пора рухатися далі. Мені потрібно поділитися знаннями з іншими хірургами, а для цього потрібно найняти писарів, яких в Кальрадії зустрінеш нечасто. Тому я вирушаю додому.
str_npc13_retirement_speech|Ваша слава росте не по днях, а по годинах, і я боюся, що в порівнянні з вами буду виглядати мізерно - як місяць поруч із сонцем. Тому я вирішив піти своєю дорогою. Бажаю вам удачі!
str_npc14_retirement_speech|Хочу повідомити вас, що бажаю припинити наші стосунки. Я хочу знайти собі іншого наймача.
str_npc15_retirement_speech|Я дуже ціную те, що ви прийняли мене, але мені не дуже подобається те, як все обернулося. Я відправлюся куди-небудь ще: може, додому, а може - пошукаю іншу роботу, я поки не знаю.
str_npc16_retirement_speech|Мені подобався наш загін, так і парочка непоганих трофеїв попалася, але більше я не можу тут залишатися. Я запропоную свої послуги кому-небудь ще.
str_npc1_rehire_speech|Командире! Радий знову бачити вас! Так, я знаю, що в минулому у нас виникали розбіжності, але все одно служба у вашому загоні для мене була однією з найкращих. І, зізнатися, з роботою у мене зараз туго. Так що, якщо ви хочете взяти мене знову, я з радістю приєднаюся.
str_npc2_rehire_speech|{Пане/Пані}! Радий знову бачити вас. Якщо чесно, як раз вас-то я і розшукую. Я накупив багато товарів, як і збирався, закинув їх на візок і поїхав через степ, а там на мене напали хергіти, і я позбувся всього. Мабуть, мені судилося все життя боротися за своє благополуччя. Мені говорили, що ваші справи йдуть дуже непогано. Може, візьмете мене назад?
str_npc3_rehire_speech|Привіт, {пане/пані}! Дуже рада вас бачити знову. Боюся, відтоді, як ми розлучилися, справи мої йшли не дуже добре... Я сподівалася, що родина моєї матері допоможе мені почати торгівлю, але все виявилося зовсім не так. Єдине, що я отримала - це повчання тітки про те, як нерозумно я вчинила, ставши найманкою, і про те, що тепер ніхто мене не візьме заміж. Думаю, замість того щоб торгувати, мені краще воювати, як і раніше: вечеряти біля багаття з воїнами куди приємніше, ніж пити вино з поважними міщанами Велуки. Скажіть, {пане/пані}, ви приймете мене назад?
str_npc4_rehire_speech|О, привіт, командире! Давно не бачилися. Ходять чутки, що справи у вас йдуть дуже навіть непогано? А ось у мене були деякі труднощі, маєтки не приносять доходу: сарана, дощі, непокірні кріпаки і всяке таке... Напевно, варто знову взятися за меч. Я знаю, у нас з вами були деякі проблеми, але все одно матиму за честь битися за вас знову.
str_npc5_rehire_speech|{playername} бахадур! Ваша слава все росте і міцніє, прямо як моя рідна країна за горами. Я повернувся туди в надії, що хан і його люди про все забули, але як би то не було! Варто було мені тільки з'явитися на батьківщині, як мої близькі передали, що і хан, і хум'яни шукають мене. І ось я знову тут, в надії, що ви забули всі мої різкі слова і приймете мене знову.
str_npc6_rehire_speech|Радий знову бачити вас, {пане/пані}! Куди б я не пішов, всі тільки й розповідають про ваші подвиги! Але у мене справи йдуть не дуже добре. Куди б я не пішов, мої демони слідують за мною і терзають мою душу. Я не знаю чому, але у вашому загоні мені було набагато спокійніше, нехай мені й не завжди подобалося ваше командування. Не приймете мене на службу ще раз?
str_npc7_rehire_speech|Командире! Як добре, що ми знову зустрілися! Будь ласка, забудьте всі ті різкі слова, що я сказала вам при розставанні. Я сіла на корабель в Верчеге і попрямувала на схід, але його захопили пірати, і після того як я відкупилася від них, мене висадили на берег тут. Може, в світі і правда повно місць краще Кальрадії, але я їх ще не бачила. Так що якщо мені судилося залишитися тут, то краще вже я знову піду на ваш загін! Ну як, приймете мене?
str_npc8_rehire_speech|Вітаю, {playername}. Цікаво, чи змогли ви забути всі ті різкі слова, які ми наговорили один одному в минулому? Я деякий час полювала з нордами і намагалася зібрати достатньо людей, щоб відвоювати палац мого чоловіка, але нічого не вийшло: спочатку людей не було, а потім ті, яких вдалося зібрати, занудьгували і розійшлися, попередньо протинькавши все моє золото. Тому я хотіла би знову повернутися до вас і ваших битв. То були гарні дні, та і прибуткові.
str_npc9_rehire_speech|О, {мій дорогий пане/моя дорога пані}! Як я радий знову бачити вас! Я намагався пропонувати свої послуги місцевим правителем, але кожен раз мене чекало глибоке розчарування. Половина з них просила мене зібрати борги з сусідів, ніби я якийсь хлопчик на побігеньках. Інші просили вистежити селян втікачів, так ніби я наглядач з плантації... А один так і зовсім попросив убити його кредиторів! Я вже давно шукаю вас, щоб запитати - чи не приймете ви мене назад?
str_npc10_rehire_speech|Командире! Як добре, що ви тут! Бачте, фермер з мене не вийшов - я був занадто добрий з найманими працівниками, і вони обібрали мене до нитки. Думаю, мені варто знову зайнятися військовим ремеслом. Скажіть, вам ще потрібні люди?
str_npc11_rehire_speech|Командире! Рада знову бачити вас! Люди розповідають, що ви золото прямо лопатами гребете! Так, я всього лише старий мішок кісток. Я кинула вас тому, що мені набридло життя солдата, але провівши трохи часу в місті, я зрозуміла, що в світі є речі набагато гірші, ніж повний шлунок, вірні товариші і ворог втікаючий від тебе з усіх ніг. Тому не могли б ви прийняти мене знову?
str_npc12_rehire_speech|Командире! Як приємно знову бачити знайоме чесне обличчя! Цей світ сповнений брехні. Я відправився додому, щоб опублікувати свої дослідження, найняв писарів, випустив кілька довідників і став чекати прибутку. Але виявилося, що університети не цікавляться новітніми медичними дослідженнями, віддаючи перевагу старовинним працям Галеріана. А видавці - повірте мені, більше безсовісних людей на світі нема! Вони давали книги студентам по одній главі, щоб ті їх копіювали, але половина з них не повернулася, а ті, що повернулися, були всі заплямовані вином, і тепер ніде не знайти хоча б одного повного примірника! Я, звичайно, спробую видати все знову, але спершу мені треба заробити грошей. Вам ще потрібен хірург?
str_npc13_rehire_speech|Вітаю прославленого командира! Я сподівався, що зустріну вас знову. Куди б я не пішов, скрізь чую пісні про ваші подвиги. Визнаю, що я трохи шкодував про те, що наші шляхи розійшлися, так і репутації вашої трохи заздрю, чого вже там. Може, візьмете мене в свій загін ще раз, щоб я міг погрітися в променях вашої слави? Що скажете?
str_npc14_rehire_speech|Командире! Вітаю ще раз. Коли ми розлучилися, я поклявся собі, що більше ніколи не буду вам служити, але, схоже, я вчинив занадто необачно. По всій Кальрадії люди співають вам хвалу! Я намагався служити в інших військах, і, повірте мені, з тих пір моя думка про вас і ваше командування тільки покращилася. Якщо ви не проти, я б знову приєднався до вашої компанії і став битися за вас!
str_npc15_rehire_speech|Привіт, {playername}! Не можу сказати, що мені зовсім не приємно вас бачити. Бачте, після того, як я вас покинув, я влаштувався на іншу роботу, але коли справа доходить до оплати, я не отримую від лорда нічого, крім розмов, вибачень і якихось дрібних причіпок. У вас, звичайно, теж не все було добре, але, принаймні, я отримував свої гроші відразу після кожного бою. Ви все ще приймаєте людей?
str_npc16_rehire_speech|Командире! Ходять чутки, що з нашої останньої зустрічі ваші справи йдуть як не можна краще. Повинна визнати, що коли ми розлучилися, я проклинала вас, але потім завжди згадувала проведений час з посмішкою. Всі ці лорди - вони тільки й можуть, що посилати мене з якимось крихітним дорученнями, а в бій ніколи не беруть. Мабуть, тому що решта мене бояться! Про мене пліткують, кажуть, що я відьма, що вбиваю чоловіків і їм їх серця... Ні, я, звичайно, можу прирізати чоловіка уві сні, але це куди приємніше робити, коли він вже прокинувся і може спробувати захиститися. Тому я як раз хотіла знайти вас знову і проситися назад.
str_npc1_home_intro|Командире, а ви знали про те, що моя батьківщина - тут, у степах? Саме тут я навчився розбиратися в конях: ця земля чудово підходить для коней, хоча для людей як раз не дуже. Напевно, саме тому її так люблять хергіти.
str_npc2_home_intro|Ми наближаємося до Сарготу. Сюди я прямував, коли хергіти спіймали мене.
str_npc3_home_intro|Відчуваєте? Пахне лимоном, яблуками і крокусами - ось він, аромат Велуки! Коли я була маленькою, я часто проводила тут літо, граючи в садах моєї матері, поки мій батько був у від'їзді.
str_npc4_home_intro|Ліси Елердага. Тьху. Тут повно бандитів і головорізів.
str_npc5_home_intro|Бахадур, ми наближаємося до Хальмару, самому великому місту в нижній степу! Сестра моєї матері вийшла заміж за людину звідси, і я сподівався, що місцевий лорд візьме мене на службу. Але потім як раз зустрів вас.
str_npc6_home_intro|Судячи по лозах і терасах на пагорбі, ми поруч з моїм будинком. Мені не хочеться зустрічатися з родиною, так що якщо ви будете входити в місто, я почекаю зовні. Думаю, ви зрозумієте мене.
str_npc7_home_intro|Відчуваєте запах? Солона риба, гнилий льон і річковий бруд. Так пахло моє дитинство. Мене зараз знудить.
str_npc8_home_intro|Хм. Чуєте? Це хвилі б'ються об берег. Повинно бути, ми близько піку Гундіга.
str_npc9_home_intro|Узріте твердиню міста Рівачег! Це найпотужніша фортеця в Кальрадії. Мій батько був серед тих, хто захищав її від нордів, коли вони вперше спробували пройти вглиб узбережжя.
str_npc10_home_intro|Відчуваєш свіже повітря, брате? Там був мій дім, поки я не поїхав за кордон у пошуках грошей. Я радий, що знову опинився тут! Так пахне свобода. Це колиска свободи родоків, тут, під замком Грюнвальдер.
str_npc11_home_intro|Я бачу гори. Напевно, будинок уже близько.
str_npc12_home_intro|Ми проїжджаємо місце, де відбувся один з моїх найбільших медичних тріумфів, якщо вас це цікавить.
str_npc13_home_intro|Ах, замок Ергеллон! Дуже миле місце біля підніжжя Родокських гір. З цим місцем пов'язані мої приємний спогади про позаминуле літо.
str_npc14_home_intro|Бачите он там фортецю, на вершині над долиною?, Кілька років тому я провів там зиму, намагаючись навчати людей лорда.
str_npc15_home_intro|Бачите он той замок на пагорбі?, я не так давно працював там. Він не такий гарний, як інші місцеві замки, але такої кам'яної кладки, як тут, більше ніде не знайти.
str_npc16_home_intro|Гей, командир, бачите? Там на снігу заячі сліди. Напевно, ми вже зовсім близько від моєї батьківщини.
str_npc1_home_description|Хергіти завжди жили тут, навіть в старовину, тому що імператор давав їм золото і землі, щоб вони не підпускали сюди інші племена. Мені говорили, що мій дід був вождем хергітів, але моя мати не знала його, як і я сам не знав свого батька. Коли моя мати була ще юною дівчиною, в горах стало з'являтися дуже багато хергітів, а тепер один з їх ханів править в Тульге.
str_npc2_home_description|Люди вважають нордів кровожерними дикунами, але особисто я думаю, що вони добре розбираються в торгівлі. Вони змушують людей вище і нижче за течією вирощувати льон, а потім тчуть з нього матерію. Звичайно, з джелкальським шовком та оксамитом ця тканина не зрівняється, але з неї виходить дуже гарна літня одежа і вітрила. А головне, що льон в Кальрадії до цього ніхто не ткав!
str_npc3_home_description|Зима в Велуке зазвичай мокра, а літо - спекотне, так що місцеві збирають воду у великі баки, щоб поливати урожай літом. Тут вирощують виноград - Велука славиться своїми винами, {пане/пані}. А ті, хто може собі дозволити, розбивають за міцними стінами сади, де росте багато фруктових дерев. В таких садах можна сидіти всю ніч, слухаючи музику, граючи в шахи або насолоджуючись нічним повітрям.
str_npc4_home_description|Бачте, король Свадії оголосив ці місця своїми особистими мисливськими угіддями, і пообіцяв покарати всякого, хто посміє натягнути тут тятиву лука. І що ж вийшло? Іноді збіднілі сім'ї ризикують полювати тут, однак варта ловить цих бідолах, в'яже і відбирає їх землі. Сини такого батька, не бажаючи голодувати, стають бандитами, і кожен житель долини, у якого є борги, сварлива дружина або кровний ворог, приєднується до цих банд і промишляє ягодами, дикими кабанами та чужими гаманцями.
str_npc5_home_description|Хергіти завжди приходили сюди воювати і торгувати, а на заході Імперії почали тут селитися. Так само як вегіри, свадійці, родоки, норди і сараніди, ми отримували з імператора плату за те, що стримуємо дикі племена на кордонах. Але коли у часи мого діда на нашу батьківщину напала Велика Орда, ми силоміць захопили ці землі. Ми витіснили звідси вегирів і захопили їх фортеці.
str_npc6_home_description|Тут, у долині Суно діалект і звичаї більше всього схожі з тими, що були в стародавній Кальрадії. Ми вирощуємо оливки і виноград, які привезли з-за моря імператори, і слідуємо старо-кальрадіанським звичаям. Ми платимо борги і бережемо свої клятви.
str_npc7_home_description|До того, як мене видали заміж, а потім захопили бандити, я жила тут. Я народилася в хатині і майже все дитинство провела в полі. Господарями цих земель були норди, але ми їх ніколи не бачили, хіба що їх проклятих управителів і наглядачів. Мій боязкий батько так і стелився перед ними.
str_npc8_home_description|Ви не знаєте цієї історії? Коли Гундіг Хутряні Штани прийшов у Кальрадію з Нордленду, він встановив на мисі свій стяг і сказав, що не піде звідси, поки не відвоює свою "спадщину". Спадщину, бачте. Гундіг повірив скальдам, які сказали йому, ніби імператор завів Кальрадію нордам, хоча насправді він залишив їм маленьку смужку землі на березі, щоб можна було набрати команду на галери.
str_npc9_home_description|І ось норди попливли на своїх кораблях вгору по річці. Жителі прибережних міст могли зупинити їх, але вони були боягузами, та й зараз ними залишилися. Вони платили нордам щорічний податок, званий "нордгельдом", щоб ті залишили їх у спокої. Але король вегірів не став би нічого платити. Мій батько вирішив перейти через гори і битися з вегірськими правителями. Три роки поспіль вони намагалися відвоювати скелю, і кожен раз вегірам вдавалося їх відтіснити.
str_npc10_home_description|За життя мого батька свадійці прийшли б до нас, розраховуючи що ми схилимося і визнаємо їх своїми правителями. Але Грюнвальдер, старий ветеран з пагорбів, показав нам, як тримати лад з списами і арбалетами, що допомогло нам відбити атаку свадійців. Сам він поліг у бою, але в його честь назвали замок, який був побудований як раз на місці його загибелі, щоб ми пам'ятали цю історію і завжди стояли на смерть під натиском вершників.
str_npc11_home_description|Я з Правена. Знаєте як кажуть: "В Учхалі ячмінь вирощують, а в Правені з нього варять пиво, і всім від цього тільки краще". Я не зовсім розумію, що значить це прислів'я, {пане/пані}, але про ячмінь там сказано точно. Ячмінь, пшениця, овес - в Учхалі ми вирощуємо більше зерна, ніж по всій Кальрадії, і пиво у нас найкраще. Тільки подивіться, який тут грунт - чорний, родючий, так і пахне хорошим урожаєм і ситістю.
str_npc12_home_description|Господар замку Альмерра захворів водянкою і запросив до себе лікаря з Учхали. Як і будь-який лікар, який закінчив університет, той став шукати ліки в працях Галеріана, який пропонує лікувати водянку сонячним металом. Більшість записів Галеріана були зроблені у часи кальрадіанських імператорів, і були марні вже тоді, не кажучи вже про наш час. Однак часом у нього виходить вгадати вірні ліки: сонячний метал в малих дозах і справді здатний вилікувати водянку, але у великих дозах він згубний - а про це шанувальники Галеріана часто забувають.
str_npc13_home_description|Я прийшов сюди з невеликим загоном свадйців, але в лісі на нас напали родоки і майже всіх вбили. Мені вдалося втекти і сховатися в горах в обіймах красивенької пастушки. Вона відвела мене в печеру біля верхніх пасовищ, приносила мені туди сир і ягоди і розповідала місцеві легенди - про проказливих людей-кіз, які крадуть худобу, про мисливців, які скачуть верхи на вітрах і ганяються за бурею. Ох вже ці селюки!
str_npc14_home_description|Я кажу "намагався", тому що вегіри не надто цінують дисципліну. Ніде не знайти таких відмінних лучників і вершників, але битися в плі-о-пліч вони не вміють. Вони можуть впоратися з кергітами і нордами, особливо якщо їм вдається сховатися за міцними стінами, але я бачив, що сараніди настільки ж вправні в стрільбі, а свадійскі лицарі проходили через стрій кергітів, як ніж крізь масло. Для того щоб зупинити свадійців, родоки придумали стіну списів, зазвичай вона допомагає.
str_npc15_home_description|Як і більшість місцевих замків, цей був закладений в часи старої кальрадіанської імперії. З тих пір їх все перебудували, але плити там були розміром з будинок. Певно, їх будували якісь чарівники: я не уявляю, як можна пересунути таку штуку. Та й місце гарне - Кульмар знаходиться навпроти перевалу, через який можна вийти з Кальрадії, так що господар цього замку може збирати непогану мито за ті три місяці, що перевал не закритий снігом.
str_npc16_home_description|Сніг в долині тане дуже пізно, і обробляти землю тут важко. Можна виростити трохи ячменю, але і тільки. Однак тут багаті ліси: у них водяться олені, кролики і рисі, а це м'ясо і хутро. У горах є залізо, та й торговці можуть привезти вгору по річці досить солоної риби, щоб люди могли прогодуватися взимку.
str_npc1_home_description_2|Вони непогано ставляться до нас, старих кальрадіанців, і великих податків не деруть - все одно грошей у нас мало. На цій землі особливого врожаю не збереш, вона годиться тільки для конярства, та й то лише протягом півроку - взимку, після дощів. Влітку стада відганяють назад у гори. З-за пагорбів в Тульгу приходять каравани зі спеціями, але в селах ми особливих грошей з цієї торгівлі не бачимо.
str_npc2_home_description_2|У мене був шафран, кориця, гвоздика, перець і повна скриня динарів. Я подумав, що зможу купити бавовну, хутро, оксамит, залізо й дерево, та ще кілька коней, щоб відвезти все це, і все одно залишився б у прибутку! Єдине, чого я не врахував - це хергіти, які дуже не люблять, коли хтось порушує їх монополію.
str_npc3_home_description_2|Поети називають Велуку раєм, і, думаю, вони не перебільшують.
str_npc4_home_description_2|Звідки я знаю, питаєте? Ну... Вони захопили мене в полон і хотіли вимагати викуп, але мені вдалося втекти. От і все.
str_npc5_home_description_2|Ви ж знаєте, як це все буває. Покоління мого батька складалося з суворих воїнів із холодних земель за горами, але у цього покоління всюди маєтки в містах, великі маєтки, і весь час вони проводять в торгівлі і тренуваннях з луком. А от їхні діти, що виросли на форвільському вині, стануть поколінням білоручок, чиї землі відберуть розбійники з пагорбів, ось побачите. Так було раніше, так буде і надалі.
str_npc6_home_description_2|Ми в Суно ніколи не забуваємо зла і мстимося за будь-яку образу. Ця старомодна кальрадіанськв честь, з вашого дозволу, привела мене в жалюгідне теперішнє становище. Але незважаючи на це, я пишаюся тим, що походжу звідси. Наш лорд Правена - підданий короля Свадії, але, наскільки нам відомо, це всього лише ще один варварський правитель, а ми - справжні спадкоємці Імперії.
str_npc7_home_description_2|Нам дозволили рибалити в річці, розводити свиней в очеретяних заростях і вирощувати все, що ми зможемо, на наших особистих ділянках. На відкритих ж землях нам дозволялося вирощувати тільки льон, який потім відправляли ткачам в Саргот. Тому ми завжди були голодні, слабкі і нездатні до заколоту.
str_npc8_home_description_2|Розповіді скальдів, принаймні, дали Гундігу причину війни - хоча нам, нордам, не особливо потрібні для цього причини. Він переплив море, зібрав кальрадіанських нордів під свої знамена і вирушив прямо до любліньської твердині. Вегіри вбили його, а його прапор кинули у воду, але норди не відступилися, і коли-небудь вся Кальрадія буде належати нам.
str_npc9_home_description_2|Норди можуть покликати підмогу з-за моря, а король вегірів - з-за гір. Якби мій батько не позбавив мене спадщини, я б теж приніс присягу вірності лорду Рейвадіна. Але разом з спадщиною мене позбавили і обов'язків, так що це цілком і повністю проблема вегірського короля.
str_npc10_home_description_2|Ми вирощуємо шовковиче дерево для шовку і кермес - для фарбування тканин. Потім ми відправляємо все це під Джелкалу, де тчуть прекрасний оксамит - хоча у мене в житті не було грошей на нього. Втім майстри Джелкали також роблять відмінні арбалети, тому я в житті не подумаю відбирати їх багатство силою.
str_npc11_home_description_2|Король Свадії говорить, що при Кальрадіанській Імперії саме Правен найбільшим містом, і тому він має бути столицею цієї землею зараз. Мене не особливо цікавить політика, {пане/пані} - я годувала будь-яку армію, яка коли-небудь йшла по землях Кальрадії, але не дала б нікому ні крихти хліба, не отримавши гроші вперед. Чому всі ці шляхетні пани і королі не можуть платити за рахунками - я не збагну.
str_npc12_home_description_2|Різниця між ліками та отрутою - в дозі. Я розповідаю це всім підряд і кажу, що дізнався про це з праць Джеремуса Великого. Люди ж думають, що все вартісне було написано ще в старо-кальрадіанські часи, хоча від сільських повитух і шляхом вивчення природної природи можна дізнатися набагато більше. Тому мене і вигнали з університету, втім зараз я їм за це вдячний. У будь-якому випадку, я поставив лорда на ноги, і він подарував мені мішок золота і труп свежеповешенного злочинця для вивчення. Ха! У той час дістати тіло для дослідів було практично нереально!
str_npc13_home_description_2|В підсумку мені довелося піти, і тепер я думаю - чи не несе вона на спині маленького пастушка, коли жене корів вранці на пасовище? Мені б хотілося знову знайти її, але ні, ні, назад дороги немає.
str_npc14_home_description_2|Якщо б хто-небудь коли-небудь взявся об'єднати наші дрібні землі, я б пішов служити безкоштовно! Зібрав би армію з родокських списоносців, на фланги поставив би північну піхоту, попереду - вегірських лучників, взяв би кергітських розвідників, які б відслідковували ворога, свадійських уланів і саранідських мамелюків для стрімкого удару. Я повів би ту армію через гори і змусив би весь світ схилитися перед Кальрадією... Так, звичайно, думали імператори, але в результаті їх землі впали під натиском диких племен.
str_npc15_home_description_2|Найсмішніше те, що коли землі родоків вперше повстали проти свадійців, вони все казали, що не потерплять над собою ніяких благородних лордів. Можете здогадатися, скільки вони протрималися. Один родокський лорд утвердився в Кульмарі і назвав себе "графом", і всі добропорядні громадяни Джелкали і Велуки повинні лизати йому черевики, якщо хочуть продавати своє вино і оксамит за межами Кальрадії. А щоб графи слухалися і селяни постачали їжу в міста, а не продавали того, хто дасть більше, потрібен і король, чи не так? Тепер родоки нічим не відрізняються від інших, що б вони там не заливали про "давні права" і "свободи".
str_npc16_home_description_2|Але жити все одно було важко, і ротів навколо було дуже багато. Вегірський король і кергітський хан теж не дають зітхнути вільно - постійно вимагають з сіл податки, а якщо ті не платять, то просто грабують їх. Але я не можу сказати, що вчинила б інакше, май я свій замок і армію. Сильні роблять, що хочуть, а слабкі - що накажуть.
str_npc1_home_recap|Я із степів поруч з {s21}.
str_npc2_home_recap|Я народився за горами. Я купець, син купця і онук купця.
str_npc3_home_recap|У батька був будинок {s20}, але більша частина мого дитинства минула у {s21}.
str_npc4_home_recap|Наш родовий маєток знаходиться за горами, за перевалом Кульдар.
str_npc5_home_recap|Я народився у високогір'ї, на іншій стороні гряди, за Тульгою, але в мене є родичі в {s21}.
str_npc6_home_recap|Моя сім'я живе в {s21}, але я не виношу їх.
str_npc7_home_recap|Я народилася в сараї на болотах, неподалік від {s21}.
str_npc8_home_recap|Я народилася за морем, Нордленді, і чоловік мій теж правив там.
str_npc9_home_recap|Я з батьківщини вегірів - це за горами. Там правили вегірські лорди, поки імператор не привів їх у Кальрадію.
str_npc10_home_recap|Народився і виріс в Джелкалі, {брате/сестро}, і сподіваюся коли-небудь купити там трохи землі. Але спочатку я хочу подивитися світ, тому взяв арбалет і вирушив на війну.
str_npc11_home_recap|Я народилася і виросла в армії. Моя сім'я родом з Правена, так що, напевно, там і є мій будинок.
str_npc12_home_recap|Я з-за моря. Подорожую по світу в пошуках медичних знань.
str_npc13_home_recap|О, далеко звідси, {мілорд/міледі}. Довго пояснювати, а так би ви знали це і не питали.
str_npc14_home_recap|Я молодший син графа Джеройї.
str_npc15_home_recap|Я з-за пагорбів. Але всі гроші зараз заробляються в Кальрадії, якщо, звичайно, ви займаєтеся облогових ремеслом.
str_npc16_home_recap|Я народилася в селі Узлум, але підступний родич позбавив мою матір всіх земель, і їй довелося зв'язати своє життя з місцевим лордом.
str_npc1_honorific|ватажку
str_npc2_honorific|{пане/пані}
str_npc3_honorific|{пане/пані}
str_npc4_honorific|{пане/пані}
str_npc5_honorific|{playername} бахадур!
str_npc6_honorific|командире
str_npc7_honorific|командире
str_npc8_honorific|{playername}
str_npc9_honorific|{добрий пане/добра пані}
str_npc10_honorific|{Брате/Сестро}
str_npc11_honorific|{друже/подружка} - себто, командире
str_npc12_honorific|командире
str_npc13_honorific|{о славний/о славна}
str_npc14_honorific|командире
str_npc15_honorific|командире
str_npc16_honorific|командире
str_npc1_kingsupport_1|Прекрасна ідея, {пане/пані}. Усі ці королі, хани і правителі земельних наділів, з їх тюрмами, шибеницями, і плахами, батогами, клеймами, повішеними, що гойдаються на вітрі... Ці жадібні до влади люди, готові образити дитину й забрати останній шматок хліба та робочу кобилу... Кальрадія заслуговує кращої долі!
str_npc2_kingsupport_1|Добре, командир, я підтримаю вас. Мені здається, що ви втілити давню надію Кальрадії на мудре правління.
str_npc3_kingsupport_1|{Пане мій/Моя пані}, спершу мені було за вас неспокійно: історія вчить нас, що влада розбещує. Проте врешті-решт, ставши на чолі війська, ви проявили належне милосердя і вершили справедливий суд.
str_npc4_kingsupport_1|Що ж, командире. Думаю, що ви станете {королем/королевою} з числа правителів, за яких і вмирати не шкода...
str_npc5_kingsupport_1|Прекрасна думка, бахадур! Ви довели, що вмієте правити людьми. Але пам'ятайте, що вашою головною чеснотою повинна залишатися справедливість...
str_npc6_kingsupport_1|Я не смію визначати законність ваших домагань, але можу сказати одне - на відміну від інших претендентів у вас вистачить сил об'єднати ці землі. Ви можете покласти край нескінченним війнам між королівствами, наділами, воїнами і братами благородної крові. Ви можете звеселити небеса, що давно зі скорботою дивляться на діяння людей.
str_npc7_kingsupport_1|Ага, все буде як треба. Ви ж знаєте, як заправляти бандитами, та покидьками.
str_npc8_kingsupport_1|Сага про Бернстаде вчить, що велика людина, чиї славні звершення перевершують діяння сучасників, має право претендувати на трон. І я прямо скажу - ви саме такі. Ви маєте право.
str_npc9_kingsupport_1|Чудово. По крові я вегір, але Яроглек навіть не намагався заступитися, коли родичі облапошили мене зі спадщиною. Я нічого йому не винен, а тому кажу: "Нехай трон дістанеться гідному!". Звичайно ж я про вас, {пане/пані}.
str_npc10_kingsupport_1|Хм. {Брате/Сестро}, я думаю так: якщо вже на світі не можна без {королів/королів і королев}, то ви можете виявитися нітрохи не гірше інших вінценосців...
str_npc11_kingsupport_1|{Друже/Мила}, ось це слушна думка! Мабуть, треба буде вас величати "Ваша величність" чи там "Ваша світлість"...
str_npc12_kingsupport_1|Командир, ви напевно будете відмінним сюзереном. Без удаваної скромності скажу, що я добре розбираюся в людях. Так ось, ви показали себе куди краще інших жадібних до влади вельмож, які хочуть залізти на трон.
str_npc13_kingsupport_1|{Пане/Моя пані}, це буде розумно! Герої багатьох сказань прийшли до трону через доблесть на полях брані і чесні вчинки. Можливо, ви чули пісню про Антаране, сина Ашдаба. Він теж не був улюбленцем долі, але в підсумку став королем Дабараха. Примітна історія!
str_npc14_kingsupport_1|{Мій пане/Моя пані}, якщо вже ви запитали... Я думаю, що небеса не дарма встановили порядок престолонаслідування, а тому не жалую узурпаторів. З іншого боку, королі цих земель слабкі і жалюгідні. Вони не мають права носити корони. А раз так, то корона повинна потрапити до кращого правителя.
str_npc15_kingsupport_1|Ну, якщо на чистоту, то ви завжди намагаєтеся платити людям вчасно і повною монетою. А це - перша ознака доброго монарха. В сенсі, ви поважаєте інших людей.
str_npc16_kingsupport_1|Командир, а чому б і ні? Напевно з вас вийде {відмінний король/відмінна королева}. Було б здорово, якщо б після коронації ви не забули про маленьких людей на зразок мене. Про тих, хто допоможе вам піднятися на трон.
str_npc1_kingsupport_2|Ясна річ, {пане/пані}. Хочете, розповім, що може порадувати інших і привернути людей, особливо бідноту, на вашу сторону? Ходять чутки, що в минулі часи новий імператор починав з того, що відкривав двері в'язниць і залишав за гратами тільки запеклих головорізів. Починаючи нове життя, він давав і людям другий шанс. Зовсім як ви.
str_npc2_kingsupport_2|Більшість тутешніх лордів - скажімо так, не тримали в руках інших грошей, окрім отриманих від збору податків або грабежів. Ви ж, з іншого боку, володієте деяким досвідом торгівлі, маєте уявлення про ризик і знаєте, що робити, якщо люди в Правені голодують, а в Сарготі є надлишок зерна... Якщо ви не проти, капітане, я б міг знайти підтримку серед купців і городян цього королівства.
str_npc3_kingsupport_2|Так, {пане мій/моя пані}. Але я настійно раджу вам пригадати старі кальрадські традиції і заснувати Збори знаті та простого люду. Нехай у нього входять як знатні вельможі, так і освічені міщани. У цієї ради має бути влада накладати вето на нові податки та інші укази, що пригнічують народ. І вам таке зібрання піде на користь.
str_npc4_kingsupport_2|Звичайно, {командире/моя пані}. Але весь секрет в тому, щоб за вами пішли інші. Для багатьох дуже важливо, щоб претендент мав законне право на трон. Може, у вас є хоч який-небудь далекий родич з краплею королівської крові?
str_npc5_kingsupport_2|Так, бахадур. Але мені хочеться додати щось від себе та всіх воїнів і жителів степів. Було б непогано почути з вуст майбутнього хана звістка про відродження одного стародавнього права. За часів колишніх імператорів степовики могли переганяти свої табуни на ярмарки і нові пасовища, навіть якщо для цього доводилося перетинати наділи великих правителів.
str_npc6_kingsupport_2|Звичайно. Я можу розповісти всім бажаючим почути про ваші дії, про те, що ви допомагаєте слабким і беззахисним. Про вашу дивовижну силу вести людей до перемоги, навіть якщо всі проти вас. І мені б хотілося сказати їм, що зійшовши на престол, ви створите єдину країну з загальним законом від нагір'їв Родока до пусток Вегіра, від безкраїх степів до берега Нордів.
str_npc7_kingsupport_2|Так, командир. Завдання {короля/королеви} - утримувати цілими дороги і оберігати мандрівних подорожніх. Не можна, щоб вийшла за хмизом або водою жінка, боялася всякої наволочі. Ви знаєте, про кого я кажу. Під вашими ударами тріснуло багато черепів таких мерзотників. Ручаюся, коли ви станете {королем/королевою}, вони і глянути на перехожих злякаються.
str_npc8_kingsupport_2|Я можу, але за умови: ви можете правити в Правені, Сарготі або будь-якому іншому місці, але в моєму маєтку командую я. І якщо раптом у нас вийде розлад з одним з ваших васалів, через людей, законів або худоби, ми владнаємо цей спір по-старому - на поєдинку. Нехай небеса вкажуть, хто з нас правий.
str_npc9_kingsupport_2|Я можу, {пане/пані}, та й інші теж. Але мені здається, що вам варто заспокоїти знать. Показати їм, що ви будете шанувати їхні давні права. Зараз в Кальрадії справжній розгардіяш: правитель може володіти землею, але у міста є власне право брати мито за проїзд через ворота. Простолюдинам дозволяється виганяти худобу на поля по парних четвергах, а в Рівачезі - по середах. Як все це пам`ятати? Зробіть закони чіткими і ясними, як у давнину: спершу йде право сюзерена, за ним слідують права правителів, а потім і всіх інших.
str_npc10_kingsupport_2|Звичайно ж, {мій брате/сестро моя}. Але я прошу обдумати і мої міркування. Якщо ви станете {королем/королевою}, то відкрийте двері свого двору не тільки для знаті, але і для простого люду. Пам'ятайте, що справедливого суду і правильного вироку заслуговує будь-яка людина. Точно так само будь-має право звернутися безпосередньо до вас. Зараз таким правом володіють тільки правителі, а треба дарувати його всім в Кальрадії.
str_npc11_kingsupport_2|Ясна річ! Дайте-но мені подивитися на Вашу руку... Ага! Ось вона, "мітка королів". Ну, так ми називаємо цей горбок у себе в Правені. У Суно його називають "пагорбом імператора", але у цих неслухів усе шкереберть. Так чи інакше, але у вас високий горбок, а значить Вам треба правити! Напевно, я навіть зможу згадати відповідне пророцтво. Гм, як там воно...
str_npc12_kingsupport_2|Так, командире. Але якщо я щось і засвоїв з своїх мандрів, так це пристрасть жителів Кальрадії посилатися на прецеденти. Люди хочуть, щоб все робилося так, як було заведено у часи Старої Імперії. Навіть при тому, що сотня з них взагалі не вміє читати мертвою мовою. Все одно купці Велуки видають своїх дочок заміж за старими "імперськими" законами. Пастухи з Рівачега продають "імперське" масло. А при такому розкладі кожному зрозуміло, що всі королі повинні коронуватися тільки у відповідності з "імперським" законом.
str_npc13_kingsupport_2|Саме так, {пане мій/моя пані}. З оповіді про Антаране ми знаємо, що сходячи на престол сюзерен повинен бути легендою, про нього повинні говорити біля вогнища, славити великі подвиги. А ви самі знаєте, що я на дозвіллі люблю скласти куплет-інший.
str_npc14_kingsupport_2|Це можна. Я вважаю, що ви зможете об'єднати землі. Ми зможемо зібрати під наші прапори армію, подібну якій Кальрадія не бачила протягом вже багатьох століть. Свадійскі вершники, вегірські лучники, родокські списоносці, саранідські мечі, нордські хускарли, кергітські стрільці. Ми поведемо їх до самих гір і захопимо всі землі, що колись належали імператорам Кальрадії.
str_npc15_kingsupport_2|Можна. Люди можуть говорити, що у ваших жилах немає королівської крові. Але якщо судити за нашими королям, то кров робить їх скнарами. Монархи і знать беруть позики і починають будувати будівлі навіть не думаючи, як вони будуть за все це розплачуватися. Вони не думають про простих людей, які часто голодують, хоч і трудяться в поті чола. По-моєму, {королем/королевою} людину робить не походження, а чесність і справедливість суджень.
str_npc16_kingsupport_2|Звичайно, {пане мій/моя пані}. І хочу сказати, що зі свого боку я постараюся заручитися підтримкою з боку правителів цих земель. Нехай моя роль в їх планах та інтригах не настільки велика, але я знаю, чого хочуть аристократи. Вони теж знають, що мені відомі деякі їхні таємниці, а тому не стануть закривати переді мною двері своїх замків. Адже так?
str_npc1_kingsupport_2a|Прошу, продовжуйте...
str_npc2_kingsupport_2a|Прошу, продовжуйте...
str_npc3_kingsupport_2a|Прошу, продовжуйте...
str_npc4_kingsupport_2a|Звичайно. Давайте я вам все про нього розповім.
str_npc5_kingsupport_2a|Прошу, продовжуйте...
str_npc6_kingsupport_2a|Відмінно
str_npc7_kingsupport_2a|Так, звичайно. Я постараюся підтримувати порядок...
str_npc8_kingsupport_2a|Справедливо
str_npc9_kingsupport_2a|Звучить вельми розумно...
str_npc10_kingsupport_2a|Зрозуміло - я дарую своїм підданим таке право.
str_npc11_kingsupport_2a|Подивимося, чи вдасться вам згадати це пророцтво.
str_npc12_kingsupport_2a|Цікаво. Прошу, продовжуйте...
str_npc13_kingsupport_2a|Ну, звичайно ж.
str_npc14_kingsupport_2a|Прошу, продовжуйте...
str_npc15_kingsupport_2a|Добре сказано, мій добрий друже.
str_npc16_kingsupport_2a|Цікаво. Прошу, продовжуйте...
str_npc1_kingsupport_2b|Що ж. Подивимося, що з цього вийде...
str_npc2_kingsupport_2b|Я не прошу їх про підтримку - поза всяким сумнівом, вони захочуть отримати прибуток від операції.
str_npc3_kingsupport_2b|Я не збираюся обмежувати себе такими обіцянками.
str_npc4_kingsupport_2b|Я в цьому не беру участь.
str_npc5_kingsupport_2b|Я хочу стати {королем/королевою} і правити, а не займатися дрібницями кочівників.
str_npc6_kingsupport_2b|Сумніваюся, що я зможу це зробити.
str_npc7_kingsupport_2b|Думаю, ви зі своїми планами заглядаєте занадто далеко вперед.
str_npc8_kingsupport_2b|Надто великі вимоги.
str_npc9_kingsupport_2b|Не думаю, що втілити вашу мрію в життя буде так просто, як ви думаєте.
str_npc10_kingsupport_2b|Гм. Дайте мені подумати.
str_npc11_kingsupport_2b|Про... Прошу, не вплутуйте мене в цю справу.
str_npc12_kingsupport_2b|Досить! Я не дозволю вам потішатися над нашими звичаями.
str_npc13_kingsupport_2b|Гм. Мені б Вашу впевненість.
str_npc14_kingsupport_2b|Взагалі-то після сходження на престол мені хотілося перепочити...
str_npc15_kingsupport_2b|Хіба що якщо я стану {королем/королевою} писак. Досить балаканини.
str_npc16_kingsupport_2b|Не ображайтеся, але це розходиться з моїми планами.
str_npc1_kingsupport_3|От якщо б мені пройтися по краях і долах, витратити кілька тижнів на розповіді про те, що ви відкриєте двері в'язниць, подібно старим імператорам минулого. Тоді б у народі вас стали величати {імператором/імператрицею}, а це значно спростить дорогу до трону. Мені варто цим зайнятися?
str_npc3_kingsupport_3|{Пане/Пані}, якщо б ви могли дати таку обіцянку, то й мені б напевно вдалося переконати тутешніх правителів змінити гнів на милість. Якщо ваша мета - відновити колишню систему Кальрадії, то і {королем/королевою} ви зможете називатися по праву. У всякому разі, у вас буде прав більше, ніж у всяких вискочок. Дайте мені кілька тижнів. Дворяни і заможні торговці країни дізнаються, що ви збираєтеся повернути їм давні, освячені часом права.
str_npc4_kingsupport_3|Так... Здається, мені доводилося чути про цю королівську лінію. Я навіть зможу простежити ваш родовід. Якщо ви, "Ваша величність", дозволите, я проїдуся по містах і селах країни. За кілька тижнів я рознесу звістка про ваше королівське походження. Звичайно, при цьому я розраховую на вашу вдячність - пізніше, коли ви займете трон...
str_npc5_kingsupport_3|Як би там не було, {пане мій/моя пані}, зараз для степовиків настали важкі часи. Правителі відхопили собі багато земель. Раз вони забороняють нам проїжджати або деруть величезну плату за прогін табунів. Але якщо я за кілька тижнів проїдуся по стоянках і розповім, що ви готові відстоювати стародавні права народу, то і люди напевно стануть підтримувати вас як майбутнього хана. Ви зробите свій перший крок до трону.
str_npc6_kingsupport_3|Добре. Хоча для моєї власної родини я вигнанець, зате мені відкриті двері багатьох знатних будинків: там мене знову будуть раді бачити. Я об'їду землі цієї країни і розповідатиму всім, що зійшовши на престол ви будете захищати слабких і нищити баламутів. Я розповім, що за вас ні одна людина не посміє підняти руку на іншого без вагомої на те причини.
str_npc7_kingsupport_3|Ось що я вам відповім, командире. Дайте мені кілька тижнів на об'їзд сіл. Часи зараз неспокійні, але я про себе подбаю. По дорозі буду розповідати людям про те, що як тільки ви зійдете на трон, так відразу і очистити країну від всякого непотребу. Поставите вздовж доріг шибениці і почіпляєте на них розбійників. Нехай проїжджі лиходії побояться, а чесні люди - звеселяться.
str_npc8_kingsupport_3|Добре! Тоді дайте мені кілька тижнів. Я об'їду замки й маєтки тутешньої знаті, рознесу звістку про те, що ви з повагою поставитеся до танів і їх стародавніх прав: не станете сунути свій монарший ніс куди не треба. Кальрадія від цього тільки виграє.
str_npc9_kingsupport_3|Це дуже далекоглядно, {пане/пані}. Ми зможемо закинути всі ці петиції і канцелярську роботу куди подалі, а самі відправитися воювати на славу власного королівства. Дозвольте мені відбути і рознести серед знатних володарів цих земель звістку про те, що ви будете правити по-старому. Голову даю на відсіч, що багато дворян з радістю підуть під ваші прапори.
str_npc10_kingsupport_3|В такому разі, {мій брате/сестро моя}, дозвольте мені вирушити на кілька тижнів і поблукати по цих землях. Від мене простий люд дізнається, що ви будете правити справедливо і шанувати людей по їх справах, а не титулах. Люди почнуть говорити про вас як про {короля/королеву}, а це гарна підмога...
str_npc11_kingsupport_3|Я не можу згадати прямо зараз, але якщо дозволите повернутися додому, то зможу розпитати старожилів. А ще я можу розголосити по окрузі про те, що у вас на долоні є мітка королів! У тих місцях, звідки я родом, багато хто тільки й чекають, щоб з'явився законний спадкоємець престолу. А руки людини не брешуть. Дайте мені кілька тижнів, і тоді в країні тільки глухий не буде знати, що ви скоро станете {королем/королевою}.
str_npc12_kingsupport_3|А ви знаєте, що насправді немає ніякого "імперського" закону передачі корони? Часом імператор надівав корону своєму синові, а іноді кидав її полководцям, немов кістку. Бувало, що новим імператором ставав вбивця старого. У Кальрадії немає "єдино вірного" способу стати {королем/королевою}. Тому кращим правителем стане той, хто найкраще буде правити. Я не сумніваюся, що це саме ви. Дайте мені кілька тижнів, і я складу трактат, в якому доведу свою правоту. Потім ми розвісимо витяги з моєї праці в кожній таверні країни. Що ви на це скажете?
str_npc13_kingsupport_3|Тоді дозвольте мені вирушити на кілька тижнів, {благородний пан/шляхетна пані}. Я вигадаю таку казку, яка закрутить голову навіть трухлявому пню. Я розповім про ваші достоїнства, здобутках і славні подвиги, а також про долі тих, хто стає у вас на шляху. Сподіваюся, ви дозволите мені злегка вдатися до поетичного перебільшення?
str_npc14_kingsupport_3|{Пане/Пані}, дозвольте мені вирушити на кілька тижнів. Всі достойні мужі цього краю дізнаються, що ви об'єднаєте не тільки саму і, але і всі інші володіння. На мою скромну думку, в цій країні не можна зватися {королем/королевою}, якщо не правив усіма землями. Ви показали, що можете стати саме таким правителем.
str_npc15_kingsupport_3|Добре, що ви так думаєте. І ось, що я пропоную. У цій країні повно порядних майстрів, і торговців, яким дошкуляють гнилі вельможі. Я скажу їм, що ви з чесних людей. Ви поважаєте заможних городян. Ви платите за рахунками і не витягуєте з людй останнє.
str_npc16_kingsupport_3|Давайте я поїду на кілька тижнів, прогуляюся по замках колишніх наймачів. Заспіваю їм вдалу пісеньку про те, що ставши {королем/королевою}, ви не забудете про освячені часом свободи - дозволите грабувати мешканців і обкладати митом торговців, починати війни і промотувати казну, не думаючи про завтрашній день! Що скажете, командире?
str_npc1_kingsupport_objection|{Пане/Пані}, ви що, збираєтеся сказати розвальцованій знаті, що вони збережуть свої права на пасовища, ринки, ліс? Не скажу, що мені це до душі. Дайте їм волю, і правителі тут же обкладуть митом кожну стежинку в окрузі. А потім почнуть цькувати бідних людей на зразок мене, яким заради прожитку довелося взяти лук і піти в ліс.
str_npc2_kingsupport_objection|Емм, командир... Мательд вирушила сказати правителям цих земель про те, що вони і далі зможуть розв'язувати свої суперечки вогнем і мечем. Ви розумієте, що зовсім не знать страждає від міжусобних воєн? Здебільшого дістається подорожнім і мандрівним купцям, яких війська застають по дорозі до замку супротивника. Солдати користуються будь-яким приводом, лише б перетрусити товари караванів. Дуже сподіваюся, що вона неправильно вас зрозуміла.
str_npc3_kingsupport_objection|Командир, Дешаві вирушила по якихось справах і сказала, що поїхала з вашого дозволу. Ще вона згадала, що шлях її лежить по селах країни. Нібито ви наказали їй розповісти бідноті про те, що ставши {королем/королевою}, перевішаєте всіх злодіїв та бандитів. {Пане/Пані} я сама - дочка торгівця. Моя сім'я встигла натерпітися від лиходіїв. Але навіть я вважаю, що Дешаві роздає порожні обіцянки. Скажіть, що насправді ви не станете вішати людей за малі провини. Не можна будувати королівство на крові.
str_npc4_kingsupport_objection|Командире, Артіменнер відправився розповідати заможним городянам байки про те, що ви спромоглися зайняти трон, тому що не любите рахувати. Це ж безглуздо! Королі і знать народжені для битв і правління. Якщо вони почнуть рахувати гроші або, чого доброго, займуться якою-небудь роботою, в країні запанує безлад, який переросте в хаос!
str_npc5_kingsupport_objection|Бахадур {playername}! Я чув, що ви сказали Імирі. Але мене мучать сумніви. Якщо володіючі землею правителі і купці що живуть торгівлею стануть встановлювати мита, то з кого ці мита брати? Залишаються тільки скотарі і жителі степів. Мій народ. Бахадур, мені б не хотілося бачити при владі Порадників. Всі вільні люди повинні ходити під ханом, а ваше рішення покладе цьому край.
str_npc6_kingsupport_objection|Як я розумію, ви відіслали Рольфа для підготування фальшивого підтвердження вашого розлучення. {Пане/Пані}, скажу прямо - думаю, що підступністю у такому важливому питанні ви розгніваєте небеса.
str_npc7_kingsupport_objection|Здається ви сказали Бундуку, що найзапекліший злочинець зможе домогтися зустрічі з {королем/королевою}. Знайте, що мені це не до душі. Всяку наволоч треба вішати, а не слухати. Дайте їм волю, і розбійники відбрешуться і знову будуть творити чорні справи. Бундук - хороша людина, але він погано розуміє, наскільки небезпечні вовки в овечих шкурах.
str_npc8_kingsupport_objection|Командир, ви відправили Фірентіса з вісткою до правителів цього краю. Ви передали, що збираєтеся нести мир і не дозволите вирішувати суперечки дзвоном мечів. Невже тепер нам доведеться помирати від старості, у своїх постелях? Це ж ганебна смерть. Борг {короля/королеви} - вести своїх людей у бій, а не підлещуватися і домовлятися.
str_npc9_kingsupport_objection|{Пане/Пані}, почуте мною, дуже сумно. Ви наказали Бахештуру передати його людям звістку про послаблення правил. Вони зможуть гнати табуни прямо через наші землі. Дуже сподіваюся, що я неправильно зрозумів цей наказ. Мито за прогін тварин і так лише частково покриває витрати на очищення питних джерел, які забруднює худоба. Якщо ви мрієте здобути державу, набиту кочівниками, то я таку мрію не поділяю.
str_npc10_kingsupport_objection|Ви наказали Нізару написати вірші для додавання ваги своїм притензіям на трон. {Мій брате/Сестра моя}, я не можу погодитися з таким підходом. Піддані повинні стікатися під прапори монарха з любові до його справ, а не через дурні пісеньки.
str_npc11_kingsupport_objection|Здається Лезаліт поїхав розносити вість про те, що після сходження на престол ви поведете військо до самих гір. {Друже/Мила}, невже нам знову доведеться воювати? Ех, от якби після воцаріння ми змогли хоч трохи пожити в мирі... Видно, не доля. Небесам завгодно вічно дивитися на багряну від крові Кальрадію, на гибель чоловіків і безкінечну низку воєн.
str_npc12_kingsupport_objection|Командире. Ви відправили Кліті з дорученням, зробивши її кимось на кшталт посла для зв'язку з аристократами. Дуже сумніваюся, що ця позбавлена пристойності дівка схилить знать на вашу сторону, навіть з огляду на майбутнє відпущення гріхів, які ви називаєте "відновленням давніх свобод". Подібні свободи - плювок в душі тих, хто сподівався на вас. Чекав, що ви позбавите Кальрадію від її кривавої спадщини, введете країну в століття миру і розквіту.
str_npc13_kingsupport_objection|О, {благородний пане/шляхетна пані}! Ходять чутки, що Ви наказали Джеремусу підготувати легкотравний трактат, який очорнить все найважливіше і найдорожче для нас, звинуватить колишніх імператорів у вбивстві і захоплення трону. Командире, як поетові мені відомо, що людям потрібні герої і славні часи, про яких можна згадувати. Невже ви хочете створити королівство, в якому всякі вчені циніки будуть вказувати нам, у що вірити? Царство сірої нудьги?
str_npc14_kingsupport_objection|Я так розумію, що ви відіслали Борчу розповідати кожному зустрічному про прощення для злочинців, яке настане після вашої коронації. Що за хибна думка... {Пане/Пані}, людям потрібна тверда рука, здатна тримати батіг і, якщо треба, - сокиру. Попереджаю: ви стаєте на слизький шлях.
str_npc15_kingsupport_objection|Я так розумію, що ви відіслали людей розпустити чутки про королівські мітки на ваших руках. Варто сказати, що як освічена людина я проти використання забобонів як приводу для претензій на трон. Це гра на віруваннях сільського бабства. Я ще розумію гороскоп, складений закінчила королівський університет звіздарем. Він може стати джерелом достовірної інформації. Але нині справжні звіздарі в Кальрадії перевелися.
str_npc16_kingsupport_objection|Командире! Я чула, ви послали Марніда по купцям, розповідати казки про те, як ви подасте їм на сніданок Кальрадію на срібному блюдечку, а їм залишиться тільки висмоктати мозок з її кісток і витерти губи. Сподіваюся, що це дійсно казки. Благородний шляхтич під час свята неодмінно кидає пару мідяків бідним і стежить, щоб ніхто з його слуг не голодував. А в будинку купця навіть домочадці харчуються недоїдками. Принаймні, такий мій життєвий досвід.
str_npc1_intel_mission|{Пане/Пані}, так вже вийшло, що в {s17} у мене залишилися родичі, яким все ще є до мене діло. Вони займаються кіньми, і мені доводилося час від часу постачати їм скакунів. Так ось, вони можуть дізнатися, про що говорять в замках і маєтках {s18}. Я можу відправитися в гості і через кілька днів повернуся з новими звістками.
str_npc2_intel_mission|{Пане/Пані}, якщо ви хочете дізнатися про справи в {s18}, я можу зв'язатися зі своїми давніми діловими партнерами з {s17}. Зазвичай вони добре знають про всі політичні чвари.
str_npc3_intel_mission|Командире, нехай я і не можу повернутися в дім свого батька {s17}, але мені ніхто не заважає поговорити з сестрою. Вона тісна з радниками багатьох великих торгових домів і зможе розповісти про стан справ в {s18}.
str_npc4_intel_mission|Командире, якщо ви відпустите мене на кілька днів, я можу відвідати свого бойового товариша {s17}, який час від часу командує невеликим загоном на забезпеченні {s18}. Він непоганий чоловік, мало говорить і вміє слухати. Запевняю вас, за кухлем-другим він розповість, в якому напрямку політичні вітри дмуть в цих землях.
str_npc5_intel_mission|Якщо ви не проти, бахадур {playername}, я відлучуся на кілька днів і побачусь з ріднею своєї тітоньки. Ці люди прислуговують у караван-сараї {s17} і першими дізнаються всі новини в {s18}. Вони могли почути що-небудь корисне для вас стосовно чвар і міжусобиць.
str_npc6_intel_mission|Командир! Мене, звичайно, не шанують в {s17}, але я міг би поговорити з моїми колишніми орендарями, що живуть поблизу. Після поспішного відходу вони стали землевласниками і тепер займають далеко не останнє місце в суспільстві, так і до моїх гріхів відносяться прихильніше інших. Якщо ви відпустите мене на кілька днів, я міг би добути деякі відомості про {s18}.
str_npc7_intel_mission|Командир, коли я покинув свій будинок в {s17}, я обіцяв самому собі, що ніколи не повернуся, хіба що помститися тим, хто мене образив. Можливо, я поспішив з обіцянками. Іноді я думаю про те, що стало з моїми близькими. Я б міг привезти їм подарунки і розповісти, ким став! Вони, звичайно, далеко не благородні, але подібно беспородному псу чуйно тримають вухо за вітром. Якщо б ви відпустили мене на кілька днів, можливо, мені вдалося дізнатися якісь чутки про {s18}.
str_npc8_intel_mission|Якщо вас цікавлять події в {s18}, там у мене є знайомий - колишній соратник. Він пішов зі служби, тримає подвір'я недалеко від {s17} і частенько зустрічається з іншими старими вояками. Я можу його відвідати і дізнатися місцеві новини. 
str_npc9_intel_mission|{Пане/Пані}! Вже минуло чимало часу з тих пір, як я смакував задоволення {s17}, де могутні і щедрі вельможі веселяться разом з благородними людьми на зразок мене. При вашій згоді я можу відправитися туди і повідомити вам про те, які турботи обтяжують думки великих владик {s18}.
str_npc10_intel_mission|Командире. Я тут подумав, що дехто з моїх старих дружків в гарнізоні {s17} буде радий мене бачити. Вони хороші хлопці і ніколи не стануть зраджувати місто, але, як і я, вони не особливо шанують начальників із знаті. Може, вони поділяться зі мною чутками про політику. Ці дворяни вічно чимось незадоволені, але мої товариші відразу зрозуміють, якщо це серйозне невдоволення.
str_npc11_intel_mission|{Молодий чоловіче/Молода дівчино}! Відвідаю я своїх родичів в {s17}. Вони завжди були до мене добрі і допомагали у важкі роки, так що я просто не можу пройти повз них зараз, з таким багатством. А зернотрейдери в Правені завжди мені довіряли. Думаю, вони поділяться деякими чутками про те, що діється в {s18}, якщо це вас цікавить.
str_npc12_intel_mission|Якщо ви не проти, командире, я б заїхав подивитися на свого колишнього учня, який зараз перебуває на службі у лорда {s17}. Я покладав на нього великі надії, але чув, що він нещодавно запропонував використовувати для лікування паралічу диню на тій підставі, що її холодна м'якоть, нібито, вбирає надлишок жовчі. Це пародія на медицину! Я повинен негайно вирушити туди і надоумити невігласа. Заодно я міг би довідатися останні новини про ситуацію в {s17}, що вас, безсумнівно, зацікавить.
str_npc13_intel_mission|Ваша світлість! З вашого дозволу я завдам візит долині поблизу {s17}. Я намагаюся уникати старих пасовищ, але, зізнаюся, мене інколи розбирає цікавість - як поживають прекрасні пастушки з числа моїх колишніх знайомих. По дорозі я можу зупинитися в замку. Сподіваюся, мені буде неважко зачарувати господарів і, по можливості, довідатися останні відомості про стан справ {s18}.
str_npc14_intel_mission|Командир, як ви, мабуть, знаєте, я допомагав тренувати гарнізон {s17}. Нещодавно один солдат зв'язався зі мною і запропонував зустрітися, щоб повідомити якісь відомості про те, що відбувається в {18}. Якщо дозволите, я можу з'їздити до нього. Нехай зрадники і гідні презирства, але було б нерозумно не скористатися ними.
str_npc15_intel_mission|Командире, як ви знаєте, я деякий час подумував про те, щоб відправитися в {s17} і навчитися там мистецтву кам'яної кладки в прекрасному давньо-кальрадіанському стилі. Так вийшло, що один з моїх колег зараз займається там реконструкцією фортечних стін. Він, звичайно, пов'язаний професійною клятвою і не стане розкривати всіх секретів оборони, але, як мені здається, не буде проти висловити свої загальні міркування щодо стану справ в {s18}, якщо це вас зацікавить.
str_npc16_intel_mission|Командире! Я подумав, що мені було б непогано відвідати одне містечко в {s17}. Скажімо так - якісь пан і пані найняли мене для виконання однієї справи, але зволікають з оплатою. А одна дуже приваблива іграшка в шухлядці леді могла б цілком зійти як оплата за мою роботу. Я навіть не буду обтяжувати їх особистою зустріччю - просто домовлюся з керуючим замком, моїм давнім знайомим. Заодно він розповість мені про останні чутки {s18}.
str_npc1_fief_acceptance|Командире, ви збираєтеся зробити мене правителем {s17}? Це... Це найвтішніша звістка з усіх почутих мною за довгий-довгий час. Ех! Будьте впевнені, я буду правити наділом як слід. Правда, не знаю, що на це скажуть інші правителі країни. Може, вони і не зрадіють появі старого Борчі в їх теплій компанії.
str_npc2_fief_acceptance|{s17} мені в наділ? Хм, мені звично підраховувати прибутки та збитки від продажу товарів, але правити? Але раз вже ви так розщедрилися, то і я спробую отримати вигоду з мирного часу. Дякую вам, {пане/пані}. Ви надали мені знак найбільшої уваги.
str_npc3_fief_acceptance|{Пане/Пані}, з вашого боку дуже щедро дарувати {s17} мені в наділ. Я з радістю стану його правителем і простежу, щоб мої підлеглі були задоволені і процвітали.
str_npc4_fief_acceptance|З вашого боку дуже щедро та великодушно зробити мене правителем {s17}. Це далекоглядний вчинок - зробити барона будинку Рольфа своїм васалом.
str_npc5_fief_acceptance|Бахадур, я з радістю буду правити {s17}. І відправлю звістку на батьківщину, розповім своїм родичам про те, як почесно й вигідно служити вам. Нехай стікаються під ваші прапори!
str_npc6_fief_acceptance|{Пане/Пані}, ви зуміли мене здивувати. Адже я тільки-тільки освоююсь з власними справами, а ви доручаєте мені правити наділом. Але якщо така ваша воля, я матиму за честь правити {s17} і присвячу своє життя захисту мешканців моєї землі.
str_npc7_fief_acceptance|Ага, я догляну за {s17}. Буду правити, спираючись на свою славу губителя злодіїв і бандитів. Нехай лиходії Кальрадії тремтять від страху! {Пане/Пані}, спасибі вам за довіру.
str_npc8_fief_acceptance|Хочете зробити мене таном? Думаю, я зможу на час відкласти справу з поверненням спадщини і влаштуватися в {s17}. Прийде час, і я піду за море забрати те, що по праву належить мені. Але поки цей час не прийшов, я з задоволенням зберу загартованих боями нордів і приведу їх під ваші прапори.
str_npc9_fief_acceptance|{Пане/Пані}, варто позбутися законного спадку, щоб ви запропонували мені цю землю і відновили справедливість. Для мене велика честь служити вам, боротися за вас, управляти наділом для вашої більшої сили і слави.
str_npc10_fief_acceptance|Ви робите мене правителем? Дякувати нема за що, але коли назвете цю посаду "трибуном" - тоді інша справа. У минулі часи трибунами називали людей, які трудяться на благо народу. Лише в такому разі, {брате/сестро}, ви можете призначити мене правителем {s17}. Я обіцяю нагодувати голодних і зібрати міцне військо з родокських піхотинців. Правда, не обіцяю ввічливо чесати язиком з вашою знаттю на всяких Радах.
str_npc11_fief_acceptance|Хей! Ви даруєте старій Катрін знатний титул? Що ж, було б нерозумно відмовлятися. А я ж не дура, а? Ех як же хитро деколи складається життя... Стара шкапа раптом стає важливою шишкою Кальрадії.
str_npc12_fief_acceptance|{Пане мій/Моя пані}, дозвольте сказати. Я не вважаю, що роздача наділів - хороша справа. Що землевласники, що працюючі на полі селяни, повинні займатися своєю справою під пильним наглядом короля. Що ж до безкорисниз васалів, то Кальрадія вже натерпілася від їх постійної гризні. Що їй зараз потрібно, так це порядок. Дайте мені цю землю, і я потихеньку поведу народ до кращого майбутнього. Навряд чи його застане це покоління, але, можливо, побачить наступне.
str_npc13_fief_acceptance|{Пане/Пані}, це вельми щедро з вашого боку! Дозвольте мені захоплюватися вашою прозорливістю в справі вибору правителя. Ви перевершили навіть легендарного короля Ламинара, який міг визначити характер людини по волосинці з його голови. Ваша мудрість посоромить навіть імператора Акембру, якому не могли суперечити і джини. Хіба я можу не прийняти пост від такої людини?
str_npc14_fief_acceptance|Командире, ви робите мені велику честь. У Джеройе молодші сини як он я, не можуть розраховувати на отримання землі. Але тут, в Кальрадії, людина все ще може власним мечем заслужити те, що не змогла отримати при народженні! Як ваш васал, я зобов'язуюсь добре правити {s17} і в разі потреби зібрати військо для вашої і нашоної слави.
str_npc15_fief_acceptance|Що на це скажеш? {Пане/Пані}, це дуже щедра пропозиція. Відразу видно, що воно виходить від проникливого монарха, який хоче вирвати цю країну з лап неосвічених правителів минулого. Думаю, що багато благородних панове не зрозуміють вашого кроку. На їхню думку, простолюдин не може правити наділом. Що ж, я з радістю доведу зворотне, посоромлю їх доходами і процвітанням. Нехай утруться! 
str_npc16_fief_acceptance|{Пане/Пані}, це дуже щедро з Вашого боку. Мені довелося побувати в багатьох будинках і замках, хоч і не завжди з дозволу господарів, але правити одним із таких місць? Дайте-но подумати... Ех, коли я зберу перші мита, на що їх витратити?
str_npc3_woman_to_woman|Моя пані, дозвольте слово мовити. Мені здається, що ви вже показали себе однією з кращих войовниць нашої країни. Дивно, що ні один король так і не запропонував вам наділ. Може статися, що всьому виною ваш пол. Ну і нехай! Особисто я вірю, що ви все одно візьмете належне місце серед великих правителів цих земель, навіть якщо для цього доведеться боротися і працювати вдвічі більше!
str_npc7_woman_to_woman|Командире, дозвольте слово мовити. Ви вже давно і успішно ганяєте всяку погань по всій Кальрадії. Перемагаючи цю наволоч, ви робите країну краще, а тому заслуговуєте отримати власний наділ. Думаю, король давно б запропонував вам володіння. Але заковика в тому, що ви - жінка. Така вже наша доля в цій чоловічий країні: як йти на поле бою і приймати на себе удари ворога, так можна і жінці. А як отримувати заслужену нагороду, так нам і ворота закриті.
str_npc8_woman_to_woman|Вибачте, {playername}. Мені б хотілося привітати вас як личить, але... Ви знаєте, чого прагните, і не звертаєте з обраного шляху. Будь ви чоловіком, королі цих земель давно побилися за право назвати вас своїм васалом. На жаль, але в цьому світі жінки повинні працювати і боротися вдвічі більше за інших.
str_npc11_woman_to_woman|А, здрастуйте, дитино! А ви стали знаменитістю! Битви, перемоги, тріумфи... Думаю, якби ви були чоловіком, який-небудь король давно б запропонував вам земельний наділ. Та й так запропонує - тільки попрацювати вам доведеться більше. 
str_npc16_woman_to_woman|Ох командире, ось що я скажу - ви здорово прославилися в наших краях. Якщо б ви були чоловіком, король уже давно наділив би вас землею. А нам, жінкам, все дається не так просто. Чоловіки готові скористатися будь-яким приводом, лише б не нагороджувати нас за роботу, так що, якщо у вас є можливість урвати шматочок землі самостійно, я б, на вашому місці, нею скористалася. Принаймні, мені так здається. 
str_npc1_turn_against|Шкода, що ми зустрілися за таких обставин. Я не заперечую, що моє високе положення - ваша заслуга. Ви, напевно, вважаєте мене невдячною скотиною. Але ж кожен слідує покликом долі, вірно?
str_npc2_turn_against|Ми зустрілися в сумний день. Хто міг знати, що мені доведеться битися проти колишнього командира? Навіть перемога не принесе мені належної радості.
str_npc3_turn_against|Ох, {playername}! Що за жарт зіграла з нами доля! Я можу лише сподіватися, що чорна смуга воєн коли-небудь зміниться миром, і ми знову станемо друзями.
str_npc4_turn_against|{Playername} бахадур! Я прийняв вашу сіль і ви щедро нагородили мене за це. Але дозвольте вам нагадати стару приказку: кергіт може бути полум'яним прихильником, відданим другом, але рабом - ніколи... Так чи інакше, сьогодні я оголюю проти вас клинок, але сподіваюся, що одного разу ми ще вип'ємо з вами за відродження нашої дружби.
str_npc6_turn_against|{playername}, зустріч з вами на полі раті безмірно мене засмучує. Ну, навіщо небеса дозволили мені дожити до цього дня? Я можу лише сподіватися, що в один прекрасний день ми все-таки помиримося.
str_npc7_turn_against|Що тут скажеш, командире? Вашими стараннями я стала світською дамою і вдячна вам за це. Але ви мене не купили, а зіткнення інтересів - справа житейська. Я рада, що ми зустрінемося у відкритому протистоянні. І сподіваюся, що пізніше обставини знову дозволять нам стати друзями.
str_npc8_turn_against|Виходить, тепер ми по різні сторони і скоро будемо дивитися один на одного поверх щитів. Сьогодні сумний день. Іноді вихори долі мають дивне, похмуре почуття гумору.
str_npc9_turn_against|Я не буду шкодувати про обставини, які змусили нас стати ворогами. Хоч на серці і скребуть кішки, але совість моя чиста.
str_npc10_turn_against|Схоже, хвилі долі принесли мене назустріч старому командиру. Може, все пішло не так з тих пір, як ви стали моїм паном. Напевно, не варто було мені ставати васалом. Але зробленого не повернеш. Може, світ ще зміниться, ми перестанемо бути слугами та панами, але залишимося друзями.
str_npc11_turn_against|Святі небеса, {друже/мила}! Виходить, тепер ми розбіглися у різні сторони. Так, життя інколи викидає такі коники, що ярмарковим комедіантам і не снилися. У долі часто погано з гумором, це вже як пити дати.
str_npc12_turn_against|Бачу, нам доведеться битися. Смію запевнити, {мій колишній пане/моя колишня пані}, що я - не зрадник. Я ніколи не був вам слугою, але слідував вашим ідеям, з якими не міг не погоджуватися. У свій час нам було по дорозі, але тепер дороги розійшлися. Я зроблю все, щоб перешкодити вам. Але роблю я це не зі злого наміру і сподіваюся, що наші дороги ще зійдуться.
str_npc13_turn_against|Командире, мені правда шкода бачити вас як ворога. З іншого боку, мені завжди хотілося дізнатися, чого я стою в бою проти такого великого тактика і воїна, як ви. Про сьогоднішній бій напевно стануть співати на постоялих дворах по всій Кальрадії. Менестрелі почнуть продавати нашу історію за срібло і вино.
str_npc14_turn_against|Ось так, {playername}. Ми стали ворогами. Зізнатися, я відчуваю суперечливі почуття. Наша ворожнеча вкриває тінню моє серце, але якщо вдасться перемогти в бою самого небезпечного полководця всій Кальрадії, то радості моїй не буде меж!
str_npc15_turn_against|Ех... Мені зовсім не хотілося дожити до такого дня. Якби ви продовжували вірити в мене, як і раніше, битви б не було. Але ви напевно думаєте зовсім по-іншому.
str_npc16_turn_against|Привіт, командире! Ми тепер, начебто, вороги! Перед сутичкою вважаю своїм обов'язком попередити: у запалі бою я впадаю в лють і не можу відповідати за свої дії. Так що - нічого особистого. Якщо виживемо і підемо з поля бою на своїх двох, то як знати? Може, ще й вип'ємо за мирову.
str_comment_intro_liege_affiliated|Мені сказали, що ви присягнули одному з моїх супротивників - претенденту на корону Кальрадії. Але ми можемо поговорити.
str_comment_intro_famous_liege|Ваша слава біжить попереду вас! Можливо, вам варто пошукати собі гідного васала.
str_comment_intro_famous_martial|Ваша слава біжить попереду вас! Можливо, нам слід битися на турнірі, а то і на полі бою!
str_comment_intro_famous_badtempered|А я вас знаю. От тільки я не мастак плести розмови, так що якщо є що сказати - кажіть!
str_comment_intro_famous_pitiless|Ваше ім'я мені знайоме, воно вселяє в людські серця страх. Це добре. Може, нам є про що поговорити.
str_comment_intro_famous_cunning|О, так! Нарешті ми зустрілися. Схоже, ви {людина добра/добра жінка}. Думаю, час від часу нам варто зустрічатися, щоб перекинутися парою слів?
str_comment_intro_famous_sadistic|Ваше ім'я мені знайоме - і, наскільки знаю, його також добре знають невтішні вдови. Ну, але це не моя справа.
str_comment_intro_famous_goodnatured|Мені про вас розповідали! Як приємно, нарешті, зустріти вас особисто!
str_comment_intro_famous_upstanding|Мені говорили, що ви, нібито, з найвідважніших воїнів. Сподіваюся, честі і співчуття у вас стільки ж, скільки і сміливості.
str_comment_intro_noble_liege|Бачу, у Вас благородний прапор, хоча він мені й не знайомий. Знайте ж, що я завжди шукаю вправних воїнів для свого загону, але спершу їм треба проявити себе.
str_comment_intro_noble_martial|Бачу, у Вас благородний стяг, хоч і він мені не знайомий. Можливо, нам варто зійтися в битві на турнірі або навіть у справжньому бою!
str_comment_intro_noble_badtempered|Перший раз бачу таке знамено, видно, заморське - ніби нам своїх не вистачає.
str_comment_intro_noble_pitiless|Бачу, у вас благородний прапор, хоч він мені й не знайомий. Ще один стерв'ятник вирішив поживитися плодами війни!
str_comment_intro_noble_cunning|Бачу, у вас благородне знамено, хоч воно мені й не знайоме. Втім, завжди корисно познайомитися з {чоловіком, який/жінкою, яка} одного разу може стати {легендарним воїном/легендарною войовницею}.
str_comment_intro_noble_sadistic|Бачу, у вас благородний прапор, хоч воно мені й не знайоме. Ви його вкрали? Або ви {син/дочка} чергового нувориша?
str_comment_intro_noble_goodnatured|Бачу, у вас благородний стяг, хоч він мені й не знайомий. Даруйте мені моє невігластво, {пане/пані}! Дуже приємно познайомитися.
str_comment_intro_noble_upstanding|Бачу, у вас благородний прапор, хоч він мені і не знайомий. Мабуть, ви приїхали в Кальрадію за багатством і славою. Раз так, то я прошу вас проявляти милосердя до нещасних, які постраждали від війни.
str_comment_intro_common_liege|Навіть якщо ви з простолюдинів, я завжди шукаю хороших людей, які билися б на моєму боці - якщо, звичайно, вони зуміють себе проявити.
str_comment_intro_common_martial|Нехай ви і не благородної крові, але якщо ви чесні і відважні, то я з радістю зійдуся з вами на турнірі або навіть на полі бою.
str_comment_intro_common_badtempered|Говоріть швиденько, якщо є, що сказати! У мене немає часу на порожню балаканину з усякими шукачами пригод.
str_comment_intro_common_pitiless|Ви схожі на найманця. Ще один стерв'ятник прийшов поживитися плодами війни.
str_comment_intro_common_cunning|Що ж... Я не знаю вас, але ви викликаєте довіру. Напевно вас чекає гідне майбутнє.
str_comment_intro_common_sadistic|Зазвичай я перерізаю гортань всякому простолюду, що лізуть до мене ні з того ні з сього, але сьогодні у мене гарний настрій.
str_comment_intro_common_goodnatured|Що ж, ви виглядаєте непогано.
str_comment_intro_common_upstanding|Мир вам, і не забувайте прикрашати свою славу поблажливістю, а сміливість - честю.
str_comment_intro_female_famous_liege|Про ваші подвиги ходить безліч чуток. Деякі чоловіки бояться жінок, знайомих з військовою справою. Але мені не важливо, чи тримали ваші руки меч. Лише б серце ваше було вірним і відважним.
str_comment_intro_female_famous_martial|Чутками про ваших справах земля повниться. Ходять чутки, що Ви не поступаєтеся найвідважнішим з чоловіків і блискуче володієте зброєю. Бути може, коли-небудь я перевірю вашу завзятість, ставши з вами на турнірі або в бою!
str_comment_intro_female_famous_badtempered|Про вас багато пліткують. Мовляв, жінка, яка вміє битися, як чоловік.
str_comment_intro_female_famous_pitiless|Мені знайоме ваше ім'я. Воно вселяє страх у серця чоловіків. Це добре. Думаю, пізніше нам буде про що поговорити.
str_comment_intro_female_famous_cunning|О, та-ак. Нарешті ми зустрілися. Ви досить відома особа. Давайте не будемо забувати один про одного.
str_comment_intro_female_famous_sadistic|Мені доводилося про вас чути. І якщо люди говорять правду, ваше ім'я на вустах у багатьох невтішних вдів. Але особисто мене це не турбує.
str_comment_intro_female_famous_goodnatured|Так я вас знаю! До чого ж приємно врешті-решт завести з вами знайомство!
str_comment_intro_female_famous_upstanding|Мені знайоме ваше ім'я. Ходять чутки, що Ви - доволі доблесна серед воїнів. Залишається тільки сподіватися, що ваші честь і співчуття не поступаються військовим новикам.
str_comment_intro_female_noble_liege|Не так вже й часто можна зустріти жінку, яка вирішується вести чоловіків на битву. Але часи зараз темні і похмурі. В такі дні гріх відмовлятися від рук, які вміють тримати меч. Звичайно, якщо це руки вірного сміливця.
str_comment_intro_female_noble_martial|Я не розберу герб на вашому прапорі, але ви явно дама не з останніх. Прошу, прийміть моє шанування як одного з ваших вірних слуг.
str_comment_intro_female_noble_badtempered|Я не розберу герб на вашому прапорі. Ви явно не з цих земель. Іноземка, зі своїми дивними звичаями і прагненнями.
str_comment_intro_female_noble_pitiless|Бачу, що у вас є дворянський стяг, але я не розберу герба на його тлі... Знаєте, в Кальрадії прийнято залишати поле бою чоловікам. Якщо ж ви хочете змінити заведений порядок речей, то втратите голову, як і всякий надміру прудкий бунтар!
str_comment_intro_female_noble_cunning|Як незвично, навіть нечувано, щоб у Кальрадії жінка шукала собі славу на полях битв. Я з задоволенням буду слідкувати за вашими справами.
str_comment_intro_female_noble_sadistic|Ви явно із знатних дам, хоч я не розберу герб на вашому стягові. Стало бути, ще одна іноземка на наших землях. Напевно у ваших краях чоловіки слабкі, от жінкам і доводиться ходити на війну!
str_comment_intro_female_noble_goodnatured|Я не розберу герб на вашому прапорі, але ви явно дама не з останніх. Прошу вибачити моє невігластво... пані! Дуже приємно з вами познайомитися.
str_comment_intro_female_noble_upstanding|Не кожен день побачиш жінку в одязі воїна. Прошу, не вважайте за зухвалість. У вас є повне право захищати себе, але я не великий прихильник думки про те, щоб жінки вирушали на війну. Як би мені хотілося, щоб жахи війни не стосувалися милих дам. Щоб вони залишалися острівцями спокою і хранительками тих крихт ніжності та уваги, що посіяні в суворих чоловічих серцях.
str_comment_intro_female_admiring_liege|Не так вже й часто можна зустріти жінку, яка надихає чоловіків йти на битву. Але часи зараз темні і похмурі. В такі дні гріх відмовлятися від рук, які вміють тримати меч. Звичайно, якщо це руки вірного сміливця.
str_comment_intro_female_admiring_martial|Привіт, мила пані. Хоч по вашій виправці я і бачу, що зустрів не звичайну діву, все ж дозвольте засвідчити вам свою повагу і назвати себе вашим вірним слугою.
str_comment_intro_female_badtempered_admiring|Хе, ну і номер - дамочка в бойових обладунках. Нечувана справа, але ось дивина - вас ці обладунки роблять тільки красивіше.
str_comment_intro_female_pitiless_admiring|Нечасто у нас можна побачити жінку, одягнену для бою. Обережніше, моя пані. Світ жорстокий. Буде дуже шкода, якщо таке личко зіпсує удар меча.
str_comment_intro_female_cunning_admiring|Вітаю, пані. Прошу, не вважайте за зухвалість, але моя перша думка була про те, що в наші дні рідко зустрінеш жінку в одязі воїна. Тішу себе надією, що коли-небудь стану батьком настільки ж відчайдушної доньки.
str_comment_intro_female_sadistic_admiring|Хто це тут у нас? Жінка, вбралася воїном! Насмілюся сказати, що вас не сплутати з чоловіком навіть під шаром броні та кольчужнною сорочкою.
str_comment_intro_female_admiring_goodnatured|Пані, якщо ви вмієте поводитися з мечем не гірше, ніж вести себе на людях, вашим ворогам не позаздриш!
str_comment_intro_female_admiring_upstanding|Вітаю вас, пані. Навіть крізь пил доріг на вашому одязі я бачу, що ви не позбавлені краси і грації, притаманної слабкій статі.
str_comment_intro_female_common_liege|Не так вже й часто можна зустріти жінку, яка зважується вести чоловіків на битву. Але часи зараз темні і похмурі. В такі дні гріх відмовлятися від рук, які вміють тримати меч. Звичайно, якщо це руки вірного сміливця.
str_comment_intro_female_common_martial|Пані, дозвольте дати вам пораду. Мандруючи нашими неспокійними землями, будьте напоготові. Якщо ви шукаєте більш... осілого життя, краще змініть меч на дзеркальце і підшукайте собі гідного чоловіка.
str_comment_intro_female_common_badtempered|До речі, дівонько! А ваш чоловік знає, чим ви тут займаєтесь? Голову даю на відсіч, що по поверненню додому вас чекає гарна прочуханка!
str_comment_intro_female_common_pitiless|Що за чорні часи переживає наша країна! Навіть жінки стали братися за меч, наживаючись на бідах війни.
str_comment_intro_female_common_cunning|Як незвично, навіть нечувано, щоб у Кальрадії жінка здобула собі славу на полі битв. Я з задоволенням буду слідкувати за вашими справами.
str_comment_intro_female_common_sadistic|Жінка, вбралася воїном! Думаю, жіночого у вас тепер залишилося не більше, ніж чоловічого у воїнів, що йдуть за вами.
str_comment_intro_female_common_goodnatured|Здається, ви вмієте постояти за себе. Але все-таки я раджу вам остерігатися.
str_comment_intro_female_common_upstanding|Не кожен день побачиш жінку в одязі воїна. Прошу, не вважайте за зухвалість. У вас є повне право захищати себе, але я не дуже тішить думка про те, щоб жінки вирушали на війну. Як би мені хотілося, щоб жахи війни не стосувалися милих дам. Щоб жінки залишалися острівцями спокою і хранительками тих крихт ніжності та уваги, що посіяні в суворих чоловічих серцях.
str_rejoinder_intro_female_common_badtempered Свою зброю я заслужила в бою. Хочете її спробувати?
str_rejoinder_intro_female_noble_sadistic|Не судіть про мою країну. Схоже що тут, в Кальрадії, людей на війну тягнуть і послідні скоти.
str_rejoinder_intro_female_common_sadistic|А ви, мій пане, не страшніший мого коня.
str_rejoinder_intro_female_noble_pitiless|Так, повернути звичайний порядок речей не завадило б. Тоді мені не довелося б говорити з ідіотами.
str_rejoinder_intro_female_common_pitiless|Часи зараз і правда важкі. Всякий гад норовить назвати себе благородним.
str_rejoinder_intro_noble_sadistic|Може, мені забрати ваш стяг? А заодно вашу худобу, та й життя в додачу.
str_rejoinder_intro_female_pitiless_admiring|Я із задоволенням зіпсую ваш милий носик.
str_rejoinder_intro_female_common_upstanding|Хочете перевірити, наскільки ніжна моя сталь?
str_rejoinder_intro_female_noble_upstanding|Хочете перевірити, наскільки ніжна моя сталь?
str_rejoinder_intro_female_common_martial|Якщо вже шукати собі чоловіка, то не в такій халупі.
str_rejoinder_intro_female_sadistic_admiring|Розумом ви могли б посперечатися з кінською збруєю, але от виграти суперечку?
str_rejoinder_intro_female_badtempered_admiring|Якщо вас так турбує мій зовнішній вигляд, я можу вам очі виколоти.
str_comment_you_raided_my_village_enemy_benevolent|Ви напали на беззахисних фермерів у селі {s51}. Вони були під моїм захистом, і я покараю Вас за це!
str_comment_you_raided_my_village_enemy_spiteful|Ви напали на моє село {s51}, знищили мою власність й убили людей! За це Ви заплатите кров'ю!
str_comment_you_raided_my_village_enemy_coldblooded|Ви напали на {s51}, моє село, знищили мою власність і вбили людей! Наступного разу Ви не зможете так легко позбавити мене майна.
str_comment_you_raided_my_village_enemy|Ви напали на {s51}, моє село, знищили мою власність і вбили людей, що перебували під моїм захистом! Ви заплатите за свій злочин!
str_comment_you_raided_my_village_unfriendly_spiteful|Ви напали на моє село {s51}. Нападете ще раз, і я випатраю Вас, наче рибу!
str_comment_you_raided_my_village_friendly|Ви напали на моє село {s51}! Тепер нашій дружбі кінець!
str_comment_you_raided_my_village_default|Ви напали на моє село {s51}. Якщо так піде далі, ми станемо ворогами.
str_comment_you_stole_cattles_from_my_village_enemy_benevolent|Кажуть, ви викрали худобу в невинних селян із села {s51}, а воно під моїм захистом. Я покараю вас за таку зухвалість!
str_comment_you_stole_cattles_from_my_village_enemy_spiteful|Кажуть, ви викрали худобу у моїх селян із села {s51}, але ж це їх власність. Ви заплатите за цей ганебний вчинок!
str_comment_you_stole_cattles_from_my_village_enemy_coldblooded|Кажуть, ви викрали худобу у моїх селян із села {s51}! Наступного разу ви двічі подумаєте, перш ніж зважитися на таке!
str_comment_you_stole_cattles_from_my_village_enemy|Кажуть, ви викрали худобу у моїх селян із села {s51}, але це їх власність. Ви заплатите за цей ганебний вчинок!
str_comment_you_stole_cattles_from_my_village_unfriendly_spiteful|Кажуть, ви викрали худобу у моїх селян із села {s51}! Якщо це повториться, то я випатраю вас як рибу!
str_comment_you_stole_cattles_from_my_village_friendly|Кажуть, ви викрали худобу у моїх селян із села {s51}! Тепер нашій дружбі кінець!
str_comment_you_stole_cattles_from_my_village_default|Кажуть, ви викрали худобу у моїх селян із села {s51}! Якщо таке буде продовжуватися і далі, то ми станемо ворогами!
str_comment_you_robbed_my_village_enemy_coldblooded|Ви пограбували моїх людей у селі {s51}. Я сприймаю це як особисту образу!
str_comment_you_robbed_my_village_enemy|Ви пограбували невинних фермерів у селі {s51}, а вони знаходяться під моїм захистом! Я покараю вас за це лиходійство!
str_comment_you_robbed_my_village_friendly_spiteful|Мені сказали, що ви взяли трохи харчів у моїх підданих в селі {s51}. Що ж, не буду засуджувати вас за цю дрібницю, але все ж пам'ятаєте, що їх скарги доводиться вислуховувати саме мені.
str_comment_you_robbed_my_village_friendly|Мені сказали, що ви вилучили деякі припаси у моїх людей в селі {s51}. Навряд чи ви вчинили б так без крайньої потреби.
str_comment_you_robbed_my_village_default|Ви пограбували моїх людей в селі {s51}. Якщо так піде і далі, ми скоро станемо ворогами!
str_comment_you_accosted_my_caravan_enemy|Ви нападаєте на каравани, що знаходяться під моїм захистом, але скоро вашим грабежам прийде кінець.
str_comment_you_accosted_my_caravan_default|Ви нападаєте на каравани, що знаходяться під моїм захистом. Я вимагаю негайно це припинити.
str_comment_you_helped_villagers_benevolent|Мені сказали, що ви допомогли моїм людям в селі {s51}. Зізнатися, я нехтую своїми обов'язками пана і захисника, тому високо ціную ваш вчинок.
str_comment_you_helped_villagers_friendly_cruel|Мені сказали, що ви допомогли моїм людям в селі {s51}. Спасибі, звичайно, але все ж не варто більше підривати мій авторитет.
str_comment_you_helped_villagers_friendly|Мені сказали, що ви допомогли моїм людям в селі {s51}. Зараз важкі часи, і ви зробили це з добрими намірами, так що я не заперечую проти вашої допомоги.
str_comment_you_helped_villagers_unfriendly_spiteful|Мені сказали, що ви допомогли моїм людям в селі {s51}. Я вважаю, що ви просто хочете втертися в довіру до моїх васалів, тому прошу вас не лізти не в свої справи.
str_comment_you_helped_villagers_cruel|Мені сказали, що ви допомогли моїм людям в селі {s51}. Я - пан і захисник цих людей, і допомагати їм у скруті - мій обов'язок. Може, ви хотіли як краще, але такі дії підривають мій авторитет, тому попрошу вас залишити їх у спокої.
str_comment_you_helped_villagers_default|Мені сказали, що ви допомогли моїм людям в селі {s51}. Зараз важкі часи, і ви зробили це з добрими намірами, але все ж не заводьте такої звички. Я не хочу, щоб вони просили про допомогу незнайомців.
str_comment_you_give_castle_in_my_control|Ви не пошкодуєте про рішення передати {s51} мені. Тепер він під моїм захистом, можете на мене розраховувати.
str_comment_you_captured_a_castle_allied_friendly|Мені сказали, що ви взяли в облогу і захопили {s51}. Відмінна робота, я вами пишаюся!
str_comment_you_captured_a_castle_allied_spiteful|Мені сказали, що ви взяли в облогу і захопили {s51}. Відмінна робота! Скоро ми разграбуємо всі їхні фортеці, заберемо їх скарби, а їх невтішні вдови будуть подавати нам вино!
str_comment_you_captured_a_castle_allied_unfriendly_spiteful|Мені сказали, що ви взяли в облогу і захопили {s51}. Ну що ж, як кажуть, на кожній вулиці буває свято. Насолоджуйтеся перемогою, поки можете: скоро такі ж, як ви, втопчуть вас назад у бруд, звідки ви виповзли!
str_comment_you_captured_a_castle_allied_unfriendly|Мені сказали, що ви осадили і захопили {s51}. Що б там не було між нами в минулому, вітаю вас з перемогою!
str_comment_you_captured_a_castle_allied|Мені сказали, що ви осадили і захопили {s51}. Так їм і треба!
str_comment_you_captured_my_castle_enemy_spiteful|Кажуть, ви вторглися в мої володіння {s51}. Сподіваюся, ви любите в'язниці, тому що вам доведеться провести там найближчі кілька років.
str_comment_you_captured_my_castle_enemy_chivalrous|Ви зайняли {s51}, а це моє володіння. Сподіваюся, що ви дасте мені шанс відібрати його назад!
str_comment_you_captured_my_castle_enemy|{s51} належить мені, і я неодмінно відвоюю свою власність!
str_comment_we_defeated_a_lord_unfriendly_spiteful|Думаю, ви не відмовитеся випити за нашу перемогу над {s54}? Втім, щоб змити ваші попередні злочини, вина буде мало.
str_comment_we_defeated_a_lord_unfriendly|Я завжди буду пам'ятати нашу спільну битву проти {s54}, але я не забуду й іншого, що було між нами.
str_comment_we_defeated_a_lord_cruel|Хто б міг подумати, що {s54} зазнає такої нищівної поразки? Тепер на останках його армії бенкетують ворони.
str_comment_we_defeated_a_lord_quarrelsome|Я ніколи не забуду, як ми розгромили {s54}!
str_comment_we_defeated_a_lord_upstanding|Я завжди буду пам'ятати нашу чудову перемогу над {s54}. Давайте ще раз подякуємо небесам і помолимось про те, щоб не загордитися понад міру.
str_comment_we_defeated_a_lord_default|Ми розгромили {s54}! Для мене було великою честю битися поруч з вами.
str_comment_we_fought_in_siege_unfriendly_spiteful|Пам'ятаєте {s51}? Думаю, ви не відмовитеся випити за нашу перемогу. Хоча, щоб змити ваші попередні злочини, вина буде мало.
str_comment_we_fought_in_siege_unfriendly|Я завжди буду пам'ятати штурм {s51}, але я не забуду й іншого, що було між нами.
str_comment_we_fought_in_siege_cruel|Я ніколи не забуду, як ми пробилися через стіни {s51} і познойомили захисників з нашими мечами. Чудові спогади!
str_comment_we_fought_in_siege_quarrelsome|Пам'ятаєте, як кричали вороги, коли ми захопили стіни {s51}? Вони думали, що їм нічого не загрожує, але ми швидко їх у цьому переконали.
str_comment_we_fought_in_siege_upstanding|Разом, ми зуміли захопити {s51}. Давайте ще раз подякуємо небесам і помолимось про те, щоб не загордитися понад міру.
str_comment_we_fought_in_siege_default|{s51} тепер за нами! Для мене було великою честю битися поруч з вами.
str_comment_we_fought_in_major_battle_unfriendly_spiteful|Пам'ятаєте нашу перемогу біля {s51}? Думаю, ви не відмовитеся за неї випити. Хоча, щоб змити ваші попередні злочини, вина буде мало.
str_comment_we_fought_in_major_battle_unfriendly|Я завжди буду пам'ятати велику битву біля {s51}, але я не забуду й іншого, що було між нами.
str_comment_we_fought_in_major_battle_cruel|Я ніколи не забуду, як ми зламали ворожий стрій біля {s51}, і супротивник утікав від нас, стрімголов. Чудові спогади!
str_comment_we_fought_in_major_battle_quarrelsome|Ах, велика битва біля {s51}! Загадайте лише, як бігли наші вороги!
str_comment_we_fought_in_major_battle_upstanding|Я не забуду, як ми билися пліч-о-пліч у великій битві біля {s51}. Давайте ще раз подякуємо небесам і помолимось про те, щоб не загордитися понад міру.
str_comment_we_fought_in_major_battle_default|Ми перемогли, наш ворог розбитий вщент! Для мене було великою честю битися поруч з вами біля {s51}.
str_comment_you_defeated_a_lord_allied_liege|Значить, ви воювали з цим негідником {s54} і вийшли переможцем? Що ж, це чудова новина!
str_comment_you_defeated_a_lord_allied_unfriendly_spiteful|Мені казали, що ви розбили {s54}. Радійте, поки можете.
str_comment_you_defeated_a_lord_allied_spiteful|Хм, так, значить, ви побили цього пса {s54} в бою? Відмінно! От би послухати, як він молив про пощаду!
str_comment_you_defeated_a_lord_allied_unfriendly_chivalrous|Мені сказали, що {s54} програв вам бій. Сподіваюся, ви боролися чесно?
str_comment_you_defeated_a_lord_allied|Мені сказали, що {s54} програв Вам у битві. Що ж, вітаю з перемогою!
str_comment_you_defeated_me_enemy_chivalrous|Не стану затьмарювати вам радість останньої перемоги, але мені не терпиться взяти реванш!
str_comment_you_defeated_me_enemy_spiteful|Я чекав нашої зустрічі. Наступного разу Вам не вдасться мене обдурити, і я змушу Вас благати про пощаду!
str_comment_you_defeated_me_enemy|Коли ми бачилися востаннє, {playername}, Ви перемогли. Запевняю Вас, більше такого не повториться!
str_comment_i_defeated_you_enemy_spiteful|Мало Вам? Ось воюватимемо ще раз, і я згодую Ваші тельбухи собакам!
str_comment_i_defeated_you_enemy_chivalrous|Знову вирішили битися зі мною, {playername}?
str_comment_i_defeated_you_enemy_benevolent|Повернулися? Невже уроки не йдуть Вам на користь?
str_comment_i_defeated_you_enemy_coldblooded|Ви наполегливі, але вельми настирливі.
str_comment_i_defeated_you_enemy|Скільки разів мені ще потрібно перемогли Вас, аби Ви залишили мене у спокою?
str_comment_we_were_defeated_unfriendly_spiteful|Коли ми бачилися востаннє, на Вас напали люди {s54}. Дуже шкода, що Ви вціліли.
str_comment_we_were_defeated_unfriendly|Коли ми бачилися востаннє, на Вас напали люди {s54}. Як я бачу, Вам удалося вціліти.
str_comment_we_were_defeated_cruel|Коли ми бачилися востаннє, на Вас напали люди {s54}. Не хвилюйтеся, ми знайдемо його і змусимо пошкодувати про свою перемогу.
str_comment_we_were_defeated_default|Коли ми бачилися востаннє, на вас напали люди {s54}. Добре, що з Вами гаразд!
str_comment_you_were_defeated_allied_friendly_spiteful|До мене дійшла чутка, що {s54} нам'яв Вам боки. Але не хвилюйтеся, мій друже - я знайду його і принесу Вам його голову.
str_comment_you_were_defeated_allied_unfriendly_cruel|До мене дійшла чутка, що {s54} перерізав Ваших людей наче овець. Але Ви ось, стоїте перед мною - і живі. Як шкода!
str_comment_you_were_defeated_allied_spiteful|Мені сказали, що {s54} розтоптав Вас, як мурах. Ха! Нічого лізти в дорослі ігри, {хлопчику/дівчинко}.
str_comment_you_were_defeated_allied_pitiless|Мені сказали, що {s54} переміг Вас і розбив Вашу армію. Дуже шкода...
str_comment_you_were_defeated_allied_unfriendly_upstanding|Ходять чутки, що {s54} переміг вас. Можливо, Вам варто задуматися - а може самі небеса карають Вас?
str_comment_you_were_defeated_allied_unfriendly|Мені сказали, що {s54} переміг Вас. Послухайте, узагалі-то людей треба берегти, розумієте?
str_comment_you_were_defeated_allied|Мені сказали, що {s54} переміг Вас. Але дужайте - незабаром все зміниться!
str_comment_you_helped_my_ally_unfriendly_chivalrous|Мені сказали, що ви врятували {s54} від поразки. Якию б не була моя думка про вас, за це я можу тільки похвалити.
str_comment_you_helped_my_ally_liege|Мені сказали, що ви врятували мого васала {s54} від вірної поразки.
str_comment_you_helped_my_ally_unfriendly_spiteful|Мені розповідали, як ви примчали на допомогу {s54}. Думали, він сам не впорається? Не переживайте, багато хто допускав цю помилку.
str_comment_you_helped_my_ally_spiteful|Мені сказали, що ви врятували {s54} від ганебної поразки... Думаю, ви повинні були дозволити йому отримати цей урок.
str_comment_you_helped_my_ally_chivalrous|Мені сказали, що ви підтримали {s54} у важку хвилину. Дуже благородно з вашого боку.
str_comment_you_helped_my_ally_default|Мені сказали, що ви підтримали {s54} у важку хвилину. Велике спасибі!
str_comment_you_abandoned_us_unfriendly_spiteful|Нікчема! Кинули нас на поталу {s54}! Ви - мерзота!
str_comment_you_abandoned_us_unfriendly_pitiless|Якщо мені не зраджує пам'ять, ви кинули мене в бою з {s54}. Сподіваюся, вас поховають як зрадника.
str_comment_you_abandoned_us_spiteful|Ви зникли в самий розпал бою з {s54}! Сподіваюся, у вас є гідне пояснення. Що, жилки затрусилися? Зброя від страху вислизнула з рук?
str_comment_you_abandoned_us_chivalrous|У чому справа? Ви зникли з очей у самий розпал бою з {s54}! Сподіваюся, ви були важко поранені, інакше вас на все життя затаврують ганьбою.
str_comment_you_abandoned_us_benefitofdoubt|У чому справа? Ви зникли з очей у самий розпал бою з {s54}! Думаю, ви були поранені, хоча все одно це виглядає підозріло.
str_comment_you_abandoned_us_default|У чому справа? Спочатку ви билися разом з нами проти {s54}, а потім просто зникли!
str_comment_you_ran_from_me_enemy_spiteful|Коли ми бачилися востаннє, ви втекли від мене, підтиснувши хвоста. Повернулися знову гавкати на мене, чи молити про пощаду?
str_comment_you_ran_from_me_enemy_chivalrous|В минулий раз ви втекли від мене. Навчіться вести себе гідно!
str_comment_you_ran_from_me_enemy_benevolent|Коли ви втекли від мене в останній раз, у мене зежевріла надія, що мені не доведеться битися з вами знову.
str_comment_you_ran_from_me_enemy_coldblooded|В минулий раз ви втекли від мене це було дуже розумно з вашого боку.
str_comment_you_ran_from_me_enemy|В минулий раз вам вдалося від мене втекти, але більше вам такої удачі не випаде.
str_comment_you_ran_from_foe_allied_chivalrous|Ходять чутки, що Ви втекли від {s54}, залишивши всіх своїх людей. Сподіваюся, що це брехня, тому що інакше ганьба ляже на всіх нас.
str_comment_you_ran_from_foe_allied_upstanding|Ходять чутки, що {s54} змусив вас тікати з поля бою, полишивши людей. Зазвичай я не вірю у подібні плітки і знаю, що у відчайдушних ситуаціях люди йдуть на відчайдушні заходи. Однак я прошу Вас берегти своє добре ім'я, тому що солдати не битимуться за того, хто кидає їх у бою.
str_comment_you_ran_from_foe_allied_spiteful|До речі, ходять чутки, що Ви втекли від {s54} наче боягузливий заєць, залишивши своїх людей на втіху ворогові. От би подивитися на це!
str_comment_you_defeated_my_friend_enemy_pragmatic|{s54} Вам, може й не суперник, але всіх нас Вам не перемогти!
str_comment_you_defeated_my_friend_enemy_chivalrous|Мені сказали, що {s54} як суперник Вам не рівня, і відтоді мені не терпиться схрестити з Вами мечі.
str_comment_you_defeated_my_friend_enemy_spiteful|Ваша слава біжить попереду Вас, {playername}. Можливо, Ваші фокуси допомогли перемогти Вам {s54}, але я - куди більш небезпечний суперник.
str_comment_you_defeated_my_friend_enemy|Ходять чутки, що Ви перемогли {s54}, але я все одно хочу зійтися з Вами на полі бою.
str_comment_you_captured_a_lord_allied_friendly_spiteful|Ходять чутки, що Ви взяли у полон {s54}. Сподіваюся, ви вичавили з нього все до останнього динара.
str_comment_you_captured_a_lord_allied_unfriendly_spiteful|Ходять чутки, що Ви взяли у полон {s54}. Напевне, Ваші скрині тепер ломляться від здобичі, але простолюдинові не купити собі благородства за жодні гроші!
str_comment_you_captured_a_lord_allied_chivalrous|Ходять чутки, що Ви взяли у полон {s54}. Це добре. Уважаю, що з ним поводилися згідно з його статусом?
str_comment_you_captured_a_lord_allied|Ходять чутки, що Ви взяли в полон {s54}. Це добре. За нього можна отримати чудовий викуп.
str_comment_you_let_go_a_lord_allied_chivalrous|Мені сказали, що {s54} потрапив до Вас у полон, але Ви його відпустили. Таке благородство нам лише на користь.
str_comment_you_let_go_a_lord_allied_upstanding|Мені сказали, що {s54} потрапив до Вас у полон, але Ви його відпустили. Дуже гідний вчинок, але також і небезпечний.
str_comment_you_let_go_a_lord_allied_coldblooded|Мені сказали, що {s54} потрапив до Вас у полон, але Ви його відпустили. Дуже благородно з Вашого боку, але війни виграються аж ніяк не благородством.
str_comment_you_let_go_a_lord_allied_unfriendly_spiteful|Мені сказали, що {s54} потрапив до Вас у полон, але Ви його відпустили. Яке благородство! Безсумнівно, вдови і сироти, яких він залишить на своєму шляху, захочуть подякувати Вам особисто.
str_comment_you_let_go_a_lord_allied|Мені сказали, що {s54} потрапив до Вас у полон, але Ви його відпустили. Що ж, Вам вирішувати, як чинити з власними полоненими.
str_comment_you_let_me_go_spiteful|Під час нашої останньої зустрічі Ви зглянулися наді мною й відпустили на свободу. Сподіваюся, Вам сподобалося грати зі мною в квача, але наступного разу принижувати Вас і вирішувати Вашу долю буду вже я!
str_comment_you_let_me_go_enemy_chivalrous|Під час нашої останньої зустрічі Ви зглянулися наді мною й відпустили на свободу. Це було вельми шляхетно з Вашого боку, і я цього не забуду. Але моя клятва лорду досі в силі, а наші королівства, на жаль, воюють.
str_comment_you_let_me_go_enemy_coldblooded|Під час нашої останньої зустрічі Ви зглянулися наді мною й відпустили на свободу. Але ми з Вами досі вороги, і я не можу обіцяти, що відплачу Вам тим же.
str_comment_you_let_me_go_enemy|Під час нашої останньої зустрічі Ви зглянулися наді мною й відпустили на свободу. Ви дуже добрі, але між нами досі війна, не забувайте.
str_comment_you_let_me_go_default|Під час нашої останньої зустрічі Ви зглянулися наді мною й відпустили на свободу. Ви дуже добрі, і, дяка богу, наші королівства більше не воюють.
str_comment_pledged_allegiance_allied_martial_unfriendly|Ходять чутки, що Ви присягнули на вірність нашому Королю. Прошу, не зганьбіть нас боягузливими вчинками.
str_comment_pledged_allegiance_allied_martial|Ходять чутки, що Ви присягнули на вірність нашому королівству. Мені не терпиться піти з Вами на бій проти ворога!
str_comment_pledged_allegiance_allied_quarrelsome_unfriendly|Ходять чутки, що Ви присягнули на вірність нашому Королю. Тьху. Будьте люб'язні, тримайтеся від мене подалі.
str_comment_pledged_allegiance_allied_quarrelsome|Ходять чутки, що Ви присягнули на вірність нашому Королю. Боріться з ворогами, поважайте командування, не сваріться зі мною - і все у Вас буде чудово.
str_comment_pledged_allegiance_allied_selfrighteous_unfriendly|Ходять чутки, що Ви присягнули на вірність нашому Королю. На його місці я б Вас і посуд мити не пустив.
str_comment_pledged_allegiance_allied_selfrighteous|Ходять чутки, що Ви присягнули на вірність нашому Королю. Боріться хоробро - і отримаєте нагороду. Якщо ж Ви зрадите нас - ми на Вашому прикладі покажемо всім, що так робити не можна.
str_comment_pledged_allegiance_allied_cunning_unfriendly|Ходять чутки, що Ви присягнули на вірність нашому королівству. Мені це не подобається, але, гадаю, краще, коли Ви будете з нами, аніж проти нас.
str_comment_pledged_allegiance_allied_cunning|Ходять чутки, що Ви присягнули на вірність нашому королівству. Це добре. Чим більше досвідчених солдатів буде у нас в цей складний час, тим краще. Я буду спостерігати за вами.
str_comment_pledged_allegiance_allied_debauched_unfriendly|Ходять чутки, що Ви присягнули на вірність нашому Королю. Безсумнівно, незабаром Ви його зрадите, а я із задоволенням подивлюся, як Вас стратять за зраду.
str_comment_pledged_allegiance_allied_debauched|Ходять чутки, що Ви присягнули на вірність нашому Королю. Чудово... Гадаю, ми з Вами швидко станемо добрими друзями. Але пам'ятайте - якщо Ви нас зрадите, це стане найбільшою помилкою у Вашому житті.
str_comment_pledged_allegiance_allied_goodnatured_unfriendly|Ходять чутки, що Ви присягнули на вірність нашому Королю. Що ж, не можу сказати, що я Вам довіряю, але нашому головуючому видніше.
str_comment_pledged_allegiance_allied_goodnatured|Ходять чутки, що Ви присягнули на вірність нашому Королю. Знайте ж, що наш пан - вельми шляхетна людина, і за відданість він платить добротою та щедрістю!
str_comment_pledged_allegiance_allied_upstanding_unfriendly|Ходять чутки, що Ви присягнули на вірність нашому корлевству. На жаль, я знаю про Вас занадто багато, аби ставитися до Вас добре. Утім, сподіваюся, що у мене хибні відомості щодо Вас.
str_comment_pledged_allegiance_allied_upstanding|Ходять чутки, що Ви присягнули на вірність нашому Королю. Боріться з нашими ворогами без страху, не забуваючи про честь і милосердя. Добре ім'я так само цінне, як гострий меч і швидкий кінь.
str_comment_our_king_granted_you_a_fief_allied_friendly_cruel|Ходять чутки, що {s54} нагородив Вас і надав Вам у володіння {s51}. Не забувайте, пошкодуєте батога - зіпсуєте селян!
str_comment_our_king_granted_you_a_fief_allied_friendly_cynical|Ходять чутки, що {s54} нагородив Вас і надав Вам у володіння {s51}. Бажаю Вам усілякого процвітання, але будьте обережні! Люди злі, заздрісні та жадібні до чужого багатства. Тримайтеся ближче до мене, і будете у безпеці.
str_comment_our_king_granted_you_a_fief_allied_friendly|Ходять чутки, що {s54} нагородив вас, і {s51} тепер ваше маєток. Бажаю вашим новим землям усілякого процвітання!
str_comment_our_king_granted_you_a_fief_allied_unfriendly_upstanding|Ходять чутки, що {s54} нагородив Вас і надав Вам у володіння {s51}. Але прошу не забувати, що гордість - перший провісник падіння.
str_comment_our_king_granted_you_a_fief_allied_unfriendly_spiteful|Ходять чутки, що {s54} нагородив Вас і надав Вам у володіння {s51}. Однак я думаю, що багатство дається Вам лише для того, аби за ним було болісне приниження, коли пан шпурне Вас назад до багна, з якого Ви вийшли.
str_comment_our_king_granted_you_a_fief_allied_spiteful|Ходять чутки, що {s54} нагородив Вас і надав Вам у володіння {s51}. Будемо сподіватися, що Ви й справді заслужили таку милість.
str_comment_our_king_granted_you_a_fief_allied|Ходять чутки, що {s54} нагородив Вас і надав Вам у володіння {s51}. Бачу, що справи у вас йдуть непогано.
str_comment_you_renounced_your_alliegance_enemy_friendly|Ходять чутки, що Ви відмовилися від присяги нашому пану {s54}, і ми тепер вороги. Мені гірко від того, що нам доведеться зійтися на полі бою.
str_comment_you_renounced_your_alliegance_friendly|Ходять чутки, що Ви відмовилися від присяги нашому пану {s54}, і ми тепер вороги. Будемо сподіватися, що до війни справа не дійде.
str_comment_you_renounced_your_alliegance_unfriendly_spiteful|Мені завжди здавалося, що Ви зрадите {s54} - так воно й вийшло! Сподіваюся, Ви готові прийняти ганебну смерть!
str_comment_you_renounced_your_alliegance_unfriendly_moralizing|Ходять чутки, що Ви відмовилися від присяги нашому пану {s54}, і ми тепер вороги. Як на мене, Ви вчинили підло.
str_comment_you_renounced_your_alliegance_enemy|Ходять чутки, що Ви щось не поділили з нашим паном. На жаль, старі друзі нерідко стають ворогами.
str_comment_you_renounced_your_alliegance_default|Ходять чутки, що Ви та наш пан {s54} тепер вороги. Що ж, це Ваша особиста справа, але на полі бою від мене пощади не чекайте.
str_comment_you_claimed_the_throne_1_player_liege|Мої інформатори повідомляють, що частина населення цієї країни вважає Вас {майбутнім королем/майбутньою королевою}. Гадаю, Ви швидко покладете край цим поширеним і небезпечним розмовам.
str_comment_you_claimed_the_throne_2_player_liege|Мої інформатори повідомляють, що люди з Вашого оточення розповідають селянам про Ваші права на трон. Я щиро сподіваюся, що вони діють за власним рішенням, без Ваших на те вказівок.
str_comment_lord_intervened_against_me|Багатьом відомо про те, що {s54} у сварці зі мною, а {s50} заручився милістю мого ворога.
str_comment_i_protested_marshall_appointment|Багатьом відомо про те, що я оскаржую рішення {s54} про призначення {s51} головнокомандувачем.
str_comment_i_blamed_defeat|Багатьом відомо про те, що я не жалую {s54} за його прихильність до {s51}. Адже це призведе до поразки у війні з {s56}.
str_comment_i_was_entitled_to_fief|Багатьом відомо про те, що я злюся на {s51} за те, що {s54} отримав земельний наділ. Адже земля повинна була стати моєю!
str_comment_i_quarreled_with_troop_over_woman|Багатьом відомо про те, що {s51} надає різні знаки уваги {s54}, адже я теж до неї прихильний. Він не вартий уваги дами і отримає від мене урок гарних манер.
str_comment_i_quarreled_with_you_over_woman_default|Ходять чутки, що ви припидаєте за {s54}. Я не вважаю вас людиною, гідною цієї дами. Дуже раджу вам припинити її переслідувати.
str_comment_i_quarreled_with_you_over_woman_derisive|Ходять чутки, що ви припадаєте за пані {s54}. Дозвольте сказати вам ось що: я поклав на цю даму око ще з босоногого дитинства. Ця пані - гідна дочка наших земель. Їй не пристало приятелювати з усякими варварами. Тримайтеся від неї подалі, не пошкодуєте!
str_comment_player_suggestion_succeeded|Дякую, ваша пропозиція виявилася досить до речі.
str_comment_player_suggestion_failed|Ваша пропозиція обернулося справжнім лихом. Це ви в усьому винні.
str_comment_you_enfiefed_a_commoner_hesitant|Як я розумію, ви віддали {s51} цьому простолюдину {s54}. Будьте обережніше, навчитися мистецтву правління не так вже й легко. Найкраще такі уроки передаються у спадок від батька до сина. Раджу не руйнувати звичний нам устрій правління.
str_comment_you_enfiefed_a_commoner_derisive|Як я розумію, ви віддали {s51} цьому простолюдину {s54}. Хіба стародавні не говорили, наскільки шкідливо метати бісер перед свинями?
str_comment_you_enfiefed_a_commoner_nasty|Як я розумію, ви віддали {s51} цьому простолюдину {s54}. Будьте обережні! Собака легко може вкусити свого господаря.
str_comment_marriage_normal_family|Вітаю з весіллям! Поєднавши свою долю з моєю {s11} {s50}, Ви стали частиною сім'ї!
str_comment_marriage_normal|Вітаю, ви і {s50} зв'язали себе непорушними узами шлюбу. Це буде на користь Вам обом.
str_comment_marriage_normal_nasty|Що ж, ви і {s50} все-таки зважилися зв'язати своє життя. Вона завжди була дурненькою і погано розбиралася в людях.
str_comment_marriage_elopement_family|Гм... як Вам вдалося умовити мою {s11} {s50} вийти за вас заміж. Вже не знаю, як ви цього досягли, але наша сім'я не простить вам такого приниження.
str_comment_marriage_elopement_liege|Ходять чутки, що Ви втекли разом із {s50} всупереч волі її сім'ї. Не скажу, що ця звістка мені приємна. Її сімейство належить до одного з кращих родів моєї країни, а мені не подобається, коли такі люди виявляються в дурнях.
str_comment_you_broke_truce_as_my_vassal|Ходять чутки, що Ви порушили моє перемир'я і напали на {s55}. Ви хоч розумієте, що збезчестили мене в очах інших домів? Сказати, що ви діяли на моїм указом, значить покрити своє ім'я ганьбою. Зізнатися, що напали самі по собі - значить оголосити себе слабаком. Я вже подумую звинуватити вас у зраді.
str_comment_you_attacked_neutral_as_my_vassal|Ходять чутки, що Ви напали на {s55}. Тепер у них є привід напасти на мене... Подивимося, що з цього вийде. Так, сьогодні ви потрудилися на славу!
str_personality_archetypes|васал
str_martial|солдат
str_quarrelsome|з кепським характером
str_selfrighteous|не знає жалю
str_cunning|хитрун
str_debauched|садист
str_goodnatured|доброї душі
str_upstanding|чесної душі
str_roguish|плут
str_benevolent|благодійник
str_mercantile|користолюбець
str_surrender_demand_default|Здавайся або помреш!
str_surrender_demand_martial|Сьогодні Вам не пощастило. Можете продовжувати бій, але якщо Ви здастеся, це також буде гідним вчинком.
str_surrender_demand_quarrelsome|Виходу у Вас немає. Здавайтеся, або помрете, як собака!
str_surrender_demand_pitiless|Вам мене не перемогти, а якщо спробуєте, я Вас провчу як слід. Здавайтеся!
str_surrender_demand_cunning|Сьогодні чисельна перевага не на Вашому боці. Здавайтеся - як не про себе, так про своїх людей подумайте!
str_surrender_demand_sadistic|Здавайся, бо ж випатраю, як рибу!
str_surrender_demand_goodnatured|Нас більше. Здавайтеся, і ми помилуємо Вас.
str_surrender_demand_upstanding|Можете битися, але багато хто з Ваших солдат будуть убиті, а Ви з великою ймовірністю зазнаєте поразки. Здавайтеся, не потрібно безглуздо проливати кров.
str_surrender_offer_default|Стійте! Я здаюся!
str_surrender_offer_martial|Стійте! Я здаюся!
str_surrender_offer_quarrelsome|Вистачить! Гаразд, сьогодні Ви перемогли! Тьфу, най би Вас!
str_surrender_offer_pitiless|Здаюся, Ви перемогли. Прокляття!
str_surrender_offer_cunning|Годі крові! Я здаюся!
str_surrender_offer_sadistic|Здаюся, здаюся! Відкличте своїх псів!
str_surrender_offer_goodnatured|Здаюся! Вітаю з перемогою, {пане/пані}.
str_surrender_offer_upstanding|Здаюся! Сподіваюся, Ви поведетеся зі мною справедливо!
str_lord_declines_negotiation_offer_default|Шкодую, але мені доведеться битися з Вами.
str_lord_declines_negotiation_offer_martial|Шкодую, але Ви змушуєте мене з Вами битися.
str_lord_declines_negotiation_offer_quarrelsome|Ха! Я збираюся нам'яти Вам боки!
str_lord_declines_negotiation_offer_pitiless|А мені-то що? Я хочу з Вами битися.
str_lord_declines_negotiation_offer_cunning|А-а. Оце халепа... Я Вас викликаю. 
str_lord_declines_negotiation_offer_sadistic|Прикусіть язика! Він Вам незабаром знадобиться, аби благати про пощаду.
str_lord_declines_negotiation_offer_goodnatured|Вибачте, але я не можу просто взяти й відпустити Вас. Без образ?
str_lord_declines_negotiation_offer_upstanding|Хотілося б, але у мене є зобов'язання перед паном. Доведеться битися.
str_prisoner_released_default|Дякую, {пане/пані}. Я не забуду Вашої доброти.
str_prisoner_released_martial|Ви неймовірно благородні, {пане/пані}. Я не забуду цього!
str_prisoner_released_quarrelsome|Відпускаєте? Ну що ж... До побачення.
str_prisoner_released_pitiless|Дякую. Коли Ви програєте, я попрохаю про швидку й легку смерть для Вас. Якщо, звичайно, Ви не перейдете на наш бік. А поки що - прощавайте!
str_prisoner_released_cunning|Так? Ви дуже ласкаві, {пане/пані}. Я обов'язково віддячу Вам.
str_prisoner_released_sadistic|Так? Ви настільки жорстокі, що надаєте перевагу принизити мене свободою, аніж закувати в кайдани? Що ж, тріумфуйте!
str_prisoner_released_goodnatured|Ви неймовірно благородні, {пане/пані}. Я не забуду цього!
str_prisoner_released_upstanding|Ви неймовірно благородні, {пане/пані}. Я не забуду цього!
str_enemy_meet_default|Хто Ви, власне, що йдете на мене війною?
str_enemy_meet_martial|Як Вас звуть, {пане/пані}? Хотілося б знати Ваше ім'я на випадок, якщо доведеться битися.
str_enemy_meet_quarrelsome|А Ви ще хто такий?
str_enemy_meet_pitiless|Хто Ви? Кажіть, я бажаю знати, кого вбиваю.
str_enemy_meet_cunning|Назвіть своє ім'я, я бажаю знати свого ворога.
str_enemy_meet_sadistic|Хто Ви? Відповідайте, бо ж виріжу язика!
str_enemy_meet_goodnatured|Як Вас звуть, {пане/пані}? Хотілося б знати Ваше ім'я на випадок, якщо доведеться битися.
str_enemy_meet_upstanding|Хто Ви такий, що дозволяєте собі заважати нашій праведній справі зі зброєю в руках?
str_battle_won_default|Сьогодні Ви показали себе як найвірніший союзник!
str_battle_won_martial|Немає більшого щастя, ніж як слід проявити себе на полі бою!
str_battle_won_quarrelsome|Ха! Знатно ми провчили цих недоумків, а?
str_battle_won_pitiless|Разом ми вселимо жах в серця ворога, і він буде вити від страху при нашій появі!
str_battle_won_cunning|Тепер ми повинні закріпити успіх, щоб сьогоднішнє кровопролиття не було марним.
str_battle_won_sadistic|Тепер треба обібрати їх мерців і залишити на поталу воронню - нехай знають, як воювати з нами!
str_battle_won_goodnatured|Відмінний був бій! Немає нічого солодшого перемоги, правда ж?
str_battle_won_upstanding|Дяка небесам за перемогу і оплачем долю всіх полеглих.
str_battle_won_grudging_default|Сьогодні ви допомогли змінити хід бою. Якою б не була моя думка про вас, за це я не можу вас звинувачувати.
str_battle_won_grudging_martial|{playername}, незважаючи на всі ваші минулі гріхи, сьогодні ви проявили себе як істинно вірний союзник!
str_battle_won_grudging_quarrelsome|Хм. Не скажу, що мені приємно бачити вас, але, думаю, треба подякувати вам за допомогу.
str_battle_won_grudging_pitiless|Ваша допомога - безцінна. Мені б ніколи не прийшла до голови думка про те, що Ви здатні прийти мені на допомогу, але, тим не менш, дякую.
str_battle_won_grudging_cunning|Гадаю, вартувало б подякувати Вам за те, що допомогли мені в скрутну хвилину, тому... Дякую.
str_battle_won_grudging_sadistic|О, як зворушливо - {playername} поспішає на допомогу!
str_battle_won_grudging_goodnatured|{playername}! В минулому ми не дуже ладнали, але сьогодні ви билися чудово. Прийміть мою подяку!
str_battle_won_grudging_upstanding|Можливо, моя думка щодо вас була помилковою... Ви прийшли якраз вчасно, спасибі за це.
str_battle_won_unfriendly_default|О, ви тут. Що ж, краще пізно, ніж ніколи.
str_battle_won_unfriendly_martial|В минулому ми не дуже ладнали, але зараз давайте просто порадіємо перемозі!
str_battle_won_unfriendly_quarrelsome|Якщо чекаєте подяк, то чекайте собі далі. Ваша допомога була не особливо потрібна, та й у вас не було інших справ, еге ж?
str_battle_won_unfriendly_pitiless|Ви прийшли сюди як шакал на труп лева! Ну що ж, пригощайтеся, не буду вам заважати.
str_battle_won_unfriendly_cunning|{playername}... Що ж, думаю, ви тут не завадите, хоча не можу сказати, що мені приємно бачити вас.
str_battle_won_unfriendly_sadistic|Геть, стерв'ятник! Це моя перемога, і не думай навіть вкрасти хоч малу частину моєї слави!
str_battle_won_unfriendly_goodnatured|О, це ви. Ну що ж, думаю, треба подякувати вам за допомогу.
str_battle_won_unfriendly_upstanding|Спасибі, що прийшли до мене на допомогу. Мабуть, я піду, а то ще наговорю зайвого...
str_troop_train_request_default|Мені потрібен хтось, як ви, щоб привести їх у форму.
str_troop_train_request_martial|Їм потрібен той, хто пояснить їм всю значимість слави.
str_troop_train_request_quarrelsome|Товстопузі ледарі. Мене від них нудить!
str_troop_train_request_pitiless|Вони бояться ворога більше, ніж мене, а це не діло.
str_troop_train_request_cunning|Люди, як і мечі, загартовуються тільки у вогні!
str_troop_train_request_sadistic|Їм потрібен хтось зі стрижнем всередині, щоб зробити їх сміливіше або вбити на шляху до цього.
str_troop_train_request_goodnatured|Вони непогані хлопці, але, боюся, поки не готові до битв.
str_troop_train_request_upstanding|Вести їх у бій в такому стані рівносильно самогубству.
str_unprovoked_attack_default|Що? Навіщо ти нападаєш на нас? Ану кажи!
str_unprovoked_attack_martial|Я не супроти бою, але хочу запитати, навіщо Ви на нас напали?
str_unprovoked_attack_quarrelsome|Ти коїш велику помилку, {хлопче/дівчино}. Що це ти затіваєш?
str_unprovoked_attack_pitiless|Правда? Якщо ви вирішили сьогодні померти, я вам з радістю допоможу, але мені цікаво, що ж ви задумали?
str_unprovoked_attack_cunning|Та ну? Ви робите дуже нерозумно. Чого ви сподіваєтеся цим досягти?
str_unprovoked_attack_sadistic|Що це? Любиш, коли тобі очі виколупують?
str_unprovoked_attack_goodnatured|Навіщо ви це робите? Адже нам нема чого сваритися, {пане/пані}.
str_unprovoked_attack_upstanding|Я вважаю це незаконним нападом і поскаржуся вашому королю. Навіщо ви це робите?
str_unnecessary_attack_default|Якщо доведеться, я вб'ю вас без вагань, але спершу дам вам шанс врятуватися.
str_unnecessary_attack_martial|Я із задоволенням прийму ваш виклик, {пане/пані}, але все ж дам вам час передумати.
str_unnecessary_attack_quarrelsome|Тьху! У мене немає часу на дурниці! А ну з дороги!
str_unnecessary_attack_pitiless|Сьогодні у мене гарний настрій, і я прикинуся, що ви нічого не сказали.
str_unnecessary_attack_cunning|Не знаю, навіщо ви шукаєте зі мною ворожнечі. Може, вам краще просто виїхати?
str_unnecessary_attack_sadistic|Я не збираюся витрачати на тебе час, нікчемо. Геть з дороги!
str_unnecessary_attack_goodnatured|Не знаю, навіщо ви шукаєте зі мною бійки, {пане/пані}. Краще їдьте.
str_unnecessary_attack_upstanding|Якщо ви хочете бою, {пане/пані}, то ви його отримаєте, але спершу подумайте як слід.
str_lord_challenged_default|Як хочете. Готуйтесь до смерті!
str_lord_challenged_martial|Так і бути. Захищайтеся!
str_lord_challenged_quarrelsome|Зухвалий черв'як! Зараз отримаєш!
str_lord_challenged_pitiless|Якщо ви так хочете померти, то я не стану вам у цьому відмовляти.
str_lord_challenged_cunning|Що ж, ви не залишаєте мені вибору...
str_lord_challenged_sadistic|Брудне створіння! Зараз ти пошкодуєш про свою появу на світ!
str_lord_challenged_goodnatured|Добре. Шкода, що нам не вдалося уникнути цього, але вибору в мене немає.
str_lord_challenged_upstanding|Так і бути. Шкода, що переконати вас мені не вдалося.
str_lord_mission_failed_default|Ви мене розчарували, але у вас буде ще багато шансів виправдатись.
str_lord_mission_failed_martial|Провалене завдання не робить вам честі, але я прийму ваші слова на віру.
str_lord_mission_failed_quarrelsome|Не вийшло? Тьху. І чого тільки від вас чекати?
str_lord_mission_failed_pitiless|Не вийшло? Дуже погано... Ви мене розчарували, і дуже даремно.
str_lord_mission_failed_cunning|Ви розчарували мене, але це нічого. Невдачі зі всіма трапляються.
str_lord_mission_failed_sadistic|Правда? Ті, хто підводять мене, не завжди доживають до того моменту, коли можуть про це пошкодувати.
str_lord_mission_failed_goodnatured|Ох. Ну, особливої надії у мене і не було. Дякую за старання!
str_lord_mission_failed_upstanding|Нічого страшного. Думаю, ви намагалися з усіх сил.
str_lord_follow_refusal_default|Слідувати за вами? Ви забуваєтесь, {пане/пані}.
str_lord_follow_refusal_martial|Якщо коли-небудь ви увінчаєте себе військовою славою, я піду за вами. Але не сьогодні.
str_lord_follow_refusal_quarrelsome|Слідувати за кимось на кшталт вас? Ні, дякую.
str_lord_follow_refusal_pitiless|Лорди, на зразок мене, не слідують за такими як ви, {пане/пані}.
str_lord_follow_refusal_cunning|Спочатку доведіть, що не заманите мене в пастку, а потім я, може, і піду з вами.
str_lord_follow_refusal_sadistic|Ні вже! Краще ви йдіть за мною, як дворняга за господарем.
str_lord_follow_refusal_goodnatured|У мене зараз багато справ. Давайте потім.
str_lord_follow_refusal_upstanding|Спочатку доведіть, що за вами і справді варто йти, а там подивимося.
str_lord_insult_default|сука
str_lord_insult_martial|змія підколодна
str_lord_insult_quarrelsome|боягузлива дупа
str_lord_insult_pitiless|безродна тварюка
str_lord_insult_cunning|холопська підстилка
str_lord_insult_sadistic|смердюча псина
str_lord_insult_goodnatured|чумний щур
str_lord_insult_upstanding|тупа скотина
str_lord_derogatory_default|низька погань
str_lord_derogatory_martial|тупиця
str_lord_derogatory_quarrelsome|безглузда душа
str_lord_derogatory_pitiless|оплот жорстокості
str_lord_derogatory_cunning|хитра лисиця
str_lord_derogatory_sadistic|безчесна паскуда
str_lord_derogatory_goodnatured|наївний москалик
str_lord_derogatory_upstanding|неприємна людина
str_lord_derogatory_result|наша погибель
str_lord_derogatory_martial_action|нападає на ворогів без плану і підготовки, дарма підставляючи під удар
str_lord_derogatory_quarrelsome_action|вічно затіває сварки з іншими правителями, залишаючи нас слабкими і роз'єднаними
str_lord_derogatory_pitiles_action|свариться з народом, вічно наражаючись на бунти і заворушення
str_lord_derogatory_cunning_action|укладає угоди з ворогами за нашою спиною
str_lord_derogatory_sadistic_action|покриває ганьбою нашу країну і наші ідеали
str_lord_derogatory_goodnatured_action|вічно шкодує ворогів замість того, щоб битися з ними
str_lord_derogatory_upstanding_action|ставить свою запалену честь вище потреб власної країни
str_rebellion_dilemma_martial|{s45} не заслуговує цього. Хоча я присягав {s46}, я не буду підтримувати його, якщо він зайняв трон незаконно.
str_rebellion_dilemma_quarrelsome|Гм. {s46} ніколи не платив мені, так що я йому особливо й не зобов'язаний. Але і {s45} може виявитися не краще, а {s46} хоч якось проявив себе.
str_rebellion_dilemma_pitiless|Гм. {s45} стверджує, що трон по праву належить {reg3?їй:йому}. Це звільняє мене від присяги, даної {s46}. Але мені все одно потрібно це обдумати.
str_rebellion_dilemma_cunning|Гм. {s46} прийняв у мене присягу вірності, однак ті, у чиїх руках влада, не так сильно пов'язані клятвами, як прості люди. Ми повинні тільки правити, наказувати і не допускати війни.
str_rebellion_dilemma_sadistic|Гм. В цьому жорстокому світі потрібно піклуватися про себе, тому що більше ніхто цього не зробить. Так що там для мене?
str_rebellion_dilemma_goodnatured|Я не знаю, що сказати. Я присягав на вірність {s46}, але раз він править незаконно, то така клятва не має сили.
str_rebellion_dilemma_upstanding|З цим будуть проблеми. Я не можу просто так відмовитися від присяги, даної {s46} - після цього вся країна впаде в анархію! Але від мене вимагається підтримувати право спадкування, а {s45} більш ніж законний претендент на трон.
str_rebellion_dilemma_2_martial|Але з іншого боку, {s46} не кидає своїх людей ні у військовий, ні в мирний час, і мені дуже неприємно порушувати свою клятву.
str_rebellion_dilemma_2_quarrelsome|Скажіть, з чого б мені зраджувати відомого мерзотника заради {reg3?невідомюї мерзотниці:невідомого}?
str_rebellion_dilemma_2_pitiless|Це небезпечніше всього - відповідати на запитання, хто, по-моєму, гідний правити цією землею. З іншого боку, це прекрасна можливість заздалегідь заручитися милістю майбутнього правителя!
str_rebellion_dilemma_2_cunning|{s46} прийняв кинутий виклик, і він вже не зможе правити так само надійно, як той, у чиїй владі ніхто ніколи не сумнівався. Однак якщо {s45} захопить трон силою, {reg3?її:його} правління буде не так надійне - отримувати владу краще мирним шляхом.
str_rebellion_dilemma_2_sadistic|Можливо, якщо {s45} прийме мене до себе, поки {reg3?її:його} влада слабка, згодом {reg3?вона:він} нагородить мене. Але якщо я принесу вашу голову {s46}, моя нагорода може бути ще вище!
str_rebellion_dilemma_2_goodnatured|{s46} завжди поводився зі мною гідно, на відміну від {s46}. Мені важко порушити дану клятву, але підтримувати беззаконня теж не хочеться.
str_rebellion_dilemma_2_upstanding|Думаю, мені потрібно зробити те, що я вважаю правильним, щоб країна не була втягнута в громадянську війну і не стала легкою здобиччю для ворогів.
str_political_philosophy_martial|Мій меч завжди до послуг законного сюзерена, поки той виконує свої обіцянки.
str_political_philosophy_quarrelsome|Ха! Вони всі - просто купка покидьків. Я вже подбаю, щоб вони зрозуміли, з ким зв'язалися. І пошкодували про це.
str_political_philosophy_pitiless|Люди завжди намагаються обдурити інших своїми домаганнями. Довіра у нас не в пошані, а тому кожен повинен боротися за власні права.
str_political_philosophy_cunning|Це жорстокий світ, ось нам і доводиться приймати жорстокі рішення. Часом заради збереження миру доводиться служити тирану, а іноді повстання може приструнити короля. Все залежить від обставин.
str_political_philosophy_sadistic|Мої погляди прості: краще жити вовком, ніж животіти вівцею.
str_political_philosophy_goodnatured|Потрібно виконувати свої обіцянки і не судити інших. Нехай часом це призводить до розладу - головне триматися людей, яким ти віриш. Думаю, тільки так можна втриматися на істинному шляху.
str_political_philosophy_upstanding|Феодальна система дозволяє підтримувати мир і не гризти горлянки всім і кожному. Але і вона допускає прояви несправедливості.
str_political_philosophy_roguish|Гм... По мені, так бути правителем - рай земний.
str_political_philosophy_benefactor|Хороший правитель стежить за тим, щоб все було по справедливості. Особисто я використовую владу на благо жителів моєї країни.
str_political_philosophy_custodian|Добрий правитель створює умови для процвітання своїх підданих. Я особисто збираюся використовувати моє багатство, щоб здобути ще більше - і для себе, і на благо народу.
str_rebellion_prior_argument_very_favorable|Мені вже називали причини, по яких варто підтримати вашого претендента на трон, і я, мабуть, погоджуся з ними.
str_rebellion_prior_argument_favorable|Мені вже називали причини, по яких варто підтримати вашого претендента на трон, і я, мабуть, погоджуся з ними.
str_rebellion_prior_argument_unfavorable|Мені вже називали причини, по яких варто підтримати вашого претендента на трон, але вони для мене непереконливі.
str_rebellion_prior_argument_very_unfavorable|Мені вже називали причини, по яких варто підтримати вашого претендента на трон, але з більшістю з них я не можу погодитися.
str_rebellion_rival_martial|{s49} ваш союзник, {s44}, одного разу засумнівався в моїй честі та відвазі. Нечасто випадає можливість битися з ним у бою і змусити його пошкодувати про свої слова.
str_rebellion_rival_quarrelsome|{s49} ви тісно спілкуєтеся з {s44}. Він дуже хитрий, і я ні краплі йому не вірю.
str_rebellion_rival_pitiless|{s49} вас, здається, підтримує {s44}, м'яка і слабка людина, яка не здатна навіть управляти маєтком. Я зневажаю його.
str_rebellion_rival_cunning|{s49} {s44}, який до вас вже приєднався, відрізняється впертістю і запалом. До того ж, на нього не можна покластися.
str_rebellion_rival_sadistic|{s49} ви взяли в союзники {s44}, а я не бажаю битися поруч з тим, хто напускає на себе такий нудотно-праведний вигляд.
str_rebellion_rival_goodnatured|{s49} мені б не хотілося битися разом з {s44}: слава про його жорстокості гримить по всій країні.
str_rebellion_rival_upstanding|{s49} ваш союзник {s44} - небезпечний, ненадійний і абсолютно безпринципний чоловік.
str_rebellion_argument_favorable|Ваші аргументи цілком логічні
str_rebellion_argument_neutral|Ваші аргументи досить переконливі
str_rebellion_argument_unfavorable|Мене не переконують ваші аргументи
str_rebellion_persuasion_favorable|ясно висловлюєте свої думки
str_rebellion_persuasion_neutral|ваші мотиви мені зрозумілі
str_rebellion_persuasion_unfavorable|вам не вдається переконати мене
str_rebellion_relation_very_favorable|я відчуваю до вас найглибше повагу
str_rebellion_relation_favorable|я знаю вас особисто і поважаю
str_rebellion_relation_neutral|я знаю вас не так добре, як мені б хотілося.
str_rebellion_relation_unfavorable|я вам не вірю
str_and_comma_3|І, більше того, 
str_but_comma_3|Однак, 
str_and_comma_1|, і 
str_but_comma_1|, але 
str_and_comma_2|. До того ж, 
str_but_comma_2|. Але тим не менше, 
str_rebellion_agree_martial|Рішення прийнято. Я підтримаю {s45} як законного претендента на престол.
str_rebellion_agree_quarrelsome|Добре, рішення прийнято. {s46} ніколи мені не подобався. Ходімо, відберемо у нього трон.
str_rebellion_agree_pitiless|Ні, я не буду приєднуватися до вашого повстання. Поки що ви нагадуєте розсерджену дитину, у якої відібрали іграшку, яку він чомусь вважає своєю. Я залишуся з {s46} - принаймні, я точно знаю, що він вміє керувати. 
str_rebellion_agree_cunning|Мені шкода, але ви не даєте приводу сподіватися на вашу перемогу. Ви ведете людей на смерть, і я не хочу бути в їх числі. Я залишуся з {s46}.
str_rebellion_agree_sadistic|Ні, я не збираюся грати в ігри. Ви прагнете до корони, але закінчите свої дні на пласі. А я залишуся з {s46} і буду дивитися, як вам відрубують голову.
str_rebellion_agree_goodnatured|Мені б не хотілося відвертатися від {s46}. І я з радістю зустрінуся з вами на полі бою.
str_rebellion_agree_upstanding|Вибачте, але претензії {s45} занадто безпідставні. Я не буду заради них впутувати нашу нещасну землю в нові чвари. Я залишуся з {s46}, і нехай пробачать мене небеса, якщо я помиляюся. 
str_rebellion_refuse_martial|Вибачте. {s45} вчиняє певною мірою вірно, але я поки що не бачу підстав зраджувати {s46}. Я збережу вірність васальної клятви.
str_rebellion_refuse_quarrelsome|Ні. {s45} все одно не зможе тут правити, так що я не стану перебігати з боку на бік.
str_talk_later_martial|Не час зараз говорити про політику! Ми прийшли на бій, і вам теж краще б підготуватися.
str_talk_later_quarrelsome|Ви хочете поговорити про зраду, коли нас з усіх боків оточують вороги? Ви за кого мене тримаєте взагалі?
str_talk_later_pitiless|Притримайте язика! Я не збираюся обговорювати це зараз, перебуваючи в серці нашої армії!
str_talk_later_cunning|Зараз не час і не місце для такої розмови. Можливо, нам варто обговорити це пізніше, але поки що ми все ще вороги.
str_talk_later_sadistic|Закрийте свій рот! Як думаєте, що зроблять інші васали, побачивши, як ми з вами обговорюємо зраду?
str_talk_later_goodnatured|Хочете поговорити зі мною про зраду? Спробуйте тоді, коли нас не буде оточувати армія, і я неодмінно вислухаю вас.
str_talk_later_upstanding|Що б там не було з цим правом спадкування, я не збираюся обговорювати це тут і зараз. Якщо ми зустрінемося ще раз і зможемо поговорити наодинці, я вас вислухаю. Але поки що ми з вами вороги.
str_gossip_about_character_default|Ходять чутки, що {s6} не володіє ніякими цікавинками рисами характеру.
str_gossip_about_character_martial|Ходять чутки, що {s6} нічого не любить так, як війну.
str_gossip_about_character_quarrelsome|Ходять чутки, що {s6} ледь не побився з іншим лордом, тому що той пожартував щодо його носа.
str_gossip_about_character_selfrighteous|Мені говорили, що {s6} наказав стратити аристократа за те, що той пристрелив оленя в його лісі.
str_gossip_about_character_cunning|Ходять чутки, що {s6} відрізняється неймовірною хитрістю.
str_gossip_about_character_sadistic|Ходять чутки, що {s6} обожнює катувати ворогів. Мені зовсім не хочеться з ним сваритися.
str_gossip_about_character_goodnatured|Ходять чутки, що {s6} - дуже хороша людина і гідно поводиться з тими, хто живе на його землях. Рідко коли почуєш таке про правителя.
str_gossip_about_character_upstanding|Ходять чутки, що {s6} - дуже хороший господар. Він добрий до своїх послідовників і нагороджує їх за вірну службу.
str_latest_rumor|Остання чутка, в якій згадується {s6}, це:
str_changed_my_mind_martial|Втім, ваші гарячі слова змушують мене змінити рішення.
str_changed_my_mind_quarrelsome|Але здається мені, що ви все одно мене втягнете. Гаразд, я слухаю.
str_changed_my_mind_pitiless|Ну раз вже ви так заговорили, то я можу і передумати.
str_changed_my_mind_cunning|Так, ви вмієте вправно складати слова. Це вражає. Продовжуйте, я слухаю.
str_changed_my_mind_sadistic|Раз вже ви так мило заливаетесь про свої справи, я не буду відмовляти вам прямо з порогу.
str_changed_my_mind_goodnatured|Ви приводите розумні доводи, я спробую до них прислухатися.
str_changed_my_mind_upstanding|Ви гарно говорите. Продовжуйте, прошу вас.
str_swadian_rebellion_pretender_intro|Я Ізолла, законна королева свадійців.
str_vaegir_rebellion_pretender_intro|Мене звати Вальдим, хоча деякі звуть мене "Байстрюком". Я принц Вегіру, але по праву я повинен бути королем замість мого кузена Яроглека.
str_khergit_rebellion_pretender_intro|Я Дастум-хан, син Янакір-хана і законний хан кергітів.
str_nord_rebellion_pretender_intro|Я Летвин Мандрівник, син Хакрима Старого, повинен правити нордами Кальрадії.
str_rhodok_rebellion_pretender_intro|Я лорд Кастор, законний король родоків, який звільнить їх від тиранії.
str_sarranid_rebellion_pretender_intro|Я Арва, яку називають Перлинною, мати саранідів та їх законна королева.
str_swadian_rebellion_pretender_story_1|Я була єдиною дитиною у батька, короля Естериха. Хоч я і жінка, але він любив мене як сина, і не один раз називав мене своєю спадкоємицею у присутності  найблагородніших людей цих земель, щоб ні у кого не виникало сумнівів в його намірах. Немає такого закону, який забороняв би жінці правити - у нас, свадійців, повно легенд про королев-войовниць, які правили нами в далекому минулому.
str_vaegir_rebellion_pretender_story_1|Мій батько помер, коли я був ще дитиною, і залишив мене на піклування свого брата - регента Бурелека. Але замість того, щоб зберігати трон до мого повноліття, цей узурпатор за допомогою нової влади звинуватив мою матір у зраді і заявив, що я не син свого батька. Мати стратили, а мене визнали незаконнонародженим.
str_khergit_rebellion_pretender_story_1|Саньяр-хан і я - брати, сини старого Янакир-хана, хоч і від різних матерів. Я і молодший, але кожен, хто знав старого хана, підтвердить - я був улюбленцем батька, і він дозволяв мені правити разом з ним. Саньяр ж влаштовував нескінченні полювання і бенкети, щоб завоювати прихильність найбільш розпусних воєначальників мого батька.
str_nord_rebellion_pretender_story_1|Мене прозвали Мандрівником тому, що я завжди подорожував в далекі - навіть за мірками нордів - країни у пошуках знань. Коли я ще був молодий, мій батько відправляв мене навчатися при дворах і в університетах заморських країн. Якщо норди звуть себе спадкоємцями кальрадіанської імперії, вони повинні вести себе належно і знати дещо про закони і букви, а не просто битися, грабувати і пити.
str_rhodok_rebellion_pretender_story_1|Родоки - вільний народ, а не раби спадкоємного монарха. Короля мають обирати з найвпливовіших благородних родин цієї землі, і обирати його повинна рада, що складається з знаті Джелкали, Велуки і Ялена. Рада зустрічається в полі перед Джелкалою, і нікому не дозволено наближатися до нього до закінчення, під страхом смерті.
str_sarranid_rebellion_pretender_story_1|Я народилася в далекому краю, в простій, звичайній родині. Ще дівчинкою я стала рабинею, але в тому не було сорому: багато хто з наших царів у молодості побували рабами. Якось одного разу, на ринку мене примітив старий султан Айзар. Він був вражений моєю красою і взяв у свій будинок. Пізніше він полюбив мене ще й за розум. Постарівши, він дозволив мені правити від свого імені. Спершу я займалася тільки справами палацу, а потім і всієї країни.
str_swadian_rebellion_pretender_story_2|Але коли мій батько помер, його кузен Харлаус переконав знать, що жоден нормальний свадієць не назве своєю спадкоємицею жінку. Харлаус сказав, що батько передав мені спадок затуманеним розумом, що незаконно, і трон мав посісти він сам як найближчий родич мого батька чоловічої статі.
str_vaegir_rebellion_pretender_story_2|Відданий слуга відвіз мене за кордон, але тепер я виріс і повернувся, щоб вимагати те, що належить мені по праву. Бурелек помер незабаром після своєї зради - ось вам і небесна кара. Зараз зветься королем його син Яроглек, але так як його домагання незаконні, він такий же узурпатор, як і його батько, і я скину його з трону.
str_khergit_rebellion_pretender_story_2|Згідно кергітським традиціям, коли чоловік помирає, його майно ділиться порівну між його синами. Так само і з ханством. Про смерть свого батька я дізнався, коли патрулював наші кордони, але я тут же поспішив додому, в Тульгу, щоб віддати Саньяру його частину і розділити ханство з ним. Але коли я приїхав, то виявив, що він зібрав всіх своїх придворних дармоїдів і оголосив себе єдиним ханом.
str_nord_rebellion_pretender_story_2|Мій батько помер до того, як я закінчив курс навчання, та коли я мчав додому, щоб зайняти трон, мій корабель потрапив у шторм. Один з танів мого батька, Рагнар, використав цю можливість для розповсюдження пліток про те, ніби я помер за кордоном. Він зібрав всіх своїх послідовників, оголосив себе королем і протягом кількох наступних років тільки й робив, що зміцнював свою силу.
str_rhodok_rebellion_pretender_story_2|Під час останніх виборів було всього два кандидати - я і лорд Гравет. Поки рада вирішувала, з'явився Гравет з мечем у руці і сказав, що армія свадійців ось-ось підійде сюди - це, до речі, було правдою - і якщо вони не виберуть його королем, то він кине їх напризволяще.
str_sarranid_rebellion_pretender_story_2|Коли помер султан Айзар, для емірів країни було само собою зрозумілим проголосити мене главою держави - так вдалося уникнути громадянської війни. Однак еміри наполягли, що я повинна вийти заміж за одного з полководців султана по імені Байбак. Після цього еміри принесли клятву вірності: Байбаку як командуючому арміями, а мені як матері земель. У наше коротке правління країна процвітала.
str_swadian_rebellion_pretender_story_3|Визнаю, що я вчинила негарно, проклявши Харлауса і всіх, хто його послухав, але я також впевнена в тому, що він підкупив всіх хто виступили на його захист. Але неважливо - я зберу армію відданих людей, вірних пам'яті і волі свого короля. А якщо хтось ще сумнівається, що жінці можна давати владу, я швидко змушу їх змінити свою думку, стягнувши з голови Харлауса корону, яку він надів незаконно!
str_vaegir_rebellion_pretender_story_3|Поки я не відновлю свої права в очах всього Вегірису, я буду носити прізвисько "Виродок" як нагадування про те, що мені належить зробити.
str_khergit_rebellion_pretender_story_3|Мій брат переконаний, що хергіти поважають лише силу: справжній хан завжди робить те, що хоче, і бере те, що йому потрібно. Гадаю, він помиляється - наш нарід не такий. Ми захоплюємося гідними вождями, але ніколи не забуваємо, що людина, яка зрадила рідного брата, може з такою ж легкістю зрадити своїх бійців і всіх своїх послідовників.
str_nord_rebellion_pretender_story_3|Отже, хоч я і вигнанець - я більше не вдаюся до безплідних мрій, а збираю вірних бійців, щоб повернутися на землю нордів та силою домогтися справедливості. Якщо Рагнар засумнівається в моїй здатності керувати нашою землею, нехай спробує сказати мені це в обличчя. Зброя дуже допомагає вирішувати подібні питання. Можливо, тоді він зрозуміє, що воїн може бути чудовим ученим і навпаки, і що саме така людина, однаково вміло звертається з мечем і з думкою, гідний стати королем.
str_rhodok_rebellion_pretender_story_3|Так, Гравет розправився зі свадійцями, і за це, я, як родок йому вдячний. Коли я стану королем, я особисто надягну на нього переможний вінок. Але потім я зрубаю йому голову з плечей за те, що він зрадив раду родоків і наш священний звичай.
str_sarranid_rebellion_pretender_story_3|Незабаром Байбак загинув у сутичці з хергітами. Дізнайся я про це відразу ж, я зуміла б підготуватися до майбутнього зрадництва... Але Хакім, підлий племінник мого чоловіка, вдарив першим. Не встигло тіло мого чоловіка охолонути, як він прискакав до палацу зі своїми людьми, та під загрозою смерті, виставив мене за ворота. Але я не збираюсь здаватися! Я зберу свою власну армію і поверну старі борги!
str_swadian_rebellion_monarch_response_1|Ізолла вважає, що повинна бути королевою свадійців? Ну, у короля Естериха було добре серце, і дочку свою він дуже любив, але добросердечний король без голови - це катастрофа для народу. Нехай Ізолла розповідає свої історії про королев-войовниць, але згадайте, що всі ці легенди закінчуються однаково - свадійців вщент розбиває армія імператора Кальрадії.
str_vaegir_rebellion_monarch_response_1|Якби Вальдим прийшов до мене з миром, я обдарував би його титулами і оточив пошаною, він став би моїм найбільшим васалом. Але, раз він прийшов з війною, я дам йому лише кайдани і змушу визнати мене законним правителем, а потім виріжу йому язика, щоб він не міг відректися від своїх слів.
str_khergit_rebellion_monarch_response_1|Мій брат Дастум, мабуть, розповів вам про свій намір розділити ханство, ніби це стадо овець. Я вам ось що скажу. З тих самих пір, як хергіти оселилися на цій землі, смерть кожного хана призводила до одного - ханство поділялося, сини хана йшли один на одного війною, і в результаті все діставалося найсильнішому. Я всього лише хотів запобігти громадянській війні.
str_nord_rebellion_monarch_response_1|Летвин Мандрівник? Скоріше вже Летвин Заумник! Ви, напевно, чули вислів: "Горе королівству, яким править дитина"? Те ж саме можна сказати і про правителя-студента. Ви що, хочете, щоб нордами правив молодик, на руках якого навіть немає мозолів від меча, який не вміє тримати щит? Та якби Летвин став королем, його тани сміялися йому в обличчя!
str_rhodok_rebellion_monarch_response_1|Лорд Кастор, безсумнівно, розповів вам, як я осквернив священний ритуал родоків, втрутившись у вибори нового короля. Дозвольте сказати ось що. Міська знать, звичайно, може скільки завгодно міркувати про наших давніх свободах, але потім вони виберуть королем того, хто останній раз гостював у них на віллі, пив їх вино і обіцяв не звертати уваги на їх несплачені податки.
str_sarranid_rebellion_monarch_response_1|Наші учені давно зійшлися в одному: управління країною будується за єдиним законом. Люди повинні приймати вищу владу, тому що навіть тиранія краще громадянської війни. Саме тому я визнав владу Байбака і Арви, принісши присягу на вірність їм обом як двом правителям країни.
str_swadian_rebellion_monarch_response_2|Ті, хто ридають над історією свадійскої принцеси, яку позбавили трону, краще б звернули увагу на долю свадійської пастушки, яку викрав вегірський розбійник і продав на невільничому ринку. От коли ми знищимо наших войовничих сусідів і в нашій країні настане мир, тоді і поговоримо про королев і стародавні легенди.
str_vaegir_rebellion_monarch_response_2|Неважливо, що зробив або не зробив мій батько для збереження трону. Я успадкував його, і говорити тут нема про що. Якби кожне право оскаржувалось, якби щодо кожної спадщини з'являлися сумніви, то королівства давно померли, і ми б жили в умовах безперервної громадянської війни.
str_khergit_rebellion_monarch_response_2|Дастум став би відмінним керуючим або суддею в питаннях землеволодіння. Але хіба можна уявити його ханом? Так, наші сусіди вмить б відняли у нас всі землі, і ми б повернулися до свого голодного минулого в степах.
str_nord_rebellion_monarch_response_2|Може, у Хакрима і виникла божевільна ідея зруйнувати таким чином своє королівство, але королівської крові мало для того, щоб стати справжнім правителем нордів! Я король за вибором танів і по праву сильного. Це значить більше, ніж родовід, і горе кожному, хто скаже інакше!
str_rhodok_rebellion_monarch_response_2|Єдина свобода, яка їм потрібна - це свобода жерти і спати! А тим часом мої люди сплять в степу, їдять сухий хліб і солону рибу, видивляються на горизонті гарячі села і проливають кров для того, щоб зберегти маршрути караванам. О, гарна ідея! Якщо я коли-небудь зустріну торговця, який кульгає через рани, нанесеної кергітською стрілою або свадійським мечем, я скажу: "Ось цей чоловік зможе стати достойним радником!
str_sarranid_rebellion_monarch_response_2|Але вам слід знати, що Арву зробили дружиною Байбака не через природну мудрость чи тягу до правосуддя. Ні, вона почала правити, бо була відьмою. Чаклункою, здатною перетворити чоловіків начебто Бабака або Айзара в бездумних дурнів. Але я залишався вірний своїй клятві і підтримував її владу, поки був живий її чоловік. Тепер їй доведеться поважати моє право на трон.
str_courtship_comment_conventional_generic|вихована особа
str_courtship_comment_adventurous_generic|непогана людина
str_courtship_comment_otherworldly_generic|сама ввічливість і чемність
str_courtship_comment_ambitious_generic|не вистачає напору, але це, ймовірно, мине
str_courtship_comment_moralist_generic|добра душа
str_feast_description|мало
str_feast_description_2|мало
str_feast_description_3|ні те ні се
str_feast_description_4|пристойний
str_feast_description_5|відмінний
str_feast_description_6|чудовий
str_feast_lengthy_description_1|Для гостей і челяді було відведено надто мало провізії. Їм довелося купувати власну їжу по всій окрузі, та ще і з диким цінами. Серед запрошених існує загальна думка, що ви не змогли проявити належної гостинності. Ваша репутація сильно постраждала, так і довірою оточуючих ви більше не користуєтеся.
str_feast_lengthy_description_2|Ви запаслися харчами і напоями, проте всі запаси вийшли ще до кінця свята. Гостям довелося відправляти слуг, щоб по можливості розжитися їжею і питвом. Частина запрошених воліла рано роз'їхатися по маєтків. Люди схильні почитати вас недотепою (добре хоч не злісним жартівником), і ваша репутація постраждала.
str_feast_lengthy_description_3|Їжі і пиття вистачило на всіх знатних гостей, але їх челядь не завжди проводила свято в ситості і достатку. Ви стали бережливим господарем, який дотримує свої обов'язки, але не розщедрюється понад міру.
str_feast_lengthy_description_4|Ви запаслися достатньою кількістю їжі і пиття, не забувши і про розваги. Вино лилося рікою, і в цей невимушеній обстановці гості були не проти поговорити про справи ваших земель. Тепер вони вважають вас привітним господарем і гідним довіри чоловіком.
str_feast_lengthy_description_5|Ви змусили столи ломилися від вин і страв. Не тільки шляхетні дами і мужі та їх прислуга, але навіть дворові пси змогли втамувати голод і спрагу. Ваші гості щиро підносили вам хвалу за привітність і слідування традиціям. За столами точилися невимушені бесіди, що пішло на користь вашим зв'язкам з іншими домами.
str_feast_lengthy_description_6|В країні ще довгі місяці будуть говорити про це велике свято. Воно стане еталоном, мірилом того, як варто влаштовувати бенкети. Ви не нагодували тільки високородних гостей і їх слуг, але навіть жебраків, які дозволили собі розкіш стати розбірливими.
str_kingdom_1_adjective|Свадійський
str_kingdom_2_adjective|Вегірський
str_kingdom_3_adjective|Кергітський
str_kingdom_4_adjective|Нордський
str_kingdom_5_adjective|Родоський
str_kingdom_6_adjective|Саранідський
str_credits_1|Mount&Blade Copyright 2008-2010 Taleworlds Entertaiment
str_credits_2|Дизайн гри:^Armagan Yvуz^Steve Nеgus^Cem Cimenbicer
str_credits_3|Програмування:^Armagan Yvуz^Cem Cimenbicer^Sеrdаr Kocdemir^Оzаn Gumus
str_credits_4|CG Художники:^Ozgur Saral^Mustafa Oztruk^Pinar Cekic^Ozаn Unlu^Yigit Savtur^Umiт Singil
str_credits_5|Художник:^Ganbat Badamkhand
str_credits_6|Сценарій:^Steve Nеgus^Armagan Yvуz^Ryan A. Span
str_credits_7|Композитор:^Jesse Hоpкins
str_credits_8|Актор озвучення:^Tassilo Egloffstein
str_credits_9|Автор навчального посібника:^Steve Nеgus^Armagan Yvуz^Edward Spoerl^^^Створення Motion Capture:^Richard Widgery & Kinetic Impulse^^^Фізичний рушій:^Havok^^^Звукова та музична бібліотеки програм:^Звукова система FMOD від Frelight Technologies^^^Скайбокси:^Jay Weston^^^Програмування форуму TaleWorlds:^Brett Flamming ^^^TaleWorlds.com Форумні адміністратори та модератори:^Janus^Archonsod^Narcissus^Nairagorn^Lost Lamb^Deus Ex^Merentha^Volkier^Instag0^Ativan^еgо^Guspav^Hallequin^Invictus^okiN^Raz^rejenorst^Skyrage^ThVaz^^^Зворотній зв'язок із спільнотою Mount&Blade:^Mustang^adamlug^Adorno^aldеn^Alhanalem^amade^Anthallas^Alkhadias Master^Arch3r^Archevious^Arcas Nebun^Arcon^Аrcturus^ares007^Arjihad^BadabombadaBang^Badun^BaronAsh^Berserker Pride^bgfan^bierdopjeee^Big Mac^Binboy^blink180heights^BlodsHammar^Bloid^Brandon^Brego^chenjielian^cifre^COGlory^Corinthain Hoplite^Crazed Rabbit^CryptoCactus^CtrlAltDe1337^Cuther^Da-V-Man^dimitrischris^dstemmer^EasyCo506^Egbert^ethneldryt^eudaimondaimon^Faranox^Fawzia dokhtar-i Sanjar^Fei Dao^Gabeed^GeN76^General Hospital^GhosTR^glustrod^guspav^Halcyon^.^Hethwill^Highelfwarrior^HULKSMASH^Iberon^ignoble^Jack Merchantson^JoG^Jov^Kazzan^King Jonatan the Great^Kleidophoros^knight^Kong Burger^Kristiania^l3asu^Larkraxm^Leandro1021DX^lighthaze^Llew2^Lord Rich^lordum ediz^Lucke189^Mabons^MacPharlan^Madnes5^MagicMaster^Makh^Manic^Manitas^Marin Peace Bringer^Martinet^MAXHARDMAN^Merlkir^miguel8500^Mithras^Moddan^Нейт^Nemeo^Nite/m4re^noobalicous^Nord Champion^okiN^Orion^OTuphlos^Papa Lazarou^Phallas^Plazek^Prcin^PSYCHO78^PsykoOps^Reapy^Red River^Rhizobium^Riggea^Rongar^Ros^sadnhappy^Sarejo^ScientiaExcelsa^Scorch!^Seawied86^sebal87^shikamaru 1993^Shun^silentdawn^Сер Gowe^Skyrage^Slavomir of Aaarrghh^SoloSebo^SovietSoldier^Stabbing Hobo^Stratigos001^Styo^TalonAquila^test^The Yogi^Thundertrod^Thyr^Тіm^Titanshoe^tmos^Toffey^Tonttu^Trenalok^Tronde^UberWiggett^Urist^Ursca^urtzi^Vermin^Viajero^Vincenzo^Vulkan^Warcat92^Welcome to Hell^Wheem^Wu-long^Yellonet^Yobbo^Yoshi Murasaki^Yoshiboy^Zyconnic^^^особлива подяка Toby за його ідеї та поглиблення в бойову систему.^і... багатьом-багатьом іншим чудовим гравцям Mount&Blade!^^(Це лише невеликий перелік усіх гравців, які внесли свій внесок до гри шляхом надання пропозицій і відгуків.^Цей перелік було складено шляхом відбору лише кількох потоків з форумів Taleworlds.^На жаль, складання вичерпного переліку практично неможливе.^Ми щиро вибачаємося, якщо Ви внесли свої пропозиції та відгуки, але не були згадані тут і, будь ласка, знайте, що ми Вам усе є вдячні...)
str_credits_10|Paradox Interactive^^Президент і генеральний директор:^Theodore Bergqvist^^Виконавчий віце-президент:^Freddrick Wester^^Фінансовий директор:^Lena Ersksson^^фінансів та бухгалтерського обліку:^Annlouise Larsson^^Віце-президент із продажів та маркетингу НАС:^Reena M. Miranda^^Віце-президент із продажів та маркетингу ЄС:^MArtin Sirc^^Менеджер із розповсюдження в північних країнах:^Erick Helmfridsson^^Директор з маркетингу та піару:^Susana Meza^^Піар і маркетинг:^Sofia Forsgren^^Менеджер продукту:^Boel Bermann
str_credits_11|Логотип:^Jason Brown^^Обкладинка:^Piotr Fox Wysocki^^Планування:^Christian Sabe^Melina Grundel^^Плакат:^Piotr Fox Wysocki^^Мапa та концепт-арт:^Ganbat Badamkhand^^Редагування:^Digital Wordsmithing: Ryan Newvan, Nick Stewart^^Веб-сайт:^Martin Ericsson^^Маркетингові активи:^2Coats^^Локалізація:^S&H Entertaient Localization^^GamersGate:^Ulf Hedblom^Andreas Pousette^Martin Ericsson^Christoffer Lindberg
str_credits_12|Дякуємо всім нашим партнерам по всьому світу, зокрема довгостроковим партнерам:^Koch Media (Німеччина та Великобританія)^Blue Label (Італія та Франція)^Friendware (Іспанія)^New Era Interactive Media Co. Ltd. (Азія)^Snowball (Росія)^Pinnacle (Великобританія)^Порту ( Португалія)^Hell-Tech (Ґреція)^CD Projekt (Польща, Чехія, Словаччина та Угорщина)^Paradox Scandinavian Distribution (Скандинавія)
str_multi_scene_1|Руїни
str_multi_scene_2|Село
str_multi_scene_3|1 Замок
str_multi_scene_4|Руїни фортеці
str_multi_scene_5|Місце 5
str_multi_scene_6|6 Місце
str_multi_scene_7|Поле за річкою
str_multi_scene_8|Замок 2
str_multi_scene_9|Засніжене село
str_multi_scene_10|Замок 3
str_multi_scene_11|Нордське місто
str_multi_scene_16|Напад на порт
str_multi_scene_17|Замок 4
str_multi_scene_18|Льодовиковий період
str_multi_scene_19|Замок Махдаар
str_multi_scene_20|Замок Джамейед
str_multi_scene_21|Арена
str_multi_scene_22|Лісове укриття
str_multi_scene_23|Каньйон
str_multi_scene_24|Пустельне місто
str_multi_scene_12|Випадкові рівнини (середня)
str_multi_scene_13|Випадкові рівнини (велика)
str_multi_scene_14|Випадкові степи (середня)
str_multi_scene_15|Випадкові степи (велика)
str_multi_scene_end|кінець мульти-сцени
str_multi_game_type_1|Бій до смерті
str_multi_game_type_2|Командний бій до смерті
str_multi_game_type_3|Битва
str_multi_game_type_4|Бій і знищення
str_multi_game_type_5|Захоплення прапора
str_multi_game_type_6|Підкорення
str_multi_game_type_7|Облога
str_multi_game_type_8|Дуель
str_multi_game_types_end|кінець типів мульти-ігор
str_poll_kick_player_s1_by_s0|{s0} влаштовує голосування, щоб видалити гравця {s1}.
str_poll_ban_player_s1_by_s0|{s0} влаштовує голосування, щоб вигнати гравця {s1}.
str_poll_change_map_to_s1_by_s0|{s0} влаштовує голосування, щоб змінити карту на {s1}.
str_poll_change_map_to_s1_and_factions_to_s2_and_s3_by_s0|{s0} влаштовує голосування, щоб змінити карту на {s1} і замінити фракції на {s2} і {s3}.
str_poll_change_number_of_bots_to_reg0_and_reg1_by_s0|{s0} влаштовує голосування, щоб змінити число ботів з {reg0} до {reg1}.
str_poll_kick_player|Видалити гравця {s0}: 1 = Так, 2 = Ні
str_poll_ban_player|Вигнати гравця {s0}: 1 = Так, 2 = Ні
str_poll_change_map|Змінити карту на {s0}: 1 = Так, 2 = Ні
str_poll_change_map_with_faction|Змінити карту на {s0} і фракції на {s1} і {s2}: 1 = Так, 2 = Ні
str_poll_change_number_of_bots|Змінити кількість ботів на {reg0} для фракції {s0} і {reg1} для фракції {s1}: 1 = Так, 2 = Ні
str_poll_time_left|(залишилося {reg0} сек.)
str_poll_result_yes|Більшість проголосувала за.
str_poll_result_no|Більшість проголосувала проти.
str_total_item_cost_reg0|вартість: {reg0}
str_server_name|Ім'я сервера:
str_game_password|Пароль гри:
str_map|Карта:
str_game_type|Тип гри:
str_max_number_of_players|Максимум гравців:
str_number_of_bots_in_team_reg1|Число ботів в команді {reg1}:
str_team_reg1_faction|Фракція команди {reg1}:
str_enable_valve_anti_cheat|Античит Valve (потребує діючого облікового запису Steam)
str_allow_friendly_fire|Стрілянина по своїм
str_allow_melee_friendly_fire|Удари по своїм
str_friendly_fire_damage_self_ratio|Пошкоджень по собі (%):
str_friendly_fire_damage_friend_ratio|Пошкоджень по своїм (%):
str_spectator_camera|Камера глядача:
str_control_block_direction|Наказ керуючого блоку:
str_map_time_limit|Обмеження по часу (в хвилинах):
str_round_time_limit|Обмеження раунди по часу (в секундах):
str_players_take_control_of_a_bot_after_death|Переключення на бота після смерті:
str_team_points_limit|Ліміт командних очок:
str_point_gained_from_flags|Командні очки за прапори (%):
str_point_gained_from_capturing_flag|Очки за захоплення прапорів:
str_respawn_period|Час відродження (у секундах):
str_add_to_official_game_servers_list|До офіційного переліку серверів
str_combat_speed|Швидкість бою:
str_combat_speed_0|Мінімальна
str_combat_speed_1|Низька
str_combat_speed_2|Середня
str_combat_speed_3|Висока
str_combat_speed_4|Максимальна
str_off|Викл.
str_on|Вкл.
str_defender_spawn_count_limit|Число відроджень захисників:
str_unlimited|Необмежене
str_automatic|Автоматичне
str_by_mouse_movement|По руху миші
str_free|Вільне
str_stick_to_any_player|Закріплене за гравцем
str_stick_to_team_members|Закріплене за членами команди
str_stick_to_team_members_view|Закріплене за видом членів команди
str_make_factions_voteable|Зробити фракції об'єктами голосування
str_make_kick_voteable|Виключати гравців голосуванням
str_make_ban_voteable|Закривати доступ на сервер голосуванням
str_bots_upper_limit_for_votes|Додавати ботів голосуванням:
str_make_maps_voteable|Міняти карти голосуванням
str_valid_vote_ratio|Необхідну кількість голосів (%):
str_auto_team_balance_limit|Межа автобалансу команд (різниця):
str_welcome_message|Вітальне повідомлення:
str_initial_gold_multiplier|Початкове золото (%):
str_battle_earnings_multiplier|Бонус золота в бою (%):
str_round_earnings_multiplier|Бонус золота за раунд (%):
str_allow_player_banners|Дозволити особисті прапори
str_force_default_armor|Зобов'язати носіння броні
str_respawning_in_reg0_seconds|Поява через {reg0} сек...
str_no_more_respawns_remained_this_round|Життя на цей раунд витрачені
str_reg0_respawns_remained|(Залишилося життів: {reg0})
str_this_is_your_last_respawn|(Це ваше остання життя)
str_wait_next_round|(Чекайте наступного раунду)
str_yes_wo_dot|Так
str_no_wo_dot|Ні
str_we_resign|У нас не залишилося сил для продовження бою. Ми здаємося на вашу милість, {playername}.
str_i_resign|Я не хочу помирати сьогодні, я здаюся.
str_s1_returned_flag|{s1} - гравці повернули прапор на свою базу!
str_s1_auto_returned_flag|{s1} - прапор автоматично повернувся на базу!
str_s1_captured_flag|{s1} - гравці захопили чужий прапор!
str_s1_taken_flag|{s1} - гравці забрали чужий прапор!
str_s1_neutralized_flag_reg0|{s1} - гравці знешкодили прапор команди {reg0}.
str_s1_captured_flag_reg0|{s1} - гравці захопили прапор команди {reg0}!
str_s1_pulling_flag_reg0|{s1} - гравці почали переміщати прапор команди {reg0}.
str_s1_destroyed_target_0|{s1} - гравці знищили ціль 1!
str_s1_destroyed_target_1|{s1} - гравці знищили ціль 2!
str_s1_destroyed_catapult|{s1} - гравці знищили катапульту!
str_s1_destroyed_trebuchet|{s1} - гравці знищили требушет!
str_s1_destroyed_all_targets|{s1} - гравці знищили всі цілі!
str_s1_saved_1_target|{s1} - гравці зберегли одну ціль.
str_s1_saved_2_targets|{s1} - гравці зберегли всі цілі.
str_s1_defended_castle|{s1} - гравці захистили свій замок!
str_s1_captured_castle|{s1} - гравці захопили замок!
str_auto_team_balance_in_20_seconds|Автобаланс: буде виконаний за 20 секунд.
str_auto_team_balance_next_round|Автобаланс: буде виконано в наступному раунді.
str_auto_team_balance_done|Команди автоматично збалансовані.
str_s1_won_round|{s1} - перемога в раунді!
str_round_draw|Час вийшло. Раунд завершився нічиєю.
str_round_draw_no_one_remained|Всі загинули. Раунд завершився нічиєю.
str_death_mode_started|Не баріться! Захопіть поле бою!
str_reset_to_default|До налаштувань за замовчуванням
str_done|Готово
str_player_name|Ім'я гравця
str_kills|Жертв
str_deaths|Смертей
str_ping|Пінг
str_dead|Труп
str_reg0_dead|Трупи: {reg0}
str_bots_reg0_agents|Боти: {reg0}
str_bot_1_agent|Бот
str_score|Рахунок
str_score_reg0|Рахунок: {reg0}
str_flags_reg0|(Прапори: {reg0})
str_reg0_players|(Гравці: {reg0})
str_reg0_player|(Гравець {reg0})
str_open_gate|Відкрити ворота
str_close_gate|Закрити ворота
str_open_door|Відкрити двері
str_close_door|Закрити двері
str_raise_ladder|Підняти драбину
str_drop_ladder|Опустити драбину
str_back|Назад
str_start_map|Запуск карти
str_choose_an_option|Виберіть налаштування:
str_choose_a_poll_type|Виберіть тип голосування:
str_choose_faction|Вибір фракції
str_choose_a_faction|Виберіть фракцію:
str_choose_troop|Вибір класу військ
str_choose_a_troop|Виберіть клас військ:
str_choose_items|Вибір спорядження
str_options|Налаштування
str_redefine_keys|Зміна управління
str_submit_a_poll|Створення голосування
str_administrator_panel|Панель адміністратора
str_kick_player|Видалити гравця
str_ban_player|Вигнати гравця
str_mute_player|Позбавлення голосу
str_unmute_player|Наділення голосом
str_quit|Вихід
str_poll_for_changing_the_map|карта
str_poll_for_changing_the_map_and_factions|карта і фракції
str_poll_for_changing_number_of_bots|Інше число ботів в командах
str_poll_for_kicking_a_player|Видалення гравця
str_poll_for_banning_a_player|Вигнання гравця
str_choose_a_player|Виберіть гравця:
str_choose_a_map|Виберіть карту:
str_choose_a_faction_for_team_reg0|Виберіть фракцію для команди {reg0}:
str_choose_number_of_bots_for_team_reg0|Виберіть число ботів для команди {reg0}:
str_spectator|Глядач
str_spectators|Глядачі
str_command|Команда:
str_profile_banner_selection_text|Оберіть прапор зі свого профілю:
str_use_default_banner|Використовувати прапор фракції
str_party_morale_is_low|Бойовий дух деяких бійців упав!
str_weekly_report|Щотижневий звіт
str_has_deserted_the_party|полишає групу.
str_have_deserted_the_party|полишають групу.
str_us_|Ми
str_allies_|Союзники
str_enemies_|Вороги
str_routed|Утекло
str_weekly_budget|Щотижневий бюджет
str_income_from_s0|Дохід від {s0}:
str_mercenary_payment_from_s0|Найманці ({s0}) отримують:
str_s0s_party|{s0} та компанія
str_loss_due_to_tax_inefficiency|Збитки через неефективний збір податків:
str_wages_for_s0|{s0} витрачає:
str_earlier_debts|Попередні борги:
str_net_change|Зміна доходів:
str_earlier_wealth|Попередній капітал:
str_new_wealth|Поточній капітал:
str_new_debts|Нові борги:
str_maximum_seconds_for_round_is_reg0|Максимум секунд на раунд: {reg0}.
str_respawn_period_is_reg0_seconds|Період відродження у секундах: {reg0}.
str_bots_upper_limit_for_votes_is_reg0|Горішня межа ботів для голосування: {reg0}.
str_map_is_voteable|За мапу можна голосувати.
str_map_is_not_voteable|За картку не можна голосувати.
str_factions_are_voteable|За фракції можна голосувати.
str_factions_are_not_voteable|За фракції не можна голосувати.
str_players_respawn_as_bot|Гравці відроджуються в тілах ботів.
str_players_do_not_respawn_as_bot|Гравці не відроджуються в тілах ботів.
str_kicking_a_player_is_voteable|Гравців можна видаляти голосуванням.
str_kicking_a_player_is_not_voteable|Гравців не можна видаляти голосуванням.
str_banning_a_player_is_voteable|Гравців можна блокувати голосуванням.
str_banning_a_player_is_not_voteable|Гравців не можна блокувати голосуванням.
str_player_banners_are_allowed|Гравці можуть використовувати свої прапори.
str_player_banners_are_not_allowed|Гравці не можуть використовувати свої прапори.
str_default_armor_is_forced|Зобов'язати носіння броні.
str_default_armor_is_not_forced|Носіння броні не обов'язково.
str_percentage_of_yes_votes_required_for_a_poll_to_get_accepted_is_reg0|Відсоток голосів для успішного голосування: {reg0}%.
str_auto_team_balance_threshold_is_reg0|Поріг автобалансу команд: {reg0}.
str_starting_gold_ratio_is_reg0|Стартовий рівень золота: {reg0}%.
str_combat_gold_bonus_ratio_is_reg0|Бонусне золото в бою: {reg0}%.
str_round_gold_bonus_ratio_is_reg0|Бонусне золото за раунд: {reg0}%.
str_point_gained_from_flags_is_reg0|Командні очки за прапори: {reg0}%.
str_point_gained_from_capturing_flag_is_reg0|Командні очки за захоплення прапорів: {reg0}%.
str_map_time_limit_is_reg0|Межа часу гри на мапі (в хвилинах): {reg0}.
str_team_points_limit_is_reg0|Межа командних очок: {reg0}.
str_defender_spawn_count_limit_is_s1|Число відроджень оборонців: {s1}.
str_system_error|ПОМИЛКА СИСТЕМИ!
str_prisoner_granted_parole|Бранця приймають як гостя
str_prisoner_not_offered_parole|Бранця не приймають як гостя
str__age_reg1_family_|^Вік: {reg1}^Сім'я: 
str_s49_s12_s11_rel_reg0|{s49} {s12} ({s11}), rel: {reg0}),
str_s49_s12_s11|{s49} {s12} ({s11}),
str_lord_info_string|{reg6?:{reg4?{s54} - правитель країни {s56}.^:{s54} - васал {s55} з {s56}.^}}Слава: {reg5}. Розбіжності: {reg15}.^{reg9?{reg3?Вона:Він} правитель {s58}.:{reg3?Вона:Він} не володіє наділами.}{s59}^{s49}
str_foreign_relations__|Зовнішні відносини: ^
str_s21__the_s5_is_at_war_with_the_s14|{s21}^* {s5} воює з {s14}.
str_s21_the_s5_has_had_the_upper_hand_in_the_fighting|{s21} {s5} перемагає у бою.
str_s21_the_s5_has_gotten_the_worst_of_the_fighting|{s21} {s5} зазнає поразки в бою.
str_s21_the_fighting_has_gone_on_for_some_time_and_the_war_may_end_soon_with_a_truce|{s21} Бої стихли, незабаром війна може завершитися перемир'ям.
str_s21_the_fighting_has_begun_relatively_recently_and_the_war_may_continue_for_some_time|{s21} Бої почалися не так давно, війна лише розгорається.
str__however_the_truce_is_no_longer_binding_on_the_s14| Утім, перемир'я більше не пов'язує {s14}
str_s21__the_s5_is_bound_by_truce_not_to_attack_the_s14s18_the_truce_will_expire_in_reg1_days|{s21}^* через перемир'я {s5} не може атакувати {s14}.{s18} Це перемир'я закінчиться через {reg1} днів.
str_s21__the_s5_has_recently_suffered_provocation_by_subjects_of_the_s14_and_there_is_a_risk_of_war|{s21}.^* {s5} піддається провокаціям з боку {s14} і може ось-ось розпочати війну
str_s21__the_s5_has_no_outstanding_issues_with_the_s14|{s21}.^* {s5} не підтримує особливих відносин із {s14}
str_s21_the_s14_was_recently_provoked_by_subjects_of_the_s5_and_there_is_a_risk_of_war_|{s21}. Нещодавно жителі {s14} постраждали від провокацій з боку {s5}, країна знаходиться на межі війни.^
str_the_s5_is_ruled_by_s6_it_occupies_s8_its_vassals_are_s10__s21|{s5}, ним править {s6}.^Володіння: {s8}.^Васали: {s10}.^^{s21}
str_reg4_killed_reg5_wounded_reg6_routed|убито: {reg4}, поранено: {reg5}, утекло: {reg6}
str_reg4_killed_reg5_routed|убито: {reg4}, утекло: {reg5}
str_reg4_killed_reg5_wounded|убито: {reg4}, поранено: {reg5}
str_reg4_wounded_reg5_routed|поранено: {reg4}, утекло: {reg5}
str_s42|{s42}
str_s4_awarded_to_s5|{s4} переходить {s5}
str_calculating_sortie_for_s4_strength_of_reg3_vs_reg4_enemies|Розрахунок для походу {s4}, сила {reg3} проти {reg4} у ворогів
str_current_wealth_reg1_taxes_last_collected_from_s4|Поточне багатство: {reg1}. Останні зібрані податки з {s4}.
str_s4_has_reg4_chance_of_recruiting_troops|{s4} може найняти війська з імовірністю {reg4}.
str_s4_has_reg4_chance_of_going_to_s5|{s4} може піти в {s5} з імовірністю {reg4}.
str_s4_has_reg5_chance_of_patrolling_s6|{s4} може приступити до обходу {s6} з імовірністю {reg5}.
str_s4_has_reg5_chance_of_raiding_s6|{s4} може приступити до нальоту на {s6} з імовірністю {reg5}.
str_s4_has_reg5_chance_of_besieging_s6|{s4} може приступити до облоги {s6} з імовірністю {reg5}.
str_sum_chances_reg6|Загальні шанси: {reg6}
str_deciding_faction_ai_for_s3|Визначаємо AI фракції для {s3}
str_lords_of_the_s1_gather_for_a_feast_at_s2|Правителі {s1} збираються на бенкет {s2}.
str_players_kingdom_has_had_reg3_days_of_peace|Мирні дні королівства гравця: {reg3}
str_s4_is_present_at_the_center_and_is_attending_the_feast|{s4} зараз у центрі і присутній на святі.
str_s4_is_present_at_the_center_and_is_awaiting_the_player_in_private|{s4} зараз у центрі і чекає гравця в кулуарах.
str_s4_is_present_at_the_center_and_is_allowed_to_meet_the_player|{s4} зараз у центрі і має дозвіл на зустріч із гравцем.
str_s4_is_present_at_the_center_and_is_not_allowed_to_meet_the_player|{s4} зараз у центрі і не має дозволу на зустріч із гравцем.
str_no_relation|немає сімейних уз
str_niece|племінниця
str_nephew|племінник
str_aunt|тітка
str_uncle|дядько
str_cousin|двоюрідна рідня
str_daughterinlaw|невістка
str_soninlaw|зять
str_motherinlaw|свекруха
str_fatherinlaw|свекор
str_sisterinlaw|своячка
str_brotherinlaw|шурин
str_print_party_members_entered|роздрукувати введених членів групи
str_num_companion_stacks_=_reg10|число груп компаньйонів = {reg10}
str_someone|хтось
str_i_take_what_work_i_can_sirmadame_i_carry_water_or_help_the_merchants_with_their_loads_or_help_build_things_if_theres_things_to_be_built|Я, {милостивий пан/милостива пані}, беруся за будь-яку роботу, яку дадуть. Воду ношу, допомагаю торговцям з товарами, будувати теж можу, якщо треба. 
str_im_not_doing_anything_sirmadame_theres_no_work_to_be_had_around_here_these_days|Я, {милостивий пане/милостива пані}, нічим особливим не займаюся. Останнім часом у нас тут роботи зовсім не стало. 
str_im_not_doing_anything_sirmadame_i_have_no_land_of_my_own_and_theres_no_work_to_be_had_around_here_these_days|Я, {милостивий пане/милостива пані}, нічим особливим не займаюся. Землі у мене немає, а роботи останнім часом не знайти. 
str_why_im_still_living_off_of_your_kindness_and_goodness_sirmadame_hopefully_there_will_be_work_shortly|А що, я досі живу з вашої милості, {милостивий пане/милостива пані}. Залишається сподіватися, що найблищим часом у вас знайдеться якась робота.
str_i_work_in_the_fields_just_outside_the_walls_where_they_grow_grain_we_dont_quite_grow_enough_to_meet_our_needs_though_and_have_to_import_grain_from_the_surrounding_countryside|Я працюю на полях, відразу за стінами - там вирощують пшеницю. Але свого зерна нам ніколи не вистачає - доводиться привозити його з сусідніх сіл. 
str_i_work_mostly_in_the_fields_growing_grain_in_the_town_they_grind_it_to_make_bread_or_ale_and_we_can_also_boil_it_as_a_porridge|Зазвичай, я працюю в полі, сію зерно. У місті його мелять і роблять хліб та ель, а ми ще й кашу з нього, ясна річ, варимо. 
str_i_work_in_the_breweries_making_ale_the_poor_folk_drink_a_lot_of_it_as_its_cheaper_than_wine_we_make_it_with_grain_brought_in_from_the_countryside|Я працюю на пивоварні - роблю ель. Простий народ частенько його п'є, адже він багато дешевший вина. А зерно для еля ми купуємо по селах.
str_i_work_in_a_mill_grinding_flour_to_make_bread_bread_is_cheap_keeps_well_and_fills_the_stomach|Я на млині працюю - борошно молю для хліба. Хліб дешевий, зберігається непогано і черево наповнює тільки так. 
str_i_tend_cattle_we_dry_and_salt_meat_to_preserve_it_and_make_cheese_from_the_milk|Я худобою займаюся: ми вялим м'ясо і солимо, а шкури відправляємо в місто - там їх обробляють. Ще ми сир з молока робимо. 
str_i_tend_cattle_we_dry_and_salt_meat_to_preserve_it_and_make_cheese_from_the_milk_so_it_doesnt_spoil|Я худобою займаюся: ми вялим м'ясо і солимо, а шкури відправляємо в місто - там їх обробляють. Ще ми сир з молока робимо. 
str_i_tend_sheep_we_send_the_wool_to_the_cities_to_be_woven_into_cloth_and_make_mutton_sausage_when_we_cull_the_herds|Я тримаю овець. Ми відправляємо шерсть в місто - там її прядуть і тчуть. А частину баранів забиваємо на м'ясо: робимо з них ковбасу і все таке. 
str_i_work_at_a_loom_spinning_cloth_from_wool_wool_is_some_of_the_cheapest_cloth_you_can_buy_but_it_will_still_keep_you_warm|Я тчу вовняні тканини. Хоч вовна і дуже дешева, але тепліше тканини не знайти!
str_i_crew_a_fishing_boat_we_salt_and_smoke_the_flesh_to_sell_it_far_inland|У мене є човен, і ми займаємося рибальством. Ми солимо і коптимо рибу, а потім відправляємо її в далекі краї.
str_i_sift_salt_from_a_nearby_flat_they_need_salt_everywhere_to_preserve_meat_and_fish|Я здобуваю сіль з мілини. Сіль - вона всім потрібна, крім того, без неї ні м'ясо, ні рибу не збережеш. 
str_i_mine_iron_from_a_vein_in_a_nearby_cliffside_they_use_it_to_make_tools_arms_and_other_goods|Я здобуваю залізо з жили в сусідніх пагорбах. Без заліза ні інструментів, ні зброї... нічого не зробиш. 
str_i_make_pottery_which_people_use_to_store_grain_and_carry_water|Я роблю горщики - в них можна зберігати зерно і тримати воду. 
str_trade_explanation_tools|Я працюю в кузні, {мій пане/пані моя}, можу викувати все, що тільки можна зробити з заліза: ножі, сокири, горщики, лемеші, коси, молоти, наковальні, кліщі, тесла, пили, голки, підкови, кресала, жаровні і, зрозуміло, герби і обладунки для вашої світлості. 
str_trade_explanation_oil|Я працюю на маслоробному пресі - отримую масло з оливок, які мені привозять із села. Масло це страшно корисне і в готуванні, і лампи з ним можна палити, воно навіть полегшує пологи. Одна біда - масло дуже дороге.
str_trade_explanation_linen|Я пряду льон з куделі, яку збирають з усіх околиць. Тканина виходить міцна та легка. Вона добре підходить для літнього одягу, вітрил і всього такого.
str_trade_explanation_velvet|Я працюю у величезній ткацької майстерні - ми робимо знаменитий оксамит, яким так славиться наше місто. Для роботи ми використовуємо шовк, який привозять з-за гір, і фарби чи не з краю землі і робимо з них таку найпрекраснішу та найдорожчу тканину, яку тільки можна знайти на білому світі.
str_trade_explanation_spice|Я працюю в караван-сараї, допомагаю купцям розвантажувати прянощі, які вони привозять з-за гір. Перець, кориця, гвоздика, шафран... Багаті люди, додають прянощі в їжу. Люди кажуть, що прянощами можна вилікувати будь-яку хворобу. 
str_trade_explanation_apples|Я якраз йду з яблуневого саду. Ми сушимо яблука, щоб вони довго зберігалися, а ще з них можна гнати сидр або яблучний оцет. 
str_trade_explanation_grapes|Я працюю на винограднику на пагорбі. З винограду ми робимо прекрасні вина, які потрапляють на стіл благородним лордам і багатим купцям, а також дешеве вино, яке простий народ змішує з водою. 
str_trade_explanation_dyes|Я працюю в караван-сараї - розвантажую фарби, які привозять в Кальрадію здалеку: червоні фарби з кошенілі і червоних коренів марени, сині з індиго і пагонів вайди, жовті з дроку. Ткачі ними забарвлюють шовк і оксамит для шляхетних людей наших земель. 
str_trade_explanation_leatherwork|Я працюю в дубильні відразу за стінами міста - роблю зі шкур відмінну, м'яку шкіру. Робота важка, страшний запах, але без цього не було б у вас, {мій пане/пані моя}, ні черевиків, ні сідла, ні вузди. 
str_trade_explanation_flax|Я сію льон, жну, сечу, а потім роблю кужіль. Ось звідки беруться всі ваші льняні шати, {мій пане/пані моя} - зі смердючої ями на краю поля. 
str_trade_explanation_dates|Я доглядаю за фініковим гаєм. Ми поливаємо дерева колодязною водою. Фініки ми продаємо по всій землі - якщо їх висушити як слід, з ними нічого за багато місяців не зробиться. Вони солодкі як мед, а якщо будете регулярно їсти, буде у вас і сила, і здоров'я. 
str_trade_explanation_olives|У мене є оливковий гай. Оливки можна солити, але зазвичай їх відправляють під прес - тиснуть із них масло.
str_s14_i_hear_that_you_can_find_a_good_price_for_it_in_s15|{s14}. Кажуть, {s15} за нього дають хорошу ціну.
str_s2s_rebellion|Повстання {s2}
str_political_suggestion|Політична пропозиція
str_instability_reg0_of_lords_are_disgruntled_reg1_are_restless|Зростання напруженості: {reg0}% лордів висловлюють незадоволення, {reg1}% неспокійні
str_reg1shehe_is_prisoner_of_s1|{reg1?Вона:Він} заручник {s1}
str_s39_rival|{s39} (суперник)
str_s41_s39_rival|{s41}, {s39} (суперник)
str_love_interest|любовний інтерес
str_betrothed|заручини
str_other_relations_s40_|Інші відносини: {s40}^
str_relation_with_liege_reg0_|Відносини з сюзереном: {reg0}^
str_sense_of_security_military_reg1_court_position_reg3_|Впевненість у власній безпеці: військової - {reg1}, при дворі - {reg3}^
str_political_details_s47_|Деталі політики:^{s47}^
str_the_s55|{s55}
str_travellers_on_the_road|подорожніх на дорозі
str_a_short_while_ago|певний час тому
str_one_day_ago|один день тому
str_two_days_day_ago|два дні тому
str_earlier_this_week|на цьому тижні
str_about_a_week_ago|блязько тижня тому
str_about_two_weeks_ago|два тижні тому
str_several_weeks_ago|кілька тижнів тому
str_unknown_assailants|невідомі нападники
str_swadians|свади
str_vaegirs|вегіри
str_khergits|хергіти
str_nords|норди
str_rhodoks|родоки
str_sarranids|сараніди
str_bandits|харцизи
str_deserters|дезертири
str_your_followers|Ваші послідовники
str_we_have_heard_that_travellers_heading_to_s40_were_attacked_on_the_road_s46_by_s39|До нас дійшли чутки, що подорожні, які прямували в {s40}, були атаковані на дорозі у {s46} {s39}
str_we_have_heard_that_travellers_coming_from_s40_were_attacked_on_the_road_s46_by_s39|До нас дійшли чутки, що подорожні, які прямували з {s40}, були атаковані на дорозі у {s46} {s39}
str_travellers_coming_from_s40_traded_here_s46|Подорожні з {s40} продавали тут {s46}
str_it_is_still_early_in_the_caravan_season_so_we_have_seen_little_tradings42|Караванний сезон тільки починається, так що торгувати поки що майже нічим.{s42}
str_there_has_been_very_little_trading_activity_here_recentlys42|Останнім часом торгівля тут майже стихла.{s42}
str_there_has_some_trading_activity_here_recently_but_not_enoughs42|Останнім часом тут торгували, але дуже неактивно.{s42}
str_there_has_some_trading_activity_here_recently_but_the_roads_are_dangerouss42|Останнім часом тут торгували, але дороги зараз дуже небезпечні.{s42}
str_the_roads_around_here_are_very_dangerouss42|Дороги тут дуже небезпечні.{s42}
str_we_have_received_many_traders_in_town_here_although_there_is_some_danger_on_the_roadss42|В цьому місті збирається безліч купців, хоча дороги тут небезпечні.{s42}
str_we_have_received_many_traders_in_town_heres42|У цьому місті збирається дуже багато купців.{s42}
str_there_is_little_news_about_the_caravan_routes_to_the_towns_of_s44_and_nearby_parts_but_no_news_is_good_news_and_those_are_therefore_considered_safe|Про караванних шляхах у міст {s44} і в сусідніх районах немає ніяких особливих новин. Втім, їх відсутність - це вже добре. Будемо вважати, що там порівняно безпечно.
str_s47_also_the_roads_to_the_villages_of_s44_and_other_outlying_hamlets_are_considered_safe|{s47} Таким чином, дороги до сіл {s44} та інших на відшибі селах, порівняно безпечні.
str_however_the_roads_to_the_villages_of_s44_and_other_outlying_hamlets_are_considered_safe|Тим не менше, дороги до сіл {s44} та інших селах на відшибі порівняно безпечні.
str_we_have_shortages_of|Нам не вистачає таких товарів:
str_we_have_adequate_stores_of_all_commodities|У нас всіх товарів в достатку
str_s33_and_some_other_commodities|{s33} та деяких інших товарів
str_the_roads_are_full_of_brigands_friend_but_that_name_in_particular_does_not_sound_familiar_good_hunting_to_you_nonetheless|На дорогах зараз повно мерзотників, але це ім'я мені нічого не говорить. У будь-якому випадку, доброго вам полювання. 
str_less_than_an_hour_ago|менше року тому
str_maybe_reg3_hours_ago|близько {reg3} годин тому
str_reg3_days_ago|{reg3} днів тому
str_youre_in_luck_we_sighted_those_bastards_s16_near_s17_hurry_and_you_might_be_able_to_pick_up_their_trail_while_its_still_hot|Вам пощастило - ми бачили цих підлих {s16} неподалік від {s17}. Якщо поквапитеся, встигнете відшукати їх по гарячих слідах.
str_you_speak_of_claims_to_the_throne_good_there_is_nothing_id_rather_do_than_fight_for_a_good_cause|Ви збираєтеся претендувати на престол. Відмінно. Що може бути краще, ніж добра битва за праве діло. 
str_you_speak_of_claims_to_the_throne_well_there_is_nothing_id_rather_do_than_fight_for_a_good_cause_but_the_claim_you_make_seems_somewhat_weak|Ви збираєтеся претендувати на престол. Ясна річ, нічого краще битви за праве діло бути не може, але ваші претензії на корону досить безпідставні.
str_i_am_pleased_that_you_speak_of_upholding_my_ancient_rights_which_are_sometimes_trod_upon_in_these_sorry_days|Приємно чути, що ви готові підтримати мої законні домагання - в наші сумні часи дехто готовий піти на це.
str_i_am_pleased_that_you_speak_of_upholding_my_ancient_rights_but_sometimes_men_make_pledges_before_they_are_king_which_they_cannot_keep_once_they_take_the_throne|Приємно чути, що ви готові підтримати мої законні претензії. Але деколи люди дають занадто поспішні клятви, яких не можуть виконати, коли стають королями.
str_you_speak_of_protecting_the_commons_well_i_supposed_thats_good_but_sometimes_the_commons_overstep_their_boundaries_im_more_concerned_that_your_claim_be_legal_so_i_can_swing_my_sword_with_a_good_conscience|Ви балакаєте про захист простолюдинів. Мабуть, це благородна мета, але часом простолюдини переходять межі. Мене більше турбує те, наскільки обгрунтовані ваші домагання з точки зору законності: якщо вони незаконні, я не зможу підтримувати вас без докорів сумління.
str_you_speak_of_giving_me_land_good_i_ask_for_no_more_than_my_due|Ви збираєтеся подарувати мені землю. Непогано. Мені не потрібно більше ніж те, що повинно бути моїм по праву.
str_you_speak_of_giving_me_land_unfortunately_you_are_not_wellknown_for_rewarding_those_to_whom_you_have_made_such_offers|Ви збираєтеся подарувати мені землю. На жаль, ходять чутки, що ви не дуже поспішаєте виконувати подібні обіцянки.
str_you_speak_of_unifying_calradia_well_i_believe_that_well_always_be_fighting__its_important_that_we_fight_for_a_rightful_cause|Ви збираєтеся об'єднати Кальрадію. Що ж, раз вже ми й без того постійно боремося, краще битися за праве діло.
str_you_talk_of_claims_to_the_throne_but_i_leave_bickering_about_legalities_to_the_lawyers_and_clerks|Ви збираєтеся претендувати на престол, але я вважаю, що сперечатися через спадщину - це, швидше, справа заколотників і боягузів.
str_you_speak_of_ruling_justly_hah_ill_believe_theres_such_a_thing_as_a_just_king_when_i_see_one|Ви балакаєте про справедливе правління. Хм! У справедливих королів я повірю, тільки якщо побачу хоча б одного своїми очима.
str_you_spoke_of_protecting_the_rights_of_the_nobles_if_you_did_youd_be_the_first_king_to_do_so_in_a_very_long_time|Ви балакаєте про захист прав знаті. Якщо ви дійсно захистите їх, то станете першим за довгий час правителем, який пішов на це.
str_you_speak_of_giving_me_land_ay_well_lets_see_if_you_deliver|Ви збираєтеся подарувати мені землю. Ну що ж, подивимося, як ви виконаєте свою обіцянку.
str_you_speak_of_giving_me_land_bah_youre_not_known_for_delivering_on_your_pledges|Ви збираєтеся подарувати мені землю. Питання тільки в тому, наскільки ви вірні своїм обіцянкам...
str_you_speak_of_unifying_calradia_well_youve_done_a_good_job_at_making_calradia_bend_its_knee_to_you_so_maybe_thats_not_just_talk|Ви збираєтеся об'єднати Кальрадію. Що ж, ви чимало зробили, щоб Кальрадія схилилася перед вами, так що, мабуть, це не порожні слова.
str_you_speak_of_unifying_calradia_id_be_impressed_if_i_thought_you_could_do_it_but_unfortunately_you_dont|Ви збираєтеся об'єднати Кальрадію. Якщо б я був впевнений у ваших силах, мене це вразило. Але я, на жаль, не впевнений.
str_you_speak_of_claims_to_the_throne_well_any_peasant_can_claim_to_be_a_kings_bastard|Ви збираєтеся претендувати на престол. Що ж, оголосити себе незаконнонародженим сином короля може будь-який селянин.
str_well_its_a_fine_thing_to_court_the_commons_with_promises_but_what_do_you_have_to_offer_me|Що ж, роздавати обіцянки простолюдинам - це непогано, але що ви готові запропонувати мені?
str_you_speak_of_protecting_the_rights_of_lords_that_would_make_a_fine_change_if_my_rights_as_lord_would_be_respected|Ви балакаєте про захист прав знаті. Якщо мої права будуть поважати, то це вже непогано.
str_you_speak_of_protecting_the_rights_of_lords_that_would_make_a_fine_change_if_my_rights_as_lord_would_be_respected_however_it_is_easy_for_you_to_make_promises_while_you_are_weak_that_you_have_no_intention_of_keeping_when_you_are_strong|Ви балакаєте про захист прав знаті. Якщо мої права будуть поважати, то це вже непогано. Однак легше роздавати обіцянки, поки ви слабкі, ніж виконувати їх, коли ви прийдете до влади.
str_you_speak_of_giving_me_land_well_my_family_is_of_ancient_and_noble_lineage_so_you_promise_me_no_more_than_my_due_still_your_gesture_is_appreciated|Ви збираєтеся подарувати мені землю. Я нащадок старовинного, благородного сімейства, тож Ви обіцяєте те, що вже належить мені по праву. Утім, я ціную Вашу обіцянку.
str_you_speak_of_giving_me_land_well_you_make_that_pledge_but_i_am_not_impressed|Ви збираєтеся подарувати мені землю. Але роздавати обіцянки легко, і мене вони не вражають.
str_you_speak_of_unifying_calradia_well_much_of_this_land_now_bends_its_knee_to_you_so_perhaps_that_is_not_just_talk|Ви збираєтеся об'єднати Кальрадію. Що ж, перед Вами схилилася більша її частина, так що, мабуть, це не порожні слова.
str_you_speak_of_unifying_calradia_but_right_now_yours_is_just_one_squabbling_faction_among_many|Ви збираєтеся об'єднати Кальрадію, але в даний момент ви очолюєте лише одну з численних угруповань, які сперечаються за владу.
str_you_speak_of_claims_well_no_offense_but_a_claim_unsupported_by_might_rarely_prospers|Ви претендуєте на багато що. Не в образу буде сказано, але без реальної сили з планів на трон рідко виходить щось толкове.
str_you_speak_of_protecting_the_commons_well_i_suppose_that_will_make_for_a_more_prosperous_realm_ive_always_tried_to_treat_my_peasants_decently_saves_going_to_bed_worrying_about_whether_youll_wake_up_with_the_roof_on_fire|Ви балакаєте про захист простолюду. Мабуть, так дійсно можна створити процвітаюче королівство. Я завжди намагався звертатися зі своїми селянами гідно - так можна менше побоюватися бунтів і підпалів.
str_you_speak_of_protecting_the_commons_very_well_but_remember_that_peasants_are_more_likely_to_cause_trouble_if_you_make_promises_then_dont_deliver_than_if_you_never_made_the_promise_in_the_first_place|Ви балакаєте про захист простолюду. Чудово. Але пам'ятайте: селяни охоче бунтують, коли дані їм обіцянки не виконуються, ніж коли їм взагалі нічого не обіцяють.
str_you_speak_of_protecting_the_rights_of_lords_good_youd_be_well_advised_to_do_that__men_fight_better_for_a_king_wholl_respect_their_rights|Ви балакаєте про захист прав знаті. Це добре - люди б'ються охочіше за того короля, який поважає їх права.
str_you_speak_of_protecting_the_rights_of_lords_very_well_but_remember__failing_to_keep_promises_which_you_made_while_scrambling_up_the_throne_is_the_quickest_way_to_topple_off_of_it_once_you_get_there|Ви балакаєте про захист прав знаті. Це непогано. Але пам'ятайте - не виконавши обіцянок, набагато легше звалитися з трону, ніж підійматися на нього, роздаючи ці обіцянки.
str_you_speak_of_giving_me_land_very_good_but_often_i_find_that_when_a_man_makes_too_many_promises_trying_to_get_to_the_top_he_has_trouble_keeping_them_once_he_reaches_it|Ви збираєтеся подарувати мені землю. Непогано. Але я дуже часто бачив, як у боротьбі за владу люди роздавали обіцянки, а потім, досягши своєї мети, їх не виконували.
str_you_speak_of_unifying_calradia_well_many_have_said_that_you_might_very_well_be_the_one_to_do_it|Ви збираєтеся об'єднати Кальрадію. Про це багато говорили, але раптом ви той самий чоловік, кому це вдасться зробити насправді?
str_you_speak_of_unifying_calradia_well_all_the_kings_say_that_im_not_sure_that_you_will_succeed_while_they_fail|Ви збираєтеся об'єднати Кальрадію. Всі королі говорять про це. Не думаю, що саме вам пощастить в цьому, тоді як інші зазнають невдачі. 
str_you_speak_of_claims_do_you_think_i_care_for_the_nattering_of_lawyers|Ви балакаєте про свої домагання. Ви й справді гадаєте, що мене цікавлять якісь судові позови?
str_you_speak_of_protecting_the_commons_how_kind_of_you_i_shall_tell_my_swineherd_all_about_your_sweet_promises_no_doubt_he_will_become_your_most_faithful_vassal|Ви балакаєте про захист простолюдинів. Як мило! Мабуть, мені варто розповісти про це своєму свинопасу. Не сумніваюся, що він стане вашим вірним васалом.
str_you_speak_of_protecing_the_rights_of_lords_such_sweet_words_but_ill_tell_you_this__the_only_rights_that_are_respected_in_this_world_are_the_rights_to_dominate_whoever_is_weaker_and_to_submit_to_whoever_is_stronger|Ви балакаєте про захист прав знаті. Гарні слова! Але знаєте що єдине шановне право в цьому світі - це право володарювати слабкими і підпорядковуватись сильним.
str_you_speak_of_giving_me_land_yes_very_good__but_you_had_best_deliver|Ви збираєтеся подарувати мені землю. Дуже добре! Але краще вам виконати обіцянку...
str_you_speak_of_giving_me_land_hah_perhaps_all_those_others_to_whom_you_promised_lands_will_simply_step_aside|Ви збираєтеся подарувати мені землю. Ха! А всі інші, кому ви вже наобіцяли того ж, просто потісняться?
str_you_speak_of_unifying_calradia_you_may_indeed_humble_the_other_kings_of_this_land_and_in_that_case_i_would_hope_that_you_would_remember_me_as_your_faithful_servant|Ви збираєтеся об'єднати Кальрадію. Сподіваюся, вам справді вдасться підпорядкувати інших королів цієї землі. І в такому разі не забувайте, що я завжди був вірний вам.
str_you_speak_of_unifying_calradia_but_you_are_weak_and_i_think_that_you_will_remain_weak|Ви збираєтеся об'єднати Кальрадію. Але Ви слабкі, і, боюся, залишитеся слабкими.
str_you_speak_of_claims_its_good_for_a_king_to_have_a_strong_claim_although_admittedly_im_more_concerned_that_he_rules_just_ly_than_with_legalities_anyway_your_claim_seems_wellfounded_to_me|Ви балакаєте про зазіхання. Непогано, коли у короля сильна підтримка, хоча було б краще, якби він просто діяв за законом. У будь-якому випадку, Ваші домагання здаються мені обгрунтованими.
str_you_speak_of_claims_but_your_claim_seems_a_bit_weak_to_me|Ви балакаєте про претензії, але вони не здаються мені такими вже обгрунтованими.
str_you_speak_of_protecting_the_commons_i_like_that_my_tenants_are_a_happy_lot_i_think_but_i_hear_of_others_in_other_estates_that_arent_so_fortunate|Ви балакаєте про захист простолюдинів. Мені це до вподоби. Мої селяни не бідують, але я чув, що в інших маєтках справи йдуть не настільки благополучно.
str_you_speak_of_protecting_the_commons_im_glad_to_hear_you_say_that_but_do_me_a_favor__dont_promise_the_commons_anything_you_cant_deliver_thats_a_sure_way_to_get_them_to_rebel_and_it_breaks_my_heart_to_have_to_put_them_down|Ви балакаєте про захист простолюдинів. Радий був почути такі слова. Але надайте послугу - не обіцяйте простолюдинам того, чого не зможете виконати. Це пряма дорога до бунту, а мені буде неприємно їх втихомирювати.
str_you_speak_of_protecting_the_rights_of_lords_well_very_good_i_suppose_but_you_know__we_lords_can_take_of_ourselves_its_the_common_folk_who_need_a_strong_king_to_look_out_for_them_to_my_mind|Ви балакаєте про захист прав знаті. Начебто непогано. Але знайте, що ми, лорди, можемо і самі про себе подбати. Мені здається, що сильний король насамперед потрібен простолюду.
str_you_speak_of_giving_me_land_its_kind_of_you_really_though_that_is_not_necessary|Ви збираєтеся подарувати мені землю. Спасибі. Втім... я не дуже її поребую.
str_you_speak_of_unifying_calradia_well_maybe_you_can_unite_this_land_by_the_sword_but_im_not_sure_that_this_will_make_you_a_good_ruler|Ви збираєтеся об'єднати Кальрадію? Може, у вас і вийде зібрати ці землі мечем. Але я не впевнений, що з вас вийде хороший правитель.
str_you_speak_of_claims_a_king_must_have_a_strong_legal_claim_for_there_not_to_be_chaos_in_the_realm_and_yours_is_wellestablished|Ви балакаєте про зазіхання на трон. Щоб у країні запанував хаос, у короля повинна бути непогана законна підтримка, і вона у вас є.
str_you_speak_of_claims_a_king_must_have_a_strong_legal_claim_for_there_not_to_be_chaos_in_the_realm_but_your_claim_is_not_so_strong|Ви балакаєте про зазіхання. Щоб у країні запанував хаос, у короля повинна бути непогана законна підтримка, але її у вас немає.
str_you_speak_of_protecting_the_rights_of_lords_it_is_of_course_important_that_a_king_respect_the_rights_of_his_vassals_although_i_worry_that_a_king_who_took_a_throne_without_proper_cause_would_not_rule_with_justice|Ви балакаєте про захист прав знаті. Звичайно, важливо, щоб король шанував права своїх васалів, але, боюся, що той, хто сам зайняв трон не по праву, не здатний до справедливого правління.
str_you_speak_of_protecting_the_rights_of_lords_it_is_of_course_important_that_a_king_respect_the_rights_of_his_vassals_however_i_would_like_to_know_that_you_would_indeed_deliver_on_your_promises|Ви балакаєте про захист прав знаті. Звичайно, важливо, щоб король шанував права своїх васалів. Але я хотів би знати, що ви і справді виконаєте свої обіцянки.
str_you_speak_of_protecting_the_commons_i_would_be_pleased_to_serve_a_king_who_respected_the_rights_of_his_subjects_although_i_worry_that_a_king_who_took_a_throne_without_proper_cause_would_not_rule_with_justice|Ви балакаєте про захист простолюдинів . Мені було б приємно служити королю, що поважає своїх підданих, хоча, боюся, що той, хто зайняв трон не по праву, не здатний правити справедливо.
str_you_speak_of_protecting_the_commons_i_would_be_pleased_to_serve_a_king_who_respected_the_rights_of_his_subjects_however_i_would_like_to_know_that_you_would_indeed_deliver_on_your_promises|Ви балакаєте про захист посполитих? Мені було б приємно служити королю, що поважає своїх підданих. І мені хотілося б вірити, що ви виконаєте свої обіцянки.
str_i_am_not_swayed_by_promises_of_reward|Мою думку не змінити обіцянками про нагороди
str_you_speak_of_unifying_calradia_it_would_be_good_to_bring_peace_to_the_realm_and_i_believe_that_you_are_strong_enough_to_do_so|Ви збираєтеся об'єднати Кальрадію. Було б чудово повернути мир в королівство, і ви, вважаю, достатньо сильні для цього.
str_you_speak_of_unifying_calradia_it_would_be_good_to_bring_peace_the_realm_but_with_your_kingdom_in_its_current_state_i_worry_that_you_are_just_bringing_more_discord|Ви збираєтеся об'єднати Кальрадію? Було б чудово повернути мир в королівство, але при поточному стані справ я боюся, що ви тільки підсилите чвари.
str_my_s11_s15|мого {s11} {s15}
str_my_s11_s18|мого {s11} {s18}
str_the_socalled_s11_s18|Так званий {s11} {s18}
str_s18_would_cheat_me_of_my_inheritance_by_heaven_i_know_my_rights_and_im_not_going_to_back_down|{s18} обманом позбавив би мене спадщини. Клянусь небом, я знаю свої права і не збираюся відступати!
str_s18_once_questioned_my_honour_and_my_bravery_i_long_for_the_day_when_i_can_meet_him_in_battle_and_make_him_retract_his_statement|{s18} одного разу засумнівався в моїй честі і моїй доблесті. З тих пір я мрію зустрітися з ним в бою і змусити взяти його слова назад.
str_s18_once_questioned_my_judgment_in_battle_by_heaven_would_he_have_us_shirk_our_duty_to_smite_our_sovereigns_foes|{s18} одного разу засумнівався в моєму рішенні в бою. Він що, хоче ухилитися від обов'язку знищувати ворогів нашого сюзерена?
str_s18_seems_to_think_he_has_the_right_to_some_of_my_property_well_he_does_not|Схоже, що {s18} вважає, ніби володіє правом на мою власність, хоча це не так.
str_s18_once_took_something_i_said_amiss_stubborn_bastard_wont_give_it_up_and_keeps_trying_to_get_me_to_recant_my_words|{s18} якось образився на моє висловлювання. Ось упертюх - він все намагається дістатися до мене, щоб я взяв свої слова назад.
str_s18_is_a_crafty_weasel_and_i_dont_trust_him_one_bit|{s18} - спритний проноза, і я не вірю ні на гріш.
str_s18_i_despite_him_he_puts_on_such_a_nauseating_display_of_virtue_and_thinks_nothing_of_insulting_his_betters|{s18}? Ненавиджу його. Вічно ходить з нудотно-добрими виглядом і не замислюючись ображає тих, хто краще його.
str_s18_entered_into_a_little_deal_with_me_and_is_now_trying_to_wriggle_out_of_it|{s18} уклав зі мною одну невелику операцію, а тепер намагається відкрутитися від неї.
str_s18_once_ran_an_errand_for_me_and_now_thinks_i_owe_him_something_i_owe_his_ilk_nothing|{s18} одного разу виконав для мене доручення, і тепер вважає, що я йому щось винен. Нічого я йому не має.
str_s18_is_soft_and_weak_and_not_fit_to_govern_a_fief_and_i_have_always_detested_him|{s18} слабкий, м'який і гідний керувати маєтком, я завжди зневажав його.
str_s18_is_a_quarrelsome_oaf_and_a_liability_in_my_opinion_and_ive_let_him_know_as_much|{s18} ні на що не годиться, крім як сперечатися і заважатиме під ногами, і я ясно сказав йому про це.
str_s18_i_am_sorry_to_say_is_far_too_softhearted_a_man_to_be_given_any_kind_of_responsibility_his_chivalry_will_allow_the_enemy_to_flee_to_fight_another_day_and_will_cost_the_lives_of_my_own_faithful_men|Мені неприємно говорити про це, але {s18} занадто м'який для людини його положення. Зі своєю лицарською поведінкою він відпустить ворога, який рано чи пізно повернеться, і це буде коштувати життів відданих мені людей.
str_s18_seems_to_have_something_against_me_for_some_reason_i_dont_like_to_talk_ill_of_people_but_i_think_hes_can_be_a_bit_of_a_cad_sometimes|Схоже, що {s18} з якоїсь причини затаїв на мене злість. Мені не подобається говорити про людей погане, але іноді він поводиться як грубіян.
str_s18_has_always_treated_me_contemptuously_although_i_have_done_him_no_wrong|{s18} завжди ставився до мене з презирством, хоч я не зробив йому нічого поганого.
str_s18_is_thoroughly_dishonorable_and_a_compulsive_spinner_of_intrigues_which_i_fear_will_drag_us_into_wars_or_incite_rebellions|{s18} абсолютно безчесний інтриган, який, як я боюся, втягне нас у війни або викличе бунт.
str_s18_disappoints_me_i_once_scolded_for_his_rashness_in_battle_and_he_took_offense_i_do_not_care_to_apologize_for_my_efforts_to_save_his_life_and_the_lives_of_his_men|{s18} розчарував мене. Я якось дорікнув його за нерозсудливість в бою, і він образився. Я не маю наміру вибачатися за спроби зберегти життя йому і його людям.
str_s18_squanders_money_and_carouses_in_a_way_most_unbefitting_a_noble_by_doing_so_he_disgraces_us_all|{s18} розкидається грошима направо і наліво і веде розгульний спосіб життя, неналежний дворянину. Своєю поведінкою він ганьбить всіх нас.
str_s18_has_been_speaking_ill_of_me_behind_my_back_or_so_they_say|{s18} відгукувався про мене погано за моєю спиною - принаймні, мені так доповідали.
str_s18_is_a_disgrace_reg3shehe_consorts_with_merchants_lends_money_at_interest_uses_coarse_language_and_shows_no_attempt_to_uphold_the_dignity_of_the_honor_bestowed_upon_reg3herhim|{s18} - суцільний сором. Плутається з купцями, позичає гроші під відсотки, використовує непристойні вирази і не демонструє ні найменшої схильності виправдати надану {reg3?їй:йому} честь.
str_s18_has_condemned_me_for_engaging_in_commerce_what_could_possibly_be_wrong_with_that|{s18} засудив мене за заняття комерцією. Не зрозумію, що в цьому поганого?
str_s18_i_have_heard_has_been_encouraging_seditious_ideas_among_the_peasantry__a_foolish_move_which_endangers_us_all|{s18}, як кажуть, поширює бунтарські ідеї серед селян - дурість, яка загрожує всім нам.
str_s18_has_called_me_out_for_the_way_i_deal_with_my_tenants_well_so_be_it_if_i_teach_them_that_they_are_the_equal_of_anyone_with_socalled_gentle_blood_what_is_it_to_reg3herhim|{s18} засудив мене за те, як я звертаюся зі своїми селянами. І що? Якщо кажу їм, що вони рівня тим, у кого в жилах тече так звана 'благорода кров', {reg3?їй:йому} яке діло?
str_a_most_gallant_gentleman_who_knows_how_to_treat_a_lady|галантний кавалер, знає, як потрібно поводитися з дамою.
str_a_base_cad|відвертий грубіян
str_a_man_who_treats_me_as_his_equal_which_is_rare|людина, яка ставиться до мене як до рівні, що зустрічається не часто
str_appears_to_value_me_with_his_estate_and_his_horse_as_prizes_worth_having|чоловік, який цінує мене, вважаючи свій маєток і скакуна гідною нагородою
str_a_bit_dull_but_what_can_you_expect|трохи дурнуватий, але чого ще чекати...
str_the_man_whom_destiny_intends_for_me|особа, призначена мені долею.
str_is_not_right_for_me__i_cannot_say_why_but_he_makes_my_skin_crawl|мені не підходить - не можу сказати чому, але від нього у мене мурашки по шкірі
str_is_a_man_who_clearly_intends_to_make_his_mark_in_the_world|чоловік, який, безумовно, має намір залишити свій слід в історії
str_is_a_layabout_a_naif_prey_for_others_who_are_cleverer_than_he|наївний нероба, легка здобич для тих, хто розумніший його
str_is_a_man_of_stalwart_character|людина з твердим характером
str_appears_to_be_a_man_of_low_morals|людина, яка мені здається, морально нестійка
str_appears_to_be_a_man_who_lacks_selfdiscipline|схожий на людину, якій не вистачає внутрішньої дисципліни
str_bandits_attacked_a_party_on_the_roads_so_a_bounty_is_probably_available|Розбійники напали на якийсь обоз, так що, ймовірно, за них призначена нагорода.
str_total_additions_reg4|Загальний плюс: {reg4}
str_total_subtractions_reg4|Загальний мінус: {reg4}
str_s11_relocates_to_s10|{s11} переміщається в {s10}
str__i_must_attend_to_this_matter_before_i_worry_about_the_affairs_of_the_realm|Я повинен розібратися з цим, перш ніж турбуватися про справи королівства.
str_the_other_matter_took_precedence|Інші справи важливіші.
str_i_cannot_leave_this_fortress_now_as_it_is_under_siege|Я не можу полишити фортецю зараз, оскільки вона в облозі.
str_after_all_we_are_under_siege|Урешті-решт, ми в облозі.
str_we_are_not_strong_enough_to_face_the_enemy_out_in_the_open|Ми недостатньо сильні, щоб боротися з ворогом у відкриту.
str_i_should_probably_seek_shelter_behind_some_stout_walls|Мабуть, я пошукаю притулку за міцними стінами.
str_enemies_are_reported_to_be_nearby_and_we_should_stand_ready_to_either_man_the_walls_or_sortie_out_to_do_battle|Ходять чутки, що вороги поблизу, так що ми повинні або розмістити людей на стінах, або здійснити вилазку.
str_the_enemy_is_nearby|Ворог поблизу.
str_as_the_marshall_i_am_assembling_the_army_of_the_realm|Як головнокомандувач я збираю армію королівства.
str_as_the_marshall_i_am_assembling_the_army_of_the_realm_and_travel_to_lands_near_s10_to_inform_more_vassals|Як головнокомандувач я збираю армію королівства. Ми вирушаємо в район {s10}, щоб повідомити про це якомога більшій кількості васалів.
str_i_intend_to_assemble_the_army_of_the_realm|Я намагаюся зібрати армію королівства.
str_as_the_marshall_i_am_leading_the_siege|Як головнокомандувач я очолюю облогу.
str_i_intend_to_begin_the_siege|Я маю намір почати облогу.
str_as_the_marshall_i_am_leading_our_raid|Як головнокомандувач я очолюю облогу.
str_i_intend_to_start_our_raid|Я маю намір зробити набіг.
str_as_the_marshall_i_am_leading_our_forces_in_search_of_the_enemy|Як головнокомандувач я очолюю війська в пошуках ворога.
str_i_intend_to_lead_our_forces_out_to_find_the_enemy|Я маю намір очолити наші війська в пошуках ворога.
str_as_the_marshall_i_am_leading_our_forces_to_engage_the_enemy_in_battle|Як головнокомандувач я очолюю війська з метою спровокувати ворога на бій.
str_i_intend_to_lead_our_forces_out_to_engage_the_enemy|Я маю намір очолити наші війська і залучити ворога на бій.
str_i_dont_have_enough_troops_and_i_need_to_get_some_more|Мені не вистачає військ, необхідно підкріплення.
str_i_am_running_low_on_troops|Чисельність моїх загонів скорочується.
str_we_are_following_your_direction|Ми дотримуємося ваших наказів.
str_i_need_to_make_preparations_for_your_wedding|Мені потрібно зробити розпорядження з приводу вашого одруження.
str_after_all_i_need_to_make_preparations_for_your_wedding|зрештою, мені потрібно зробити розпорядження з приводу вашого одруження.
str_i_am_heading_to_the_site_of_our_wedding|Я прямую до місця нашого одруження.
str_after_all_we_are_soon_to_be_wed|Урешті-решт, ми збираємося одружитися!
str_i_am_hosting_a_feast_there|Я очолюю тамтешнє свято.
str_i_have_a_feast_to_host|Мені потрібно очолити свято.
str_i_am_to_be_the_bridegroom_there|Я повинен бути там нареченим.
str_my_wedding_day_draws_near|День мого одруження наближається.
str_i_have_too_much_loot_and_too_many_prisoners_and_need_to_secure_them|У мене занадто багато здобичі і бранців, треба забезпечити їх збереження.
str_i_should_think_of_dropping_off_some_of_my_prisoners|Потрібно подумати про те, щоб позбутися від частини бранців.
str_i_need_to_reinforce_it_as_it_is_poorly_garrisoned|Мені потрібно посилити це місце, його погано охороняють.
str_there_is_a_hole_in_our_defenses|У нашій обороні є прогалина.
str_i_am_following_the_marshals_orders|Я слідую наказам головнокомандуючого.
str_the_marshal_has_given_me_this_command Цей наказ віддав мені головнокомандувач.
str_i_am_answering_the_marshals_summons|Я відгукуюся на заклик головнокомандувача.
str_our_realm_needs_my_support_there_is_enemy_raiding_one_of_our_villages_which_is_not_to_far_from_here_i_am_going_there|Моєму королівству потрібна моя допомога. Ворог руйнує село, що знаходиться неподалік звідси. Я прямую туди.
str_the_marshal_has_issued_a_summons|Головнокомандувач закликає до збору.
str_comradeinarms|товариші по зброї.
str_i_am_supporting_my_s11_s10|Я підтримую {s11} {s10}.
str_i_believe_that_one_of_my_comrades_is_in_need|Мені здається, одному з моїх товаришів потрібна допомога.
str_a_fortress_is_vulnerable|Фортеця вразлива.
str_i_believe_that_the_enemy_may_be_vulnerable|Мені здається, ворог вразливий.
str_i_need_to_inspect_my_properties_and_collect_my_dues|Мені треба провідати свої володіння й зібрати данину.
str_it_has_been_too_long_since_i_have_inspected_my_estates|Давно я не провідував своїх володінь.
str_my_men_are_weary_so_we_are_returning_home|Мої люди втомилися, тому ми повертаємося додому.
str_my_men_are_becoming_weary|Мої люди починають втомлюватися.
str_i_have_a_score_to_settle_with_the_lord_there|Мені потрібно розібратися з тамтешнім лордом.
str_i_am_thinking_of_settling_an_old_score|Я маю намір розібратися зі старою справою.
str_i_am_short_of_money_and_i_hear_that_there_is_much_wealth_there|Мені не вистачає грошей, а там, як я чув, багато багатств.
str_i_need_to_refill_my_purse_preferably_with_the_enemys_money|Мені потрібно поповнити гаманець, і краще всього грошима ворога.
str_by_striking_at_the_enemys_richest_lands_perhaps_i_can_draw_them_out_to_battle|Можливо, мені вдасться виманити ворога на бій, завдавши удару по його найбагатшим земелях.
str_i_am_thinking_of_going_on_the_attack|Я збираюся піти в атаку.
str_perhaps_if_i_strike_one_more_blow_we_may_end_this_war_on_our_terms_|Якщо я завдам ще один удар, то, мабуть, ми завершимо цю війну на наших умовах.
str_we_may_be_able_to_bring_this_war_to_a_close_with_a_few_more_blows|Ще кілька вдалих нападів, і ми завершимо цю війну.
str_i_wish_to_attend_the_feast_there|Я хочу відвідати тамтешнє свято.
str_there_is_a_feast_which_i_wish_to_attend|Там проводиться свято, яке я бажаю відвідати.
str_there_is_a_fair_lady_there_whom_i_wish_to_court|Там знаходиться прекрасна дама, до якої я хочу позалицятися.
str_i_have_the_inclination_to_pay_court_to_a_fair_lady|Мені хочеться поспостерігати за прекрасною дамою.
str_we_have_heard_reports_that_the_enemy_is_in_the_area|Згідно з донесеннями, в цьому районі знаходиться ворог.
str_i_have_heard_reports_of_enemy_incursions_into_our_territory|Згідно з донесеннями, ворог вторгся на нашу територію.
str_i_need_to_spend_some_time_with_my_household|Мені необхідно деякий час провести в своєму господарстві.
str_it_has_been_a_long_time_since_i_have_been_able_to_spend_time_with_my_household|Я давно не займаюся своїм господарством.
str_i_am_watching_the_borders|Я охороняю кордон.
str_i_may_be_needed_to_watch_the_borders|Я можу знадобитися для охорони кордонів.
str_i_will_guard_the_areas_near_my_home|Я охоронятиму кордони біля мого будинку... 
str_i_am_perhaps_needed_most_at_home|Напевно, вдома зараз чекають моєї допомоги.
str_i_cant_think_of_anything_better_to_do|Не можу уявити собі кращого завдання...
str_i_am_completing_what_i_have_already_begun|Я завершую те, що було розпочато.
str_i_dont_even_have_a_home_to_which_to_return|У мене навіть немає дому, куди можна було б повернутися.
str__i_am_acting_independently_because_no_marshal_is_appointed|Я дію самостійно, оскільки головнокомандувач не призначений.
str__i_am_acting_independently_because_our_marshal_is_currently_indisposed|Я дію самостійно, оскільки наш головнокомандувач наразі недієздатний.
str__i_am_acting_independently_because_our_realm_is_currently_not_on_campaign|Я дію самостійно, тому що моє королівство не залучено до військової кампанії.
str__i_am_not_accompanying_the_marshal_because_i_fear_that_he_may_lead_us_into_disaster|Я не супроводжую головнокомандувача, оскільки вважаю, що він може привести нас до нещастя.
str_i_am_not_accompanying_the_marshal_because_i_question_his_judgment|Я не супроводжую головнокомандувача, оскільки не довіряю його рішенням.
str_i_am_not_accompanying_the_marshal_because_i_can_do_greater_deeds|Я не супроводжую головнокомандувача, оскільки можу зробити щось більше.
str__s16_has_kept_us_on_campaign_on_far_too_long_and_there_are_other_pressing_matters_to_which_i_must_attend| Через {s16} ми занадто довго ведемо цю кампанію, адже у мене є й інші нагальні справи.
str__i_am_not_participating_in_the_marshals_campaign_because_i_do_not_know_where_to_find_our_main_army|Я не беру участь у кампанії головнокомандувача, тому що не знаю, де знаходиться наша головна армія.
str__i_am_acting_independently_although_some_enemies_have_been_spotted_within_our_borders_they_havent_come_in_force_and_the_local_troops_should_be_able_to_dispatch_them|Я дію самостійно. Біля наших кордонів були помічені ворожі загони, але вони нечисленні, і місцеві війська зможуть дати їм гідний відсіч.
str__the_needs_of_the_realm_must_come_first|Потреби королівства понад усе.
str_we_are_likely_to_be_overwhelmed_by_the_s9_let_each_defend_their_own|Швидше за все, ми будемо розгромлені {s9}. Нехай кожен захищається сам по собі.
str_we_should_see_this_siege_through|Ми доведемо цю облогу до кінця.
str_we_should_prepare_to_defend_s21_but_we_should_gather_our_forces_until_we_are_strong_enough_to_engage_them|Ми повинні підготуватися до оборони {s21}, але для цього нам потрібно буде зібрати доволі сильні війська.
str_we_should_prepare_to_defend_s21_but_first_we_have_to_gather|Ми повинні підготуватися до оборони {s21}, але спершу нам треба зібрати армію.
str_we_should_ride_to_break_the_siege_of_s21|Нам потрібно зробити набіг і зняти облогу {s21}.
str_we_should_ride_to_defeat_the_enemy_gathered_near_s21|Ми повинні зробити набіг на ворога, що перебуває поблизу від {s21}.
str_we_have_located_s21s_army_and_we_should_engage_it|Ми встановили місцезнаходження армії {s21}, і нам потрібно битися з нею.
str_this_offensive_needs_to_wind_down_soon_so_the_vassals_can_attend_to_their_own_business|Ця наступальна кампанія повинна скоро закінчитися, щоб васали змогли зайнятися своїми справами.
str_the_vassals_are_tired_we_let_them_rest_for_some_time|Васали втомилися від війни. Ми повинні надати їм час на відпочинок.
str_the_vassals_still_need_time_to_attend_to_their_own_business|Васалам все ще потрібен час для того, щоб розібратися зі своїми справами.
str_it_is_time_to_go_on_the_offensive_and_we_must_first_assemble_the_army|Пора переходити в наступ, але для початку ми повинні зібрати армію.
str_we_must_continue_to_gather_the_army_before_we_ride_forth_on_an_offensive_operation|Ми зібрали лише кілька васалів. Нам потрібно зібрати армію побільше, і тільки потім переходити в наступ.
str_there_is_no_need_to_beat_around_the_borders__we_can_take_one_of_their_important_towns|Не обов'язково битися біля кордонів, адже ми можемо захопити один з головних міст ворога.
str_we_should_exploit_our_success_over_s21_by_seizing_one_of_their_fortresses|Ми повинні зміцнити свої позиції, захопивши у {s21} одну з фортець.
str_we_shall_leave_a_fiery_trail_through_the_heart_of_the_enemys_lands_targeting_the_wealthy_settlements_if_we_can|Ми залишимо кривавий слід у серці ворожих земель, по можливості наносячи удари по багатих поселень.
str_the_army_will_be_disbanded_because_we_have_been_waiting_too_long_without_a_target|Армія буде розпущена, тому що ми надто довго чекали без діла.
str_it_is_time_for_the_feast_to_conclude|Час святу закінчитися.
str_we_should_continue_the_feast_unless_there_is_an_emergency|Якщо немає надзвичайних обставин, то ми повинні продовжувати свято.
str_you_had_wished_to_hold_a_feast|Мені захотілося провести свято.
str_your_wedding_day_approaches_my_lady|День Вашого одруження наближається, моя пані.
str_your_wedding_day_approaches|День Вашого одруження наближається.
str_s22_and_s23_wish_to_marry|{s22} і {s23} побажали одружитися.
str_it_has_been_a_long_time_since_the_lords_of_the_realm_gathered_for_a_feast|Давно лорди цього королівства не збиралися на свято.
str_the_circumstances_which_led_to_this_decision_no_longer_apply_so_we_should_stop_and_reconsider_shortly|Обставини, що вимагали цього рішення, змінилися, тож нам варто зупинитися і прийняти нове рішення.
str_s15_is_at_war_with_s16_|{s15} воює з {s16}. 
str_in_the_short_term_s15_has_a_truce_with_s16_as_a_matter_of_general_policy_|найближчим часом {s15} укладе мир з {s16}. Це питання загальної політики.
str_in_the_short_term_s15_was_recently_provoked_by_s16_and_is_under_pressure_to_declare_war_as_a_matter_of_general_policy_|Нещодавно {s16} спровокував {s15}, змушуючи його оголосити війну. Що ж стосується загальної політики,
str_s12s15_cannot_negotiate_with_s16_as_to_do_so_would_undermine_reg4herhis_own_claim_to_the_throne_this_civil_war_must_almost_certainly_end_with_the_defeat_of_one_side_or_another|{s12}{s15} не може вести переговорів з {s16}, оскільки це підірве {reg4?її:його} власні претензії на трон. Ця громадянська війна остаточно закінчиться поразкою однією зі сторін.
str_s12s15_considers_s16_to_be_dangerous_and_untrustworthy_and_shehe_wants_to_bring_s16_down|{s12}{s15} вважає {s16} небезпечним і не вартим довіри, тому {?вона:він} хоче підпорядкувати собі {s16}.
str_s12s15_is_anxious_to_reclaim_old_lands_such_as_s18_now_held_by_s16|{s12}{s15} бажає заволодіти своїми старими землями, як-от {s18}, що нині знаходяться в руках у {s16}.
str_s12s15_feels_that_reg4shehe_is_winning_the_war_against_s16_and_sees_no_reason_not_to_continue|{s12}{s15} вважає, що {reg4?вона:він} перемагає у війні проти {s16}, і не бачить причин припиняти її.
str_s12s15_faces_too_much_internal_discontent_to_feel_comfortable_ignoring_recent_provocations_by_s16s_subjects|{s12}{s15} занадто часто стикається з внутрішнім невдоволенням, аби не звертати уваги на нещодавні провокації підданих {s16}.
str_s12even_though_reg4shehe_is_fighting_on_two_fronts_s15_is_inclined_to_continue_the_war_against_s16_for_a_little_while_longer_for_the_sake_of_honor|{s12}Навіть б'ючись на два фонти, заради своєї чести {s15} {reg4?вона:він} має намір продовжувати війну проти {s16} ще певний час.
str_s12s15_feels_that_reg4shehe_must_pursue_the_war_against_s16_for_a_little_while_longer_for_the_sake_of_honor|{s12}{s15} вважає, що заради своєї чести {reg4?їй:йому} необхідно продовжувати війну проти {s16} ще якийсь час.
str_s12s15_is_currently_on_the_offensive_against_s17_now_held_by_s16_and_reluctant_to_negotiate|{s12}{s15} зараз нападає на {s17}, що знаходиться/перебуває під захистом {s16}, і відмовляється вести переговори.
str_s12s15_is_alarmed_by_the_growing_power_of_s16|{s12} {s15} турбує зростаюча влада {s16}.
str_s12s15_distrusts_s16_and_fears_that_any_deals_struck_between_the_two_realms_will_not_be_kept|{s12}{s15} не довіряє {s16} і побоюється, що будь-яка домовленість між двома королівствами буде порушена.
str_s12s15_is_at_war_on_too_many_fronts_and_eager_to_make_peace_with_s16|{s12}{s15} веде війну одразу ж на кілька фронтів і бажає укласти мир із {s16}.
str_s12s15_seems_to_think_that_s16_and_reg4shehe_have_a_common_enemy_in_the_s17|Схоже, що {s12}{s15} вважає, що у {s16} з {reg4?нею:ним} спільний ворог {s17}.
str_s12s15_feels_frustrated_by_reg4herhis_inability_to_strike_a_decisive_blow_against_s16|{s12}{s15} докоряє себе у нездатності завдати вирішальний удар {s16}.
str_s12s15_has_suffered_enough_in_the_war_with_s16_for_too_little_gain_and_is_ready_to_pursue_a_peace|Війна {s12} {s15} з {s16} принесла багато страждань і занадто мало перемог, тож тепер настав час мирних переговорів.
str_s12s15_would_like_to_firm_up_a_truce_with_s16_to_respond_to_the_threat_from_the_s17|{s12} {s15} хоче укласти тривале перемир'я з {s16} у відповідь на загрозу з боку {s17}.
str_s12s15_wishes_to_be_at_peace_with_s16_so_as_to_pursue_the_war_against_the_s17|{s12}{s15} бажає укласти мир з {s16}, аби вести війну проти {s17}.
str_s12s15_seems_to_be_intimidated_by_s16_and_would_like_to_avoid_hostilities|Схоже, що {s12}{s15} сприймає серйозно загрози {s16} і бажає уникнути військових дій.
str_s12s15_has_no_particular_reason_to_continue_the_war_with_s16_and_would_probably_make_peace_if_given_the_opportunity|В {s12} {s15} немає особливих причин продовжувати війну з {s16}, і за відповідних умов можливе укладення миру.
str_s12s15_seems_to_be_willing_to_improve_relations_with_s16|Схоже, що {s12}{s15} бажає покращити відносини з {s16}.
str_excuse_me_how_can_you_possibly_imagine_yourself_worthy_to_marry_into_our_family|Пробачте, що?.. І як лише Вам прийшло до голови, що Ви гідні стати членом нашого сімейства?!
str_em_with_regard_to_her_ladyship_we_were_looking_specifically_for_a_groom_of_some_distinction_fight_hard_count_your_dinars_and_perhaps_some_day_in_the_future_we_may_speak_of_such_things_my_good_man|Гм... Її милости ми шукаємо нареченого, що займає певне положення в суспільстві. Відважно боріться, збирайте динари і, можливо, одного разу ми ще повернемося до цього питання, шановний!
str_em_with_regard_to_her_ladyship_we_were_looking_specifically_for_a_groom_of_some_distinction|Гм... Її милости ми шукаємо нареченого, що займає певне положення в суспільстві.
str_it_is_too_early_for_you_to_be_speaking_of_such_things_you_are_still_making_your_mark_in_the_world|Зараз ще рано говорити про це. Ви ще не показали, на що здатні.
str_you_dont_serve_the_s4_so_id_say_no_one_day_we_may_be_at_war_and_i_prefer_not_to_have_to_kill_my_inlaws_if_at_all_possible|Ви не служите {s4}, тому я скажу, що ні. Може статися так, що ми будемо воювати один з одним, а я, по можливості, не бажаю вбивати своїх родичів.
str_as_you_are_not_a_vassal_of_the_s4_i_must_decline_your_request_the_twists_of_fate_may_mean_that_we_will_one_day_cross_swords_and_i_would_hope_not_to_make_a_widow_of_a_lady_whom_i_am_obligated_to_protect|Оскільки ви не васал {s4}, я повинен відмовити вам. Мінливості долі такі, що одного разу нам доведеться схрестити мечі, а я не бажаю бачити вдовою даму, яку зобов'язаний захищати.
str_as_you_are_not_a_pledged_vassal_of_our_liege_with_the_right_to_hold_land_i_must_refuse_your_request_to_marry_into_our_family|Ви не давали васальну клятву нашому сюзерену і не маєте права володіти землею, тому я повинен відмовити вам у проханні руки представниці нашого сімейства.
str_look_here_lad__the_young_s14_has_been_paying_court_to_s16_and_youll_have_to_admit__hes_a_finer_catch_for_her_than_you_so_lets_have_no_more_of_this_talk_shall_we|Послухайте, шановний!, {s14} вже деякий час доглядає за {s16}, і ви самі повинні визнати, що їй він більш підходяща пара, ніж ви. Так що не будемо більше заводити мову про це, домовилися?
str_i_do_not_care_for_you_sir_and_i_consider_it_my_duty_to_protect_the_ladies_of_my_household_from_undesirable_suitors|Мені немає до вас ніякого діла, і я вважаю своїм обов'язком охороняти дам мого дому від посягання небажаних залицяльників...
str_hmm_young_girls_may_easily_be_led_astray_so_out_of_a_sense_of_duty_to_the_ladies_of_my_household_i_think_i_would_like_to_get_to_know_you_a_bit_better_we_may_speak_of_this_at_a_later_date|Гм... Молоденьким дівчатам легко запаморочити голову, так що з почуття обов'язку по відношенню до дам мого сімейства я повинен дізнатися вас краще. Можемо поговорити про це пізніше.
str_you_may_indeed_make_a_fine_match_for_the_young_mistress|Ви і справді підходяща пара для молодої пані.
str_madame__given_our_relations_in_the_past_this_proposal_is_most_surprising_i_do_not_think_that_you_are_the_kind_of_woman_who_can_be_bent_to_a_hushands_will_and_i_would_prefer_not_to_have_our_married_life_be_a_source_of_constant_acrimony|Мадам, враховуючи наші відносини в минулому, це досить несподівана пропозиція. Мені здається, що ви не з тих, хто схиляється перед волею чоловіка, і мені б не хотілося, щоб наша спільне життя було постійним джерелом роздратування.
str_i_would_prefer_to_marry_a_proper_maiden_who_will_obey_her_husband_and_is_not_likely_to_split_his_head_with_a_sword|Мені б хотілося взяти в дружини справжню даму, яка підпорядковується своєму чоловікові і не здатна розрубати йому голову мечем.
str_my_lady_while_i_admire_your_valor_you_will_forgive_me_if_i_tell_you_that_a_woman_like_you_does_not_uphold_to_my_ideal_of_the_feminine_of_the_delicate_and_of_the_pure|Пані, я захоплююся вашою доблестю, але, сподіваюся, ви вибачете мене за те, що ви не відповідаєте моєму ідеалу жіночності, делікатності та чистоти.
str_nah_i_want_a_woman_wholl_keep_quiet_and_do_what_shes_told_i_dont_think_thats_you|Ну вже ні. Мені потрібна спокійна жінка, яка виконує все, що їй кажуть. Мені не здається, що ви з таких.
str_my_lady_you_are_possessed_of_great_charms_but_no_properties_until_you_obtain_some_to_marry_you_would_be_an_act_of_ingratitude_towards_my_ancestors_and_my_lineage|Пані, ви неймовірно чарівні, але, на жаль, позбавлені власності. Поки ви не отримаєте володінь, одружуватися на вас було б проявом невдячності по відношенню до моїх предків і до мого родоводу.
str_my_lady_you_are_a_woman_of_no_known_family_of_no_possessions__in_short_a_nobody_do_you_think_that_you_are_fit_to_marry_into_may_family|Пані, ви жінка невідомого походження, без володінь - коротше кажучи, ніхто. Ви і справді вважаєте, що гідні увійти в моє сімейство?
str_my_lady__forgive_me__the_quality_of_our_bond_is_not_of_the_sort_which_the_poets_tell_us_is_necessary_to_sustain_a_happy_marriage|Пані, прошу пробачити мене, але природа наших відносин не з того роду, який, як стверджують поети, необхідний для щасливого шлюбу.
str_um_i_think_that_if_i_want_to_stay_on_s4s_good_side_id_best_not_marry_you|Здається мені, що якщо я хочу зберегти хороші відносини з {s4}, мені краще не одружуватися на вас.
str_you_serve_another_realm_i_dont_see_s4_granting_reg4herhis_blessing_to_our_union|Ви служите іншому королівству. Не думаю, що {s4} благословить наш союз.
str_madame_my_heart_currently_belongs_to_s4|Мадам, в даний час моє серце належить {s4}.
str_my_lady_you_are_a_woman_of_great_spirit_and_bravery_possessed_of_beauty_grace_and_wit_i_shall_give_your_proposal_consideration|Моя пані, ви жінка великої честі і доблесті, ви володієте красою, грацією і розумом. Я обдумаю вашу пропозицію.
str_my_lady_you_are_a_woman_of_great_spirit_and_bravery_possessed_of_beauty_grace_and_wit_i_would_be_most_honored_were_you_to_become_my_wife|Моя пані, ви жінка великої честі і доблесті, ви володієте красою, грацією і розумом. Я вважатиму за честь, якщо ви станете моєю дружиною.
str_ah__kais_and_layali__such_a_sad_tale_many_a_time_has_it_been_recounted_for_my_family_by_the_wandering_poets_who_come_to_our_home_and_it_has_never_failed_to_bring_tears_to_our_eyes|Ах, "Каїса і Лайялі", сумна історія! У моїй родині її часто читали мандрівні поети, які відвідували наш будинок. І всякий раз у нас на очах виступали сльози.
str_kais_and_layali_three_hundred_stanzas_of_pathetic_sniveling_if_you_ask_me_if_kais_wanted_to_escape_heartbreak_he_should_have_learned_to_live_within_his_station_and_not_yearn_for_what_he_cannot_have|Каїса і Лайялі"? Триста строф жалібних соплів - я так гадаю. Якщо Каїса не хотів померти від розриву серця, то йому слід задовольнятися тим, що у нього є, і не бажати неможливого.
str_kais_and_layali_no_one_should_ever_have_written_such_a_sad_poem_if_it_was_the_destiny_of_kais_and_layali_to_be_together_than_their_love_should_have_conquered_all_obstacles|Каїса і Лайялі"? У чому взагалі сенс такої поеми? Якби Каїсу і Лайялі судилося залишитися разом, їх любов подолала б всі перешкоди!
str_ah_kais_and_layali_a_very_old_standby_but_moving_in_its_way|А, "Каїса і Лайялі"! Старомодний твір, але по-своєму зворушливий.
str_the_saga_of_helgered_and_kara_such_happy_times_in_which_our_ancestors_lived_women_like_kara_could_venture_out_into_the_world_like_men_win_a_name_for_themselves_and_not_linger_in_their_husbands_shadow|Сага про Ельгереда і Кару?" Наші предки жили у такі щасливі часи! Жінки як Кара, могли сміливо досліджувати світ поряд з чоловіками і мали можливість заслужити собі славу, не ховаючись в тіні чоловіка.
str_ah_the_saga_of_helgered_and_kara_now_there_was_a_lady_who_knew_what_she_wanted_and_was_not_afraid_to_obtain_it|А, "Сага про Ельгереда і Кару"! Ось була дама, яка знала, чого хоче, і не боялася отримати цього.
str_the_saga_of_helgered_and_kara_a_terrible_tale__but_it_speaks_of_a_very_great_love_if_she_were_willing_to_make_war_on_her_own_family|Сага про Ельгереда і Кару?" Жахлива історія, але вона оповідає про воістино велику любов, адже заради неї Кара була готова піти війною проти свого сімейства.
str_the_saga_of_helgered_and_kara_as_i_recall_kara_valued_her_own_base_passions_over_duty_to_her_family_that_she_made_war_on_her_own_father_i_have_no_time_for_a_poem_which_praises_such_a_woman|Сага про Ельгереда і Кару?" Наскільки я пам'ятаю, Кара ставила свої ниці пристрасті вище обов'язку перед своїм сімейством, аж до того, що пішла війною на батька. Я не хочу витрачати свій час на поему, яка прославляє таку жінку!
str_the_saga_of_helgered_and_kara_how_could_a_woman_don_armor_and_carry_a_sword_how_could_a_man_love_so_ungentle_a_creature|Сага про Ельгереда і Кару?" Хіба може жінка одягатися в обладунки і брати у руки меч? І який чоловік полюбить таке грубе створення?
str_a_conversation_in_the_garden_i_cannot_understand_the_lady_in_that_poem_if_she_loves_the_man_why_does_she_tease_him_so|Бесіда в саду"? Не розумію я даму з цієї поеми. Якщо вона любить чоловіка, то навіщо їй його так дражнити?
str_a_conversation_in_the_garden_let_us_see__it_is_morally_unedifying_it_exalts_deception_it_ends_with_a_maiden_surrendering_to_her_base_passions_and_yet_i_cannot_help_but_find_it_charming_perhaps_because_it_tells_us_that_love_need_not_be_tragic_to_be_memorable|Бесіда в саду"? Так, подивимося - моралі немає, прославляє обман, наприкінці жінка піддається своїм ницим пристрастям... Але все ж я знаходжу її чарівною. Напевно тому, що вона говорить про те, що любов не обов'язково повинна бути трагічною.
str_a_conversation_in_the_garden_now_that_is_a_tale_every_lady_should_know_by_heart_to_learn_the_subtleties_of_the_politics_she_must_practice|Бесіда в саду"? Таку поему кожна дама має вивчити напам'ять, щоб пізнати всі хитрощі зваблювання.
str_a_conversation_in_the_garden_it_is_droll_i_suppose__although_there_is_nothing_there_that_truly_stirs_my_soul|Бесіда в саду"? Смішна, вважаю, - хоча в ній немає нічого, що зворушило моє серце.
str_storming_the_fortress_of_love_ah_yes_the_lady_sits_within_doing_nothing_while_the_man_is_the_one_who_strives_and_achieves_i_have_enough_of_that_in_my_daily_life_why_listen_to_poems_about_it|Штурм Замку Кохання"? Ах, так. Дама сидить і нічого не робить, поки чоловік чогось домагається і отримує. Мені цього вистачає і в повсякденному житті. Навіщо ще слухати поему про це?
str_storming_the_fortress_of_love_ah_yes_an_uplifting_tribute_to_the_separate_virtues_of_man_and_woman|Штурм Замку Кохання"? Ах, так. Оптимістичний твір, який говорить про те, що чеснота чоловіка і чеснота жінки різні.
str_storming_the_fortress_of_love_ah_yes_but_although_it_is_a_fine_tale_of_virtues_it_speaks_nothing_of_passion|Штурм Замку Кохання"? Ах, так. Витончена історія про чесноти, але про пристрасть там ні слова!
str_storming_the_fortress_of_love_ah_a_sermon_dressed_up_as_a_love_poem_if_you_ask_me|Штурм Замку Кохання"? А... Проповідь під маскою любовної поеми - така моя думка.
str_a_hearts_desire_ah_such_a_beautiful_account_of_the_perfect_perfect_love_to_love_like_that_must_be_to_truly_know_rapture|Бажання серця"? Прекрасне оповідання про досконалості любові! Любов такого роду - справжнє просвітлення душі!
str_a_hearts_desire_silly_if_you_ask_me_if_the_poet_desires_a_lady_then_he_should_endeavor_to_win_her__and_not_dress_up_his_desire_with_a_pretense_of_piety|Бажання серця"? По-моєму, просто дурість. Якщо поет мріє про даму, то йому потрібно спробувати завоювати її, а не приховувати свої бажання під маскою благочестя!
str_a_hearts_desire_hmm__it_is_an_interesting_exploration_of_earthly_and_divine_love_it_does_speak_of_the_spiritual_quest_which_brings_out_the_best_in_man_but_i_wonder_if_the_poet_has_not_confused_his_yearning_for_higher_things_with_his_baser_passions|Бажання серця"? Гм... цікаве дослідження про любов земну і небесну любов. Воно оповідає про духовні пошуки, що підкреслюють в людині все найкраще. Тільки от цікаво, чи не переплутав поет бажання набути просвітлення зі своїми низинними пристрастями?
str_a_hearts_desire_oh_yes__it_is_very_worthy_and_philosophical_but_if_i_am_to_listen_to_a_bard_strum_a_lute_for_three_hours_i_personally_prefer_there_to_be_a_bit_of_a_story|Бажання серця"? Ах, так... дуже гідна філософська поема. Але якщо я хочу, щоб бард тринькав на своїй лютні переді мною години три, то краще б там було побільше подій.
str_reg3_units_of_s4_for_reg5_guests_and_retinue|{reg3} одиниць {s4} {reg5} гостей і свиту
str_reg3_units_of_spice_of_reg5_to_be_consumed|Буде використано {reg3} мір спецій {reg5}
str_reg3_units_of_oil_of_reg5_to_be_consumed|Буде використано {reg3} мір масла {reg5}
str_of_food_which_must_come_before_everything_else_the_amount_is_s8|Щодо насущної їжі, то її потрібно {s8}
str_s9_and_the_variety_is_s8_|{s9} і для різноманітності - {s8}. 
str_s9_of_drink_which_guests_will_expect_in_great_abundance_the_amount_is_s8|{s9} Щодо напоїв, яких гості очікують немало, то їхнє число - {s8}
str_s9_of_spice_which_is_essential_to_demonstrate_that_we_spare_no_expense_as_hosts_the_amount_is_s8_|{s9} Щодо спецій, якими ми зможемо показати нашу щедрість, то їхнє число - {s8}
str_s9_of_oil_which_we_shall_require_to_light_the_lamps_the_amount_is_s8|{s9} Щодо масла, необхідного для лямп, то його число - {s8}
str_s9_overall_our_table_will_be_considered_s8|{s9} Загалом, наш стіл оцінять як {s8}.
str_rebel|повстанець
str_bandit|розбійник
str_relation_of_prisoner_with_captor_is_reg0|відношення тюремника з полоненим: {reg0}
str_s5_suffers_attrition_reg3_x_s4|{s5} страждає від виснаження: {reg3} x {s4}
str_s10_said_on_s1_s11__|{s10} сказав {s1}: {s11}^^
str_totalling_casualties_caused_during_mission|Підрахунок утрат, понесених при виконанні завдання...
str_removing_s4_from_s5|Вилучення {s4} з {5}
str_s4_joins_prison_break|{s4} приєднується до втечі з в'язниці
str_helper_is_spawned|оголошується помічник.
str_leaving_area_during_prison_break|Полишає область під час утечі
str_talk_to_the_trainer|Побалакати з тренером.
str_woman|жінка
str_man|чоловік
str_noble|дворянин
str_common|простолюдин
str_may_find_that_you_are_able_to_take_your_place_among_calradias_great_lords_relatively_quickly|може вважати, що ви здатні відносно швидко зайняти місце серед великих лордів Кальрадії
str_may_face_some_difficulties_establishing_yourself_as_an_equal_among_calradias_great_lords|може з деякими труднощами прийняти думку про те, що ви станете рівнею великим лордам Кальрадії
str_may_face_great_difficulties_establishing_yourself_as_an_equal_among_calradias_great_lords|може з великим зусиллям прийняти думку про те, що ви станете рівнею великим лордам Кальрадії
str_current_party_morale_is_reg5_current_party_morale_modifiers_are__base_morale__50_party_size_s2reg1_leadership_s3reg2_food_variety_s4reg3s5s6_recent_events_s7reg4_total__reg5___|Поточній бойовий дух загону: {reg5}.^Поточні модифікатори бойового духу загону:^^Основний бойовий дух: +50^Розмір загону: {s2}{reg1}^Керівництво: {s3}{reg2}^Різноманітність їжі: {s4}{reg3}{s5}{s6}^Нещодавні події: {s7}{reg4}^УСЬОГО: {reg5}^^^
str_s1extra_morale_for_s9_troops__reg6_|{s1}Додатковий бойовий дух військ {s9}: {reg6}^
str_courtships_in_progress_|Залицяння:^
str_s1_s2_relation_reg3_last_visit_reg4_days_ago|{s1}^{s2}, ставлення {reg3}, останній візит {reg4} днів тому
str_s1__poems_known|{s1}^^Поеми:
str_s1_storming_the_castle_of_love_allegoric|{s1}^Штурм Замку Любові (алегорична)
str_s1_kais_and_layali_tragic|{s1}^Каїса і Лайялі (трагічна)
str_s1_a_conversation_in_the_garden_comic|{s1}^Бесіда в саду (комічна)
str_s1_helgered_and_kara_epic|{s1}^Ельгеред і Кара (епічна)
str_s1_a_hearts_desire_mystic|{s1}^Бажання серця (містична)
str_no_companions_in_service|На службі немає компаньйонів
str_gathering_support|Збір підтримки
str_expected_back_imminently|Очікується швидке повернення
str_expected_back_in_approximately_reg3_days|Очікується повернення приблизно через {reg3} днів
str_gathering_intelligence|Збір інформації
str_diplomatic_embassy_to_s9|Дипломатичне посольство до {s9}
str_serving_as_minister|Служить посланцем
str_in_your_court_at_s9|При Вашому дворі {s9}
str_under_arms|При зброї
str_in_your_party|У Вашій ватазі
str_attacking_enemy_army_near_s11|Атакує ворожу армію в {s11}
str_holding_feast_at_s11|Проводить свято {s11}
str_s9s10_current_state_s11_hours_at_current_state_reg3_current_strategic_thinking_s14_marshall_s12_since_the_last_offensive_ended_reg4_hours_since_the_decisive_event_reg10_hours_since_the_last_rest_reg9_hours_since_the_last_feast_ended_reg5_hours_percent_disgruntled_lords_reg7_percent_restless_lords_reg8__|{s9}{s10}^Поточний стан: {s11}^Годин в поточному стані: {reg3}^Поточне стратегічне мислення: {s14}^Головнокомандувач: {s12}^З часу останнього наступу: {reg4} годин^З останніх вирішальних подій: {reg10} годин^З останнього відпочинку з 18 і більше годин: {reg9} годин^З останнього закінченого свята: {reg5} годин^Відсоток незадоволених лордів: {reg7}%^Відсоток неспокійних лордів: {reg8}%^^
str__right_to_rule_reg12|^Право на правління: {reg12}.
str_political_arguments_made_legality_reg3_rights_of_lords_reg4_unificationpeace_reg5_rights_of_commons_reg6_fief_pledges_reg7|Зроблено політичних аргументів:^Законність: {reg3}^Права лордів: {reg4}^Об'єднання/мир: {reg5}^Права простолюду: {reg6}^Васальних клятв: {reg7}
str_renown_reg2_honour_rating_reg3s12_friends_s8_enemies_s6_s9|Слава: {reg2}.^Рейтинг честі: {reg3}.{s12}^Друзі: {s8}.^Вороги: {s6}.^{s9}
str_you_lie_stunned_for_several_minutes_then_stagger_to_your_feet_to_find_your_s10_standing_over_you_you_have_lost_the_duel|Деякий час ви лежите, не в силах поворухнутися, потім повільно намагаєтеся піднятися і бачите над собою {s10}. Ви програли в поєдинку.
str_s10_lies_in_the_arenas_dust_for_several_minutes_then_staggers_to_his_feet_you_have_won_the_duel|{s10} деякий час лежить у пилу арени, потім, похитуючись, піднімається на ноги. Ви виграли поєдинок!
str__this_castle_is_temporarily_under_royal_control|Цей замок тимчасово підпорядковується королю.
str__this_castle_does_not_seem_to_be_under_anyones_control|Схоже, що замок ніхто не котролює.
str__this_town_is_temporarily_under_royal_control|Це місто тимчасово підпорядковується королю.
str__the_townspeople_seem_to_have_declared_their_independence|Схоже, що жителі міста оголосили про свою незалежність.
str_to_your_husband_s11|вашому чоловікові, {s11}.
str__you_see_the_banner_of_your_wifehusband_s7_over_the_castle_gate|Над міськими воротами ви бачите прапор {дружини/чоловіка}, {s7}.
str__the_banner_of_your_wifehusband_s7_flies_over_the_town_gates|Над міськими воротами майорить прапор {дружини/чоловіка}, {s7}.
str__the_lord_is_currently_holding_a_feast_in_his_hall|^Зараз у цьому залі лорд проводить свято.
str__join_the_feast| (приєднатися до свята)
str_belligerent_drunk_in_s4|П'яниця {s4}
str_belligerent_drunk_not_found|П'яницю не знайдено
str_roughlooking_character_in_s4|Персонаж-грубіян {s4}
str_roughlooking_character_not_found|Персонаж-грубіян не знайдений
str__however_you_have_sufficiently_distinguished_yourself_to_be_invited_to_attend_the_ongoing_feast_in_the_lords_castle|. Однак Ви досить прославилися, аби Вас запросили на свято до замку лорда.
str_s8_you_are_also_invited_to_attend_the_ongoing_feast_in_the_castle|{s8}. Вас також запрошують на свято до замку.
str_s11_unfortunately_s12_was_wounded_and_had_to_be_left_behind|{s11} На жаль, {s12} {був/була} {поранений/поранена}, {/} довелося залишити.
str_s11_also_s12_was_wounded_and_had_to_be_left_behind|{s11} Також {s12} {був/була} {поранений/поранена}, {/} довелося залишити.
str_with_the_s10|{s10}
str_outside_calradia|поза Кальрадією.
str_you_have_been_indicted_for_treason_to_s7_your_properties_have_been_confiscated_and_you_would_be_well_advised_to_flee_for_your_life|Вас звинуватили у зраді {s7}. Ваші володіння конфісковано, і Вам настійно порадили рятуватися втечею.
str_by_order_of_s6_s4_of_the_s5_has_been_indicted_for_treason_the_lord_has_been_stripped_of_all_reg4herhis_properties_and_has_fled_for_reg4herhis_life_he_is_rumored_to_have_gone_into_exile_s11|За наказом {s6}, {s4} з {s5} звинуватили у зраді і позбавили володінь, так що {reg4?їй:йому} довелося рятуватися втечею. Ходять чутки, що він пішов у вигнання до {s11}.
str_local_notables_from_s1_a_village_claimed_by_the_s4_have_been_mistreated_by_their_overlords_from_the_s3_and_petition_s5_for_protection|Місцеве керівництво з {s1} (села, на яке претендує {s4}) незадоволене тим, як з ними поводяться їхні господарі з {s3}, і звернулося до {s5} за захистом.
str_villagers_from_s1_stole_some_cattle_from_s2|сільські жителі з {s1} викрали худобу {s2}
str_villagers_from_s1_abducted_a_woman_from_a_prominent_family_in_s2_to_marry_one_of_their_boys|жителі села {s1} викрали жінку відомого сімейства з {s2}, щоб видати її заміж за одного зі своїх.
str_villagers_from_s1_killed_some_farmers_from_s2_in_a_fight_over_the_diversion_of_a_stream|жителі села {s1} вбили кількох селян з {s2} під час суперечки за зміну русла струмка.
str_your_new_minister_|Ваш новий посланець 
str_s10_is_your_new_minister_and_|{s10} - ваш новий посланець, і
str_due_to_the_fall_of_s10_your_court_has_been_relocated_to_s12|Після падіння {s10} ваш двір перемістився в {s12}
str_after_to_the_fall_of_s10_your_faithful_vassal_s9_has_invited_your_court_to_s11_|Після падіння {s10} ваш вірний васал {s9} запрошує ваш двір {s11}
str_after_to_the_fall_of_s11_your_court_has_nowhere_to_go|Після падіння {s10} вашому двору нікуди переміщатися
str_s8_wishes_to_inform_you_that_the_lords_of_s9_will_be_gathering_for_a_feast_at_his_great_hall_in_s10_and_invites_you_to_be_part_of_this_august_assembly|{s8} повідомляє вам, що лорди {s9} збираються на свято в його великому залі {s10}, і запрошує вас приєднатися до цих високопоставлених зборів.
str_consult_with_s11_at_your_court_in_s12|Порадившись з {s11} при вашому дворі в {s12}
str_as_brief_as_our_separation_has_been_the_longing_in_my_heart_to_see_you_has_made_it_seem_as_many_years|Незважаючи на те, що з моменту останньої нашої зустрічі пройшов невеликий термін, пристрасне бажання побачити вас знову перетворило його у вічність.
str_although_it_has_only_been_a_short_time_since_your_departure_but_i_would_be_most_pleased_to_see_you_again|Хоча ви поїхали лише нещодавно, мені було б приємно побачити вас знову.
str_although_i_have_received_no_word_from_you_for_quite_some_time_i_am_sure_that_you_must_have_been_very_busy_and_that_your_failure_to_come_see_me_in_no_way_indicates_that_your_attentions_to_me_were_insincere_|Деякий час ви не посилали мені звісток, але я вважаю, що ви були дуже зайняті, так що ваше відсутність ні в якому випадку не свідчить про нещирість вашого інтересу до моєї персони.
str_i_trust_that_you_have_comported_yourself_in_a_manner_becoming_a_gentleman_during_our_long_separation_|Я вірю, що протягом нашої довгої розлуки ви вели себе як благородна людина.
str_it_has_been_many_days_since_you_came_and_i_would_very_much_like_to_see_you_again|Багато днів пройшло з тих пір, як ви виїхали, і мені було б радісно побачити вас знову.
str__you_should_ask_my_s11_s16s_permission_but_i_have_no_reason_to_believe_that_he_will_prevent_you_from_coming_to_see_me|Мені слід запитати дозволу у {s11} {s16}, але у мене немає причин вважати, що він не дозволить нам зустрітися.
str__you_should_first_ask_her_s11_s16s_permission|. Для початку ви повинні запитати дозволу {s11} {s16}
str__alas_as_we_know_my_s11_s16_will_not_permit_me_to_see_you_however_i_believe_that_i_can_arrange_away_for_you_to_enter_undetected|На жаль, я знаю, що {мій/моя} {s11} {s16} не дозволить нам побачитися. Тим не менш, я вважаю, що мені вдасться зробити так, щоб ви прийшли до мене потай.
str__as_my_s11_s16_has_already_granted_permission_for_you_to_see_me_i_shall_expect_your_imminent_arrival|Оскільки {моя/мій} {s11} {s16} уже {дав/дала} дозвіл на нашу зустріч, я чекаю вашого якнайшвидшого прибуття.
str_visit_s3_who_was_last_at_s4s18|Відвідати {s3}, яка в останній раз перебувала у {s4} {s18}
str_the_guards_at_the_gate_have_been_ordered_to_allow_you_through_you_might_be_imagining_things_but_you_think_one_of_them_may_have_given_you_a_wink|Вартовим біля воріт було наказано пропустити вас. Можливо, вам лише здалося, але один з них підморгнув вам
str_the_guards_glare_at_you_and_you_know_better_than_to_ask_permission_to_enter_however_as_you_walk_back_towards_your_lodgings_an_elderly_lady_dressed_in_black_approaches_you_i_am_s11s_nurse_she_whispers_urgently_don_this_dress_and_throw_the_hood_over_your_face_i_will_smuggle_you_inside_the_castle_to_meet_her_in_the_guise_of_a_skullery_maid__the_guards_will_not_look_too_carefully_but_i_beg_you_for_all_of_our_sakes_be_discrete|Вартові пильно дивляться на вас, і ви розумієте, що краще не питати у них дозволу увійти. Але коли ви вже зібрались піти, до вас наближається літня жінка, одягнена в чорне. "Я нянька {s11}", - шепоче вона наполегливим тоном. - "Одягайтеся в цю одежу і прикрийте обличчя капюшоном. Я проведу вас до замку під виглядом посудомийниці. Вартові їх особливо не оглядають. Але прошу вас, заради всього святого, не видавайте себе!
str_the_guards_glare_at_you_and_you_know_better_than_to_ask_permission_to_enter_however_as_you_walk_back_towards_your_lodgings_an_elderly_lady_dressed_in_black_approaches_you_i_am_s11s_nurse_she_whispers_urgently_wait_for_a_while_by_the_spring_outside_the_walls_i_will_smuggle_her_ladyship_out_to_meet_you_dressed_in_the_guise_of_a_shepherdess_but_i_beg_you_for_all_of_our_sakes_be_discrete|Вартові пильно дивляться на вас, і ви розумієте, що краще не питати у них дозволу увійти. Але коли ви прямуєте до своєї оселі, до вас наближається літня жінка, одягнена в чорне. "Я нянька {s11}", - шепоче вона наполегливим тоном. - "Почекайте трохи біля колодязя за стінами. Я виведу пані на зустріч з вами, переодягнувши її пастушкою. Але прошу вас, заради всього святого, не видавайте себе!
str_the_guards_glare_at_you_and_you_know_better_than_to_ask_permission_to_enter_however_as_you_walk_back_towards_your_lodgings_an_elderly_lady_dressed_in_black_approaches_you_i_am_s11s_nurse_she_whispers_urgently_her_ladyship_asks_me_to_say_that_yearns_to_see_you_but_that_you_should_bide_your_time_a_bit_her_ladyship_says_that_to_arrange_a_clandestine_meeting_so_soon_after_your_last_encounter_would_be_too_dangerous|Вартові пильно дивляться на вас, і ви розумієте, що краще не питати у них дозволу увійти. Але коли ви прямуєте до своєї оселі, до вас наближається літня жінка, одягнена в чорне.^"Я нянька {s11}", - шепоче вона наполегливим тоном. - "Моя пані просила передати, що вона пристрасно бажає побачитися з вами, але ви повинні трохи почекати. Вона стверджує, що було б небезпечно зустрічатися з нею потайки зараз, через недовгий час після останньої зустрічі".
str_the_guards_glare_at_you_and_you_know_better_than_to_ask_permission_to_enter|Вартові пильно дивляться на вас, і ви розумієте, що краще не питати у них дозволу увійти.
str_party_with_commander_mismatch__check_log_for_details_|Неузгодженість з командиром загону - перевірте деталі в балці
str_doing_political_calculations_for_s9|Розрахунок політики для {s9}
str_current_wealth_reg1|Поточній стан: {reg1}
str_wanted_bandits_spotted_by_s4|Розшукувані бандити помічені у {s4}
str_s4_ready_to_voice_objection_to_s3s_mission_if_in_party|{s4} виступить проти завдання {s3}, якщо перебуває в групі
str_strange_that_one_didnt_seem_like_your_ordenary_troublemaker_he_didnt_drink_all_that_much__he_just_stood_there_quietly_and_watched_the_door_you_may_wish_to_consider_whether_you_have_any_enemies_who_know_you_are_in_town_a_pity_that_blood_had_to_be_spilled_in_my_establishment|Дивно. Він не схожий на звичайного задираку. І багато не пив - просто тихо стояв там, не зводячи очей з дверей. Чи немає у вас яких недругів, яким відомо, що ви в місті?.. Шкода, що в моєму закладі пролилася кров...
str_you_never_let_him_draw_his_weapon_still_it_looked_like_he_was_going_to_kill_you_take_his_sword_and_purse_i_suppose_he_was_trouble_but_its_not_good_for_an_establishment_to_get_a_name_as_a_place_where_men_are_killed|Ви не дозволили йому оголити свою зброю... І все ж, схоже, що він збирався вбити вас. Візьміть його зброю і гаманець. Він доставляв чимало клопоту, але для закладу було б небажано прославитися як місце вбивства.
str_well_id_say_that_he_started_it_that_entitles_you_to_his_sword_and_purse_i_suppose_have_a_drink_on_the_house_as_i_daresay_youve_saved_a_patron_or_two_a_broken_skull_still_i_hope_he_still_has_a_pulse_its_not_good_for_an_establishment_to_get_a_name_as_a_place_where_men_are_killed|Ну що ж... Мабуть, він почав перший. І це, напевно, дає вам право на його зброю і гаманець. Випийте за рахунок закладу, оскільки, схоже, ви зберегли черепа одному-двом завсідникам. Хоча я сподіваюся, що пульс у нього ще прощупується. Для закладу, було б небажано прославитися як місце вбивства.
str_stop_no_shooting_no_shooting|Негайно припиніть! Жодних смертоубийств!
str_em_ill_stay_out_of_this|Е... стривай-но я в стороні!
str_the_s12_is_a_labyrinth_of_rivalries_and_grudges_lords_ignore_their_lieges_summons_and_many_are_ripe_to_defect|{s12} - скопище суперників і незадоволених буркотунів. Лорди не відповідають на заклик свого сюзерена, багато з них готові зрадити йому.
str_the_s12_is_shaky_many_lords_do_not_cooperate_with_each_other_and_some_might_be_tempted_to_defect_to_a_liege_that_they_consider_more_worthy|{s12} - нестійке утворення. Багато лордів відмовляються співпрацювати один з одним, інші готові перекинутися до сюзерена, якого вважають більш гідним.
str_the_s12_is_fairly_solid_some_lords_bear_enmities_for_each_other_but_they_tend_to_stand_together_against_outside_enemies|{s12} - досить міцне утворення. Деякі лорди затаїли образу на інших, але всі вони намагаються триматися разом проти зовнішніх ворогів.
str_the_s12_is_a_rock_of_stability_politically_speaking_whatever_the_lords_may_think_of_each_other_they_fight_as_one_against_the_common_foe|{s12} - осередок політичної стабільності. Що б лорди не думали одне про одного, всі вони борються проти спільного ворога.
str_tribune_s12|Трибун {s12}
str_lady_s12|Пані {s12}
str_lord_s12|Пан {s12}
str_resolve_the_dispute_between_s11_and_s12|Вирішіть спір між {s11} і {s12}
str_in_doing_so_you_will_be_in_violation_of_your_truce_is_that_what_you_want|Вчинивши так, ви порушите перемир'я. Ви справді цього бажаєте?
str_if_you_attack_without_provocation_some_of_your_vassals_may_consider_you_to_be_too_warlike_is_that_what_you_want|Якщо ви нападете без приводу, деякими з ваших васалів здасться, що ви дуже войовничі. Ви справді цього бажаєте?
str_our_men_are_ready_to_ride_forth_at_your_bidding_are_you_sure_this_is_what_you_want|Наші люди готові виступити за вашим наказом. Ви справді цього бажаєте?
str_seek_recognition|домагатися визнання
str_seek_vassalhood|домагатися васалітету
str_seek_a_truce|добиватися перемир'я
str__promised_fief| (обіцяний наділ)
str_no_fiefss12|(немає наділів){s12}
str_fiefs_s0s12|(наділи: {s0}{s12})
str_please_s65_|Прошу вас, {s65},
str__s15_is_also_being_held_here_and_you_may_wish_to_see_if_reg4shehe_will_join_us|{s15} також утримують тут, і якщо ви побажаєте {reg4?вона:він} може приєднатися до нас.
str_one_thing_in_our_favor_is_that_s12s_grip_is_very_shaky_he_rules_over_a_labyrinth_of_rivalries_and_grudges_lords_often_fail_to_cooperate_and_many_would_happily_seek_a_better_liege|Єдине, що в нашу користь, так це те, що вплив {s12} кріпиться на хиткій основі. Він править скопищем суперників і незадоволених буркотунів. Лорди часто відмовляються співпрацювати один з одним, і багато готові знайти собі іншого володаря.
str_thankfully_s12s_grip_is_fairly_shaky_many_lords_do_not_cooperate_with_each_other_and_some_might_be_tempted_to_seek_a_better_liege|Добре, що вплив {s12} невеликий. Багато лордів відмовляються співпрацювати один з одним, і деякі готові знайти собі іншого володаря.
str_unfortunately_s12s_grip_is_fairly_strong_until_we_can_shake_it_we_may_have_to_look_long_and_hard_for_allies|На жаль, вплив {s12} досить великий. Поки ми не послабимо його, нам доведеться довго шукати собі прихильників.
str_unfortunately_s12s_grip_is_very_strong_unless_we_can_loosen_it_it_may_be_difficult_to_find_allies|На жаль, вплив {s12} дуже великий. Поки ми не послабимо його, нам буде важко знайти собі прихильників.
str_playername_come_to_plague_me_some_more_have_you|{playername}... Ти тут, щоб знову мучити мене, адже так?
str_ah_it_is_you_again|А, це знову ви...
str_well_playername|Ну що ж, {playername}
str_flagon_of_mead|бутиль меду
str_skin_of_kumis|бурдюк кумису
str_mug_of_kvass|кухоль квасу
str_cup_of_wine|чаша вина
str_you_intend_to_challenge_s13_to_force_him_to_retract_an_insult|Ви маєте намір кинути виклик {s13}? щоб примусити його вибачитися за образу.
str_youll_have_to_speak_to_me_at_some_other_time_then|Тоді тобі треба поговорити зі мною в який-небудь інший час.
str_this_is_no_time_for_words|Зараз не час базікати!
str_of_course_my_wife|Звичайно, дружино моя.
str_perhaps_not_our_marriage_has_become_a_bit_strained_dont_you_think|Напевно, ні. Наш шлюб стає трохи натягнутим, хіба ні?
str_why_is_that_my_wife_actually_our_marriage_has_become_such_that_i_prefer_to_have_a_witness_for_all_of_our_converations|А чому так, дружина моя? Наш шлюб став таким, що я волію розмовляти при свідках.
str_all_right_then_what_do_you_have_to_say_out_with_it|Ну гаразд. Що ви хочете сказати? Давайте, викладайте.
str_bah__im_in_no_mood_for_whispering_in_the_corner|Ні, я не в настрої шепотітися по кутах.
str_bah_i_dont_like_you_that_much_im_not_going_to_go_plot_with_you_in_some_corner|Ні, мені це не подобається. Я не збираюся шепотітися з Вами по кутках і плести змови.
str_well__now_what_do_you_have_to_propose|Ну що, які будуть пропозиції?
str_trying_our_hand_at_intrigue_are_we_i_think_not|Намагаємося плести інтриги, так? Не вийде.
str_hah_i_trust_you_as_a_i_would_a_serpent_i_think_not|Ха! Вірити вам все одно, що вірити гадюці. Не вийде.
str_i_do_not_like_to_conduct_my_business_in_the_shadows_but_sometimes_it_must_be_done_what_do_you_have_to_say|Я не бажаю вести свої справи в тіні, але щось треба зробити. Так про що ви?
str_i_would_prefer_to_conduct_our_affairs_out_in_the_open|Я віддаю перевагу вести наші справи у відкриту.
str_do_not_take_this_amiss_but_with_you_i_would_prefer_to_conduct_our_affairs_out_in_the_open|Не зрозумійте неправильно, але я віддаю перевагу вести наші з вами справи відкрито.
str_hmm_you_have_piqued_my_interest_what_do_you_have_to_say|Хм. Мене це зацікавило. Так що ви хочете сказати?
str_em_lets_keep_our_affairs_out_in_the_open_for_the_time_being|Ее... Давайте поки вести наші справи у відкриту.
str_thats_sensible__the_world_is_full_of_churls_who_poke_their_noses_into_their_betters_business_now_tell_me_what_it_is_that_you_have_to_say|Це розумно - у світі повно шахраїв, які сунуть свій ніс в справи оточуючих. А тепер скажіть, що у вас за пропозиція.
str_what_do_you_take_me_for_a_plotter|За кого ви мене приймаєте? За інтригана?
str_well_i_normally_like_to_keep_things_out_in_the_open_but_im_sure_someone_like_you_would_not_want_to_talk_in_private_unless_heshe_had_a_good_reason_what_is_it|Ну, зазвичай я веду справи у відкриту, але я впевнений, що хтось ніби вас не {став/стала} б говорити зі мною наодинці без вагомої причини. В чому справа?
str_surely_we_can_discuss_whatever_you_want_to_discuss_out_here_in_the_open_cant_we|Ми ж можемо обговорювати все, що вам потрібно, не ховаючись, чи не так?
str_im_a_simple__man_not_one_for_intrigue_but_id_guess_that_you_have_something_worthwhile_to_say_what_is_it|Я людина проста і не люблю інтриги, але схоже, що вам і справді є що сказати. В чому справа?
str_forgive_me_but_im_not_one_for_going_off_in_corners_to_plot|Вибачте мене, але я не з тих, хто шепочеться по кутах і влаштовує змови.
str_please_do_not_take_this_amiss_but_i_do_not_trust_you|Будь ласка, не зрозумійте мене неправильно, але я вам не довіряю.
str_certainly_playername_what_is_it|Звичайно, {playername}. В чому справа?
str_forgive_me_but_id_prefer_to_keep_our_conversations_in_the_open|Вибачте, але я віддаю перевагу вести розмови не ховаючись.
str_please_do_not_take_this_amiss_but_im_not_sure_you_and_i_are_still_on_those_terms|Будь ласка, не зрозумійте мене неправильно, але я не впевнений, що між нами все залишилося по-старому
str_really_well_this_is_the_first_i_have_heard_of_it_unless_you_build_up_support_for_that_claim_you_may_find_it_difficult_to_find_allies_however_whenever_you_see_fit_to_declare_yourself_publically_as_queen_i_should_be_honored_to_be_your_consort|Справді? Вперше чую про це. Поки ваші домагання не будуть забезпечені солідним підставою, вам буде важко знайти союзників. Тим не менше, якщо ви готові оголосити себе королевою, я вважатиму за честь стати вашим чоловіком.
str_yes_i_have_heard_such_talk_while_it_is_good_that_you_are_building_up_your_support_i_do_not_think_that_you_are_quite_ready_to_proclaim_yourself_yet_however_i_will_let_you_be_the_judge_of_that_and_when_you_decide_i_should_be_honored_to_be_your_consort|Да... Я щось чув про це. Це добре, що ви забезпечили собі підтримку, але не думаю, що ви готові оголосити себе королевою. У будь-якому разі, судити про це особисто вам, і коли ви приймете рішення, я вважатиму за честь стати вашим чоловіком.
str_yes_and_many_others_in_calradia_think_so_as_well_perhaps_it_is_time_that_you_declared_yourself_and_we_shall_ride_forth_together_to_claim_your_throne_i_should_be_honored_to_be_your_consort|Та... і багато в Кальрадії думають так само. Можливо, настав час для того, щоб ви оголосили себе королевою, і разом ми б сіли на трон. Вважатиму за честь стати вашим чоловіком.
str_i_am_disturbed_about_my_lord_s15s_choice_of_companions|Мене турбує вибір компаньйонів мого лорда {s15}.
str_well_ill_be_honest_i_feel_that_sometimes_s15_overlooks_my_rights_and_extends_his_protection_to_the_unworthy|Ну, якщо говорити відверто, то іноді мені здається, що {s15} забуває про мої права і захищає недостойних.
str_heh_one_thing_that_ill_say_about_s15_is_that_he_has_a_ripe_batch_of_bastards_in_his_court|Ха! Все, що я можу сказати про {s15}, так це те, що у нього при дворі справжній розплідник негідників.
str_well_sometimes_i_have_to_say_that_i_question_s15s_judgment_regarding_those_who_he_keeps_in_his_court|Що ж, доводиться визнати, що іноді я сумніваюся в тому, наскільки вірні судження {s15} щодо його придворних.
str_s15_is_a_weak_man_who_too_easily_lends_his_ear_to_evil_council_and_gives_his_protection_to_some_who_have_done_me_wrong|{s15} - слабка людина, його легко збити з пантелику недоброю радою, а в результаті він захищає деяких з тих, хто був несправедливий до мене.
str_i_will_confess_that_sometimes_i_worry_about_s15s_judgment_particularly_in_the_matter_of_the_counsel_that_he_keeps|Зізнаюся, що мене турбують судження {s15}, особливо щодо його радників.
str_what_do_i_think_i_think_that_s15_is_a_vile_pretender_a_friend_to_the_flatterer_and_the_hypocrite|Що я думаю? Я думаю, що {s15} - підлий лицедій, свій серед підлабузників і лицемірів.
str_well_s15_is_not_like_you_ill_say_that_much|Ну, {s15} не як ви. Цього, здається, досить.
str_s15_long_may_he_live|{s15}? Хай живе він багато літ!
str_he_is_my_liege_that_is_all_that_i_will_say_on_this_matter|Він мій сюзерен. Це все, що я можу сказати з цього приводу.
str_that_you_are_the_rightful_heir_to_the_throne_of_calradia|Що ви законний спадкоємець трону Кальрадії?
str_that_s14_is_the_rightful_ruler_of_calradia|Що {s14} - законний правитель Кальрадії?
str_that_s14_will_rule_this_land_justly|Що {s14} буде правити справедливо?
str_that_s14_will_protect_our_rights_as_nobles|Що {s14} зборонить наші права знаті?
str_that_s14_will_unify_this_land_and_end_this_war|Що {s14} об'єднає цю землю та покінчить з цією війною?
str_that_s14_will_reward_me_with_a_fief|Що {s14} нагородить мене наділом?
str_king|король
str_queen|королева
str_khan|хан
str_i|я
str_according_to_the_ancient_law_and_custom_of_the_calradians_s45_should_be_s47|Згідно з древнім законом і кальрадійськими звичаями {s45} {повинен/повинна} стати {s47}
str_because_s44_is_the_rightful_s47_of_the_s46|Тому що {s44} - {повноправний/повноправна} {s47} {s46}
str_you_speak_of_claims_and_legalities_yet_to_others_you_talk_of_bringing_peace_by_force|Ви балакаєте про права й законності, але іншим розповідаєте про примушення до миру силою
str_you_speak_of_bringing_peace_by_force_yet_to_others_you_make_legal_claims|Ви балакаєте про примушення до миру силою, а іншим - про свої законні права на трон.
str_you_speak_to_some_of_upholding_the_rights_of_the_commons_yet_you_speak_to_others_of_uphold_the_rights_of_nobles_what_if_those_rights_are_in_conflict|Одним ви кажете про права простолюдинів, іншим - про права знаті. А що, якщо ці права суперечать один одному?
str_you_speak_to_me_of_upholding_my_rights_as_a_lord_but_to_others_you_talk_of_upholding_the_rights_of_all_commons_what_if_those_rights_come_into_conflict|Ви балакаєте про те, що готові підтримати мої права лорда, але іншим розповідаєте про права простолюдинів. А що, якщо ці права суперечать один одному?
str_a_claim_should_be_strong_indeed_before_one_starts_talking_about_it|Перш ніж теревенити про права, необхідно серйозне обгрунтування.
str_a_king_should_prove_his_valor_beyond_any_doubt_before_he_starts_talking_about_a_claim_to_the_throne|Перш ніж теревенити про претензії на трон, королю, безсумнівно, варто довести свою доблесть.
str_you_must_prove_yourself_a_great_warrior_before_men_will_follow_you_as_king|Ви повинні показати себе великим воїном, і тільки після цього люди підуть за вами як за королем.
str_a_claim_to_the_throne_should_be_strong_indeed_before_one_presses_it|Перш ніж наполягати на цьому, необхідно серйозне обгрунтування.
str_indeed_but_a_man_must_also_prove_himself_a_great_warrior_before_men_will_follow_you_as_king|Дійсно. Але щоб люди пішли за людиною як за королем, він також повинен показати себе великим воїном.
str_my_pigherd_can_declare_himself_king_if_he_takes_he_fancy_i_think_you_need_to_break_a_few_more_heads_on_tbe_battlefield_before_men_will_follow_you|Оголосити себе королем може і мій свинопас, якщо йому в голову прийде такий каприз. Мені здається, вам слід розбити побільше голів на полі брані, перш ніж люди підуть за вами.
str_if_you_do_not_wish_to_die_on_a_scaffold_like_so_many_failed_pretenders_before_you_i_would_suggest_that_you_to_build_your_claim_on_stronger_foundations_so_that_men_will_follow_you|Якщо не бажаєте закінчити життя на шибениці, як багато претендентів до вас, ваші домагання повинні мати більш міцну основу - тільки так люди підуть за вами.
str_if_you_do_not_wish_to_die_on_a_scaffold_like_so_many_failed_pretenders_before_you_i_would_advise_you_prove_yourself_on_the_field_of_battle_so_that_men_will_follow_you|Якщо не бажаєте закінчити життя на шибениці, як багато претендентів до вас, вам потрібно показати свою звитягу на полі бою - тільки так люди підуть за вами.
str_talk_is_for_heralds_and_lawyers_real_kings_prove_themselves_with_their_swords|Розмови - для герольдов і правознавців. Справжні королі доводять свою правоту мечем.
str_i_were_you_i_would_try_to_prove_myself_a_bit_more_before_i_went_about_pressing_my_claim|На вашому місці я б спочатку намагався показати, на що я здатний, і тільки потім наполягав на своїх правах.
str_indeed_please_continue|Справді. Прошу Вас, продовжуйте.
str_me|мене
str_i_worry_about_those_with_whom_you_have_chosen_to_surround_yourself|Мене турбують ті, кого ви обрали, і наблизили до себе.
str_there_are_some_outstanding_matters_between_me_and_some_of_your_vassals_|Між мною і деякими з ваших васалів є певні невирішені справи.
str_my_liege_has_his_faults_but_i_dont_care_for_your_toadies|У мого повелителя є свої недоліки, але мені наплювати на ваших підлабузників.
str_i_think_youre_a_good_man_but_im_worried_that_you_might_be_pushed_in_the_wrong_direction_by_some_of_those_around_you|Мені здається, ви хороша людина, але мене турбує те, що деякі люди з вашого оточення можуть підштовхнути вас в невірному напрямку.
str_i_am_loathe_to_fight_alongside_you_so_long_as_you_take_under_your_wing_varlots_and_base_men|Я не хочу битися пліч-о-пліч з вами, поки ви оточуєте себе покидьками і негідниками.
str_ill_be_honest__with_some_of_those_who_follow_you_i_think_id_be_more_comfortable_fighting_against_you_than_with_you|Скажу відверто - якщо вас оточують такі люди, то мені було б спокійніше битися проти вас, ніж поруч з вами.
str_i_say_that_you_can_judge_a_man_by_the_company_he_keeps_and_you_have_surrounded_yourself_with_vipers_and_vultures|На мою думку, про людину можна судити по його оточенню, а ви оточили себе гадюками і стерв'ятниками.
str_you_know_that_i_have_always_had_a_problem_with_some_of_our_companions|Ви знаєте, що у мене завжди були проблеми з деким з ваших компаньйонів.
str_politically_i_would_be_a_better_position_in_the_court_of_my_current_liege_than_in_yours|З політичної точки зору, мені краще залишатися при дворі свого нинішнього володаря, а не переходити до Вас.
str_i_am_more_comfortable_with_you_and_your_companions_than_with_my_current_liege|Мені приємніше перебувати поруч із Вами та Вашими компаньйонами, аніж поруч з моїм нинішнім володарем.
str_militarily_youre_in_no_position_to_protect_me_should_i_be_attacked_id_be_reluctant_to_join_you_until_you_could|З військової точки зору ви не зможете захистити мене, якщо на мене нападуть. Я не бажаю приєднуватися до вас, поки ви не забезпечите такий захист.
str_militarily_when_i_consider_the_lay_of_the_land_i_realize_that_to_pledge_myself_to_you_now_would_endanger_my_faithful_retainers_and_my_family|Прийнявши до уваги поточну ситуацію, я прийшов до думки, що присягни я вам на вірність зараз, і це поставить б під загрозу безпеку моїх слуг і мого сімейства.
str_militarily_youre_in_no_position_to_come_to_my_help_if_someone_attacked_me_i_dont_mind_a_good_fight_but_i_like_to_have_a_chance_of_winning|З військової точки зору ви не зможете захистити мене, якщо на мене нападуть. Я не проти хорошого бою, але мені подобається, коли у мене більше шансів на перемогу.
str_militarily_you_would_have_me_join_you_only_to_find_myself_isolated_amid_a_sea_of_enemies|Судячи з військової ситуації, після приєднання до вас я залишуся на самоті посеред моря ворогів.
str_militarily_youre_in_no_position_to_come_to_my_help_if_someone_attacked_me_youd_let_me_be_cut_down_like_a_dog_id_bet|З військової точки зору ви не зможете захистити мене, якщо на мене нападуть. Боюся, ви не будете обурюватися, навіть коли мене приріжуть як собаку.
str_militarily_i_wouldnt_be_any_safer_if_i_joined_you|Виходячи з військових міркувань, з вами мені не буде безпечніше.
str_militarily_i_might_be_safer_if_i_joined_you|Щодо військової ситуації, то з Вами мені буде безпечніше.
str_finally_there_is_a_cost_to_ones_reputation_to_change_sides_in_this_case_the_cost_would_be_very_high|Нарешті, потрібно завжди як слід подумати, перш ніж змінювати васальну залежність, навіть якщо на те є вагомі причини: тому, хто з легкістю змінює сеньйорів, важко завоювати собі добре ім'я. В даному випадку ціна моєї репутації буде досить високою.
str_finally_there_is_a_cost_to_ones_reputation_to_change_sides_in_this_case_the_cost_would_be_significant|Нарешті, потрібно завжди як слід подумати, перш ніж змінювати васальну присягу, навіть якщо на те є вагомі причини, адже тому, хто з легкістю змінює сеньйорів, важко завоювати собі добре ім'я. В даному випадку ціна моєї репутації буде великою.
str_finally_there_is_a_cost_to_ones_reputation_to_change_sides_in_this_case_however_many_men_would_understand|Нарешті, потрібно як слід подумати, перш ніж змінювати васальну залежність, навіть якщо на те є вагомі причини: тому, хто з легкістю змінює сеньйорів, важко завоювати собі добре ім'я. Втім, в даному випадку мене багато хто зрозуміє.
str_i_will_not_have_it_be_said_about_me_that_i_am_a_traitor_that_is_my_final_decision_i_have_nothing_more_to_say_on_this_matter|Я не дам приводу називати мене зрадником. Це моє остаточне рішення. Мені більше нічого сказати на цей рахунок.
str_i_am_pledged_to_defend_s14_i_am_sorry_though_we_may_meet_on_the_battlefield_i_hope_that_we_will_still_be_friends|Я дав клятву захищати {s14}. Прошу вибачити мене. І хоча ми можемо зустрітися на полі брані, сподіваюся, що ми залишимося друзями.
str_i_really_cannot_bring_myself_to_renounce_s14_i_am_sorry_please_lets_not_talk_about_this_any_more|Я насправді не можу відвернутися від {s14}, прошу вибачити мене. Будь ласка, не будемо більше про це говорити.
str_however_i_have_decided_that_i_must_remain_loyal_to_s14_i_am_sorry|Тим не менше, я вирішив, що збережу вірність {s14}. Прошу пробачити мене.
str_however_i_will_not_let_you_lead_me_into_treason_do_not_talk_to_me_of_this_again|Тим не менше, я не дам вам приводу підштовхнути мене до зради. Не говоріть більше зі мною про це.
str_its_not_good_to_get_a_reputation_as_one_who_abandons_his_liege_that_is_my_decision_let_us_speak_no_more_of_this_matter|Буде погано, якщо я заслужу репутацію зрадника свого сюзерена. Таке моє рішення. Давайте більше не будемо говорити про це.
str_ive_decided_to_stick_with_s14_i_dont_want_to_talk_about_this_matter_any_more|Я буду триматися {s14}. Не хочу більше про це говорити.
str_you_are_challenging_me_to_a_duel_how_droll_as_you_wish_playername_it_will_be_good_sport_to_bash_your_head_in|Викликаєте мене на поєдинок? Смішно! Як побажаєте, {playername}! З превеликим задоволенням расколочу вашу голову.
str_call_me_coward_very_well_you_leave_me_no_choice|Називаєте мене боягузом? Чудово, ви не залишаєте мені вибору.
str_reg3_hours|{reg3} годин.
str_hour|год.
str_however_circumstances_have_changed_since_we_made_that_decision_and_i_may_reconsider_shortly_s16|Однак з тих пір, як ми прийняли це рішення, обставини змінилися, і незабаром я можу передумати. {s16}
str_i_wish_to_marry_your_s11_s10_i_ask_for_your_blessing|Я бажаю поєднатися шлюбом з вашою {s11}, {s10}. Прошу вашого благословення.
str_i_wish_to_marry_your_s11_s10_i_ask_for_your_help|Я бажаю поєднатися шлюбом з вашою {s11}, {s10}. Прошу вашої допомоги.
str_you_plan_to_marry_s3_at_a_feast_hosted_by_s4_in_s5_you_should_be_notifed_of_the_feast_as_soon_as_it_is_held|Ви плануєте поєднатися шлюбом з {s3} на святі, проведеному {s4} {s5}. Вам повідомлять про свято відразу, як тільки воно почнеться.
str_your_s11_|ваша {s11},
str_i_ask_again_may|Я питаю знову,
str_may|Можу
str_very_well_as_far_as_im_concerned_i_suppose_she_can_see_most_anyone_she_likes__within_reason_of_course|Чудово. Що до мене, то вона може бачитися з будь-яким, хто їй подобається - в межах розумного, звичайно.
str_very_well_an_alliance_with_you_could_be_valuable_go_chat_with_her_and_see_if_you_can_get_her_to_take_a_fancy_to_you_if_she_doesnt_and_if_we_still_want_to_conclude_this_business_then_i_can_make_her_see_reason|Чудово. Союз із вами буде вельми корисний. Поговоріть з нею і з'ясуйте, наскільки зможете їй сподобатися. Якщо ви їй не сподобаєтеся, то я спробую її переконати.
str_you_have_my_blessing_to_pay_suit_to_her__so_long_as_your_intentions_are_honorable_of_course_depending_on_how_things_proceed_between_you_two_we_may_have_more_to_discuss_at_a_later_date|Даю вам своє благословення на залицяння - поки ваші наміри благородні, зрозуміло. В залежності від того, як будуть розвиватися ваші відносини, пізніше ми зможемо обговорити це ще раз.
str_the_war_has_barely_begun_so_and_it_is_too_early_to_say_who_is_winning_and_who_is_losing|Війна ледве почалася, тому рано говорити про те, хто перемагає і хто програє.
str_we_have_been_hitting_them_very_hard_and_giving_them_little_chance_to_recover|Ми завдавали їм удар за ударом, залишаючи мало шансів на відновлення.
str_the_fighting_has_been_hard_but_we_have_definitely_been_getting_the_better_of_them|Бій був важким, але ми безумовно взяли верх над ними.
str_they_have_been_hitting_us_very_hard_and_causing_great_suffering|Вони завдавали нам удар за ударом і заподіяли чималі страждання.
str_the_fighting_has_been_hard_and_i_am_afraid_that_we_have_been_having_the_worst_of_it|Бій був важким, і, боюся, ми не здобули перемогу.
str_both_sides_have_suffered_in_the_fighting|В битві постраждали обидві сторони.
str_no_clear_winner_has_yet_emerged_in_the_fighting_but_i_think_we_are_getting_the_better_of_them|В бою ще не визначився переможець, але, схоже, ми отримуємо гору.
str_no_clear_winner_has_yet_emerged_in_the_fighting_but_i_fear_they_may_be_getting_the_better_of_us|В бою ще не визначився переможець, але, схоже, щастя не на нашому боці.
str_no_clear_winner_has_yet_emerged_in_the_fighting|В бою ще не визначився переможець.
str_there_is_no_campaign_currently_in_progress|Наразі жодних компаній немає.
str_we_are_assembling_the_army|Ми збираємо армію.
str_we_aim_to_take_the_fortress_of_s8|Ми маємо намір взяти фортецю {s8}.
str_we_are_on_a_raid_and_are_now_targeting_s8|Ми здійснюємо набіг і зараз націлилися на {s8}.
str_we_are_trying_to_seek_out_and_defeat_s8|Ми намагаємося знайти і перемогти {s8}.
str_we_are_riding_to_the_defense_of_s8|Ми прямуємо на захист {s8}.
str_we_are_gathering_for_a_feast_at_s8|Ми збираємося на свято {s8}.
str__however_that_may_change_shortly_s14|Однак це незабаром може змінитися. {s14}
str_it_is_our_custom_to_seal_any_such_alliances_with_marriage_and_in_fact_we_have_been_looking_for_a_suitable_groom_for_my_s11_s14|В наших звичаях закріплювати подібні союзи шлюбом, і до того ж моя дочка {s14} гідна хорошого нареченого, можливо у вас є шанс ....
str_once_again_|знову
str_cheat__marriage_proposal|Чит - пропозиція шлюбу
str_you_plan_to_marry_s4_as_you_have_no_family_in_calradia_he_will_organize_the_wedding_feast|Ви плануєте поєднатися шлюбом з {s4}. Оскільки у вас немає сім'ї в Кальрадії, влаштовувати свято будемо ми.
str_s43_just_so_you_know_if_you_attack_me_you_will_be_in_violation_of_the_truce_you_signed_with_the_s34|{s43} Знайте - якщо ви нападаєте на мене, то порушите перемир'я, підписане вами і {s34}
str_very_well__you_are_now_my_liege_as_well_as_my_husband|Чудово - тепер ви мій чоловік і пан, і на вас лежать всі відповідні зобов'язання.
str_i_thank_you_reg39my_ladylord|Дякую вам, {reg39?пані:пане}.
str_now_some_might_say_that_women_have_no_business_leading_mercenary_companies_but_i_suspect_that_you_would_prove_them_wrong_what_do_you_say|Дехто може стверджувати, що не діло жінкам керувати загоном найманців, але мені здається, що ви спростували таку думку. Що скажете?
str_what_do_you_say_to_entering_the_service_of_s9_as_a_mercenary_captain_i_have_no_doubt_that_you_would_be_up_to_the_task|Як щодо того, щоб вступити на службу до {s9} капітаном найманців? Я не сумніваюся, що це завдання вам по плечу.
str_s9_asked_you_to_rescue_s13_who_is_prisoner_at_s24|{s9} попросив врятувати {s13}, якого утримують бранцем {s24}.
str_s9_asked_you_to_attack_a_village_or_some_caravans_as_to_provoke_a_war_with_s13|{s9} попросив вас напасти на село чи на якій-небудь караван, щоб спровокувати війну з {s13}.
str_s9_asked_you_to_catch_the_three_groups_of_runaway_serfs_and_bring_them_back_to_s4_alive_and_breathing_he_said_that_all_three_groups_are_heading_towards_s3|{s9} прохає вас зловити три групи втікачів селян і повернути їх в {s4} живими. Він сказав, що ці три групи прямують до {s3}.
str_you_intend_to_bring_goods_to_s9_in_preparation_for_the_feast_which_will_be_held_as_soon_as_conditions_permit|Продовжуйте доправляти провізію до {s9} для свята. Свято розпочнеться само, щойно буде готова провізія й дозволять обставини.
str_hello_playername|День добрий, {playername}
str_ah_my_gentle_playername_how_much_good_it_does_my_heart_to_see_you_again|Ах, {playername}. Як же мені приємно вас бачити!
str_playername__i_am_so_glad_to_see_you_again_i_must_say_i_do_envy_your_freedom_to_ride_out_and_experience_the_world|{playername} - як же радісно бачити вас знову! Зізнаюся, я заздрю вашій волі скакати куди хочеш і досліджувати світ.
str_playername__i_am_so_glad_to_see_you_i_trust_that_you_have_been_behaving_honorably_since_last_we_met|{playername} - приємно вас бачити. Думаю, ви поводилися гідно з тих пір, як ми зустрічалися в останній раз.
str_playername__i_am_so_glad_that_you_were_able_to_come|{playername} - добре, що вам вдалося прийти.
str_i_do_enjoy_speaking_to_you_but_i_am_sure_you_understand_that_our_people_cluck_their_tongues_at_a_woman_to_spend_too_long_conversing_with_a_man_outside_her_family__although_the_heavens_know_its_never_the_man_who_is_held_to_blame_|Мені подобається розмовляти з Вами. Але, гадаю, Ви розумієте, що люди люблять попліткувати про дівчину, яка розмовляє з чоловіком, що не належить її родині. Хоча - бачать небеса - такого чоловіка не можна в чомусь звинуватити.
str_as_much_as_i_enjoy_speaking_to_you_i_do_not_care_to_be_gossiped_about_by_others_who_might_lack_my_grace_and_beauty_|Я рада поговорити з вами, і мені немає діла до пересудів заздрісників, яким бракує моєї грації та краси.
str_i_do_so_enjoy_speaking_to_you_but_as_a_daughter_of_one_of_the_great_families_of_this_land_i_must_set_an_example_of_propriety_|Мені дуже подобається розмовляти з вами. Але як дочка одного з найвпливовіших родин цієї землі, я повинна залишатися прикладом чесноти.
str_i_do_so_enjoy_speaking_to_you_but_as_a_daughter_of_good_family_i_must_protect_my_reputation_|Мені дуже подобається розмовляти з вами. Але як дочка пристойного сімейства я повинна берегти свою репутацію.
str_although_it_is_kind_of_you_to_pay_me_such_attentions_i_suspect_that_you_might_find_other_ladies_who_may_be_more_inclined_to_return_your_affection|З вашого боку дуже люб'язно, що ви приділяєте мені так багато уваги, але, підозрюю, ви можете знайти інших дам, більш розташованих відповідати вам взаємністю.
str_as_flattered_as_i_am_by_your_attentions_perhaps_you_should_seek_out_another_lady_of_somewhat_shall_we_say_different_tastes|Я задоволена вашою увагою, але, мабуть, вам краще пошукати іншу даму... яка має... як би сказати... інші смаки.
str_as_flattered_as_i_am_by_your_attentions_i_am_a_daughter_of_good_family_and_must_be_aware_of_my_reputation_it_is_not_seemly_that_i_converse_too_much_at_one_time_with_one_man_i_am_sure_you_understand_now_if_you_will_excuse_me|Я задоволена вашою увагою, але я дочка пристойного сімейства і повинна берегти свою репутацію. Мені не годиться розмовляти занадто довго з одним чоловіком. Сподіваюся, ви розумієте. А тепер, якщо ви вибачите мене...
str_very_well__i_will_let_you_choose_the_time|Чудово. Я дозволю вам вибрати час.
str_good_i_am_glad_that_you_have_abandoned_the_notion_of_pushing_me_into_marriage_before_i_was_ready|Добре! Я рада, що ви залишили думку домагатися моєї руки до тих пір, поки я не буду готова.
str_i_am|Я...
str_s12_s11_to_s14|{s12} {s11} {s14}
str_s12_i_am_here_for_the_feast|{s12}. Я за запрошенням на свято.
str_another_tournament_dedication_oh_i_suppose_it_is_always_flattering|Ще одна посвята під час турніру? Ах, думаю, це завжди так лестить...
str_do_you_why_what_a_most_gallant_thing_to_say|Правда? Дуже люб'язно з вашого боку.
str_hmm_i_cannot_say_that_i_altogether_approve_of_such_frivolity_but_i_must_confess_myself_a_bit_flattered|Гм... не можу сказати, що схвалюю таку легковажність, але зізнаюся, що злегка задоволена.
str_why_thank_you_you_are_most_kind_to_do_so|Ну... дякую. Дуже люб'язно з вашого боку.
str_you_are_most_courteous_and_courtesy_is_a_fine_virtue_|Ви дуже чемні, а чемність це чимала перевага.
str_hmm_youre_a_bold_one_but_i_like_that_|Гм. Ви досить сміливі, і це мені подобається.
str_ah_well_they_all_say_that_but_no_matter_a_compliment_well_delivered_is_at_least_a_good_start_|Ах, усі так кажуть. Але неважливо. Принаймні, хороший комплімент - це непоганий початок.
str_oh_do_you_mean_that_such_a_kind_thing_to_say|Ах! Ви дійсно так вважаєте? Як люб'язно з вашого боку!
str_you_are_a_most_gallant_young_man_|Ви дуже галантний кавалер.
str__do_come_and_see_me_again_soon| Можете прийти і побачити мене ще раз.
str_you_intend_to_ask_s12_for_permission_to_marry_s15|Ви збираєтеся запитати у {s12} дозволу одружитися {s15}.
str_you_intend_to_ask_s12_to_pressure_s10_to_marry_you|Ви збираєтеся попросити {s12} умовити {s10} взяти з вами шлюб.
str_do_be_careful_i_am_so_much_endebted_to_you_for_this|Будьте обережні! Я вдячний вам за це...
str_go_then__we_shall_see_which_of_you_triumphs|Ну що ж, ідіть - побачимо, хто переможе...
str_sigh_i_will_never_truly_understand_men_and_their_rash_actions|Зітхання... Я ніколи не розуміла чоловіків з їх бездумними вчинками
str_you_intend_to_challenge_s13_to_force_him_to_relinquish_his_suit_of_s11|Ви збираєтеся кинути виклик {s13} і змусити його відмовитися від залицяння за {s11}.
str_farewell|Прощавайте!
str_farewell_playername|Прощавайте, {playername}!
str___we_believe_that_there_is_money_to_be_made_selling_|Ми вважаємо, що можна заробити грошей, продаючи 
str__we_carry_a_selection_of_goods_although_the_difference_in_prices_for_each_is_not_so_great_we_hope_to_make_a_profit_off_of_the_whole|Ми веземо різні товари. І хоча різниця в цінах для кожного невелика, ми сподіваємося отримати певний прибуток від усіх одразу.
str_s14and_other_goods|{s14}та інші товари.
str__have_you_not_signed_a_truce_with_our_lord| Хіба Ви не уклали перемир'я з нашим лордом?
str_parole|пароль
str_normal|нормальний
str__meanwhile_s51_reg2areis_being_held_in_the_castle_but_reg2havehas_made_pledges_not_to_escape_and_reg2areis_being_held_in_more_comfortable_quarters| Тим часом {s51} утримують у замку, але він поклявся не втікати, і тому його перевели до зручніших приміщень.
str_you_may_be_aware_my_lord_of_the_quarrel_between_s4_and_s5_which_is_damaging_the_unity_of_this_realm_and_sapping_your_authority_if_you_could_persuade_the_lords_to_reconcile_it_would_boost_your_own_standing_however_in_taking_this_on_you_run_the_risk_of_one_the_lords_deciding_that_you_have_taken_the_rivals_side|Мабуть, вам відомо, пане мій, про сварку між {s4} і {s5}, що загрожує єдності цього королівства і підриває ваш авторитет. Якщо б ви могли вмовити лордів примиритися, то тим самим зміцнили би своє становище. Однак при цьому є ризик, що один лорд вирішить, ніби ви стали на бік іншого.
str_you_may_be_aware_my_lord_of_the_quarrel_between_s4_and_s5_which_is_damaging_the_unity_of_this_realm_and_sapping_your_authority_if_you_could_persuade_the_lords_to_reconcile_i_imagine_that_s7_would_be_most_pleased_however_in_taking_this_on_you_run_the_risk_of_one_the_lords_deciding_that_you_have_taken_the_rivals_side|Певне, вам відомо, пане мій, про сварку між {s4} і {s5}, що загрожує єдності цього королівства і підриває ваш авторитет. Якщо б ви могли вмовити лордів примиритися, то {s7} залишився б дуже задоволений. Однак при цьому є ризик, що один лорд вирішить, ніби ви стали на бік іншого.
str__of_course_the_land_is_currently_at_peace_so_you_may_have_better_luck_in_other_realms|Звісно ж, на цій землі зараз панує мир, тож Ви можете спробувати щастя в інших королівствах.
str_here|тут
str_over|неподалік,
str_s8_in_s12|{s8} {s12}
str__has_put_together_a_bounty_on_some_bandits_who_have_been_attacking_travellers_in_the_area| зібрав нагороду за кількох бандитів, нападників на подорожніх у цій області.
str__is_looking_for_a_way_to_avoid_an_impending_war|шукає можливости запобігти навислій загрозі війни.
str__may_need_help_rescuing_an_imprisoned_family_member|може потребувати допомоги у порятунку члена сім'ї з полону.
str__has_been_asking_around_for_someone_who_might_want_work_id_watch_yourself_with_him_though|шукав кого-небудь для роботи. Щоправда, я б поводився з ним обережніше.
str_town|місто.
str_castle|замок.
str__but_he_is_holding_there_as_a_prisoner_at_dungeon_of_s13| Але його утримують там як бранця в темниці.
str_they_say_that_s9_is_a_most_conventional_maiden__devoted_to_her_family_of_a_kind_and_gentle_temperament_a_lady_in_all_her_way|Ходять чутки, що {s9} - звичайнісінька дівчина, яка поважає свою сім'ю, добра і слухняна, справжня молода пані.
str_they_say_that_s9_is_a_bit_of_a_romantic_a_dreamer__of_a_gentle_temperament_yet_unpredictable_she_is_likely_to_be_led_by_her_passions_and_will_be_trouble_for_her_family_ill_wager|Ходять чутки, що {s9} - якоюсь мірою романтична мрійниця, спокійна, але непередбачувана. Швидше за все, вона може піддатися своїм пристрастям і заподіяти сімейству деяке занепокоєння.
str_they_say_that_s9_is_determined_to_marry_well_and_make_her_mark_in_the_world_she_may_be_a_tremendous_asset_for_her_husband__provided_he_can_satisfy_her_ambition|Ходять чутки, що {s9} бажає вдало вийти заміж і добитися слави. Для чоловіка це буде непогане придбання - за умови, що йому вдасться задовольнити її самолюбство!
str_they_say_that_s9_loves_to_hunt_and_ride_maybe_she_wishes_she_were_a_man_whoever_she_marries_will_have_a_tough_job_keeping_the_upper_hand_i_would_say|Ходять чутки, що {s9} любить полювання і верхову їзду. Напевно їй хотілося народитися чоловіком! Хто б на ній не одружився, йому буде досить важко тримати його в узді.
str_they_say_that_s9_is_a_lady_of_the_highest_moral_standards_very_admirable_very_admirable__and_very_hard_to_please_ill_warrant|Ходять чутки, що {s9} - дама найвищих моральних засад. Це, звичайно, чудово і гідно усілякого заохочення... Але, боюся, дуже важко зробити так, щоб вона залишилася задоволена.
str_s9_is_now_betrothed_to_s11_soon_we_believe_there_shall_be_a_wedding|{s9} зараз заручена з {s11}. Вважають, що скоро буде весілля!
str_i_have_not_heard_any_news_about_her|Я не чув ніяких новин про неї.
str_they_say_that_s9_has_shown_favor_to_s11_perhaps_it_will_not_be_long_until_they_are_betrothed__if_her_family_permits|Ходять чутки, що {s9} виявила своє зацікавлення {s11}. Можливо, незабаром будуть заручини, якщо її сім'я дозволить.
str_they_say_that_s9_has_been_forced_by_her_family_into_betrothal_with_s11|Ходять чутки, що сім'я змусила {s9} укласти заручини з {s11}.
str_they_say_that_s9_has_agreed_to_s11s_suit_and_the_two_are_now_betrothed|Ходять чутки, що {s9} погодилася відповісти на залицяння {s11}, і зараз вони заручені.
str_they_say_that_s9_under_pressure_from_her_family_has_agreed_to_betrothal_with_s11|Ходять чутки, що {s9} під тиском сім'ї погодилася на заручини з {s11}.
str_they_say_that_s9_has_refused_s11s_suit|Ходять чутки, що {s9} відмовила {s11}.
str_they_say_that_s11_has_tired_of_pursuing_s9|Ходять чутки, що {s9} втомилася від наполегливості {s11}.
str_they_say_that_s9s_family_has_forced_her_to_renounce_s11_whom_she_much_loved|Ходять чутки, що сім'я змусила {s9} відмовити {s11}, якого вона так кохала.
str_they_say_that_s9_has_run_away_with_s11_causing_her_family_much_grievance|Ходять чутки, що {s9} втекла з {s11}, ніж доставила своїй родині чимало горя.
str_they_say_that_s9_and_s11_have_wed|Ходять чутки, що {s9} і {s11} одружилися.
str_they_say_that_s9_was_recently_visited_by_s11_who_knows_where_that_might_lead|Ходять чутки, що {s9} нещодавно відвідував {s11}. Хто знає, до чого це призведе!
str_there_is_not_much_to_tell_but_it_is_still_early_in_the_season|Говорити поки особливо не про що, хоча зараз ще початок сезону.
str_s12there_is_a_feast_of_the_s3_in_progress_at_s4_but_it_has_been_going_on_for_a_couple_of_days_and_is_about_to_end_|{s12} {s4}, там зараз у розпалі свято, але воно триває вже кілька днів і незабаром закінчиться.
str_s12there_is_a_feast_of_the_s3_in_progress_at_s4_which_should_last_for_at_least_another_day_|{s12} {s4} у розпалі свято {s3}, і воно повинне тривати хоча б іще один день.
str_s12there_is_a_feast_of_the_s3_in_progress_at_s4_which_has_only_just_begun_|{s12} {s4} тільки-но розпочалося свято {s3}.
str_not_at_this_time_no|Наразі немає.
str_s12the_great_lords_bring_their_daughters_and_sisters_to_these_occasions_to_see_and_be_seen_so_they_represent_an_excellent_opportunity_to_make_a_ladys_acquaintance|{s12}Великі лорди привозять для таких подій своїх дочок і сестер, адже це прекрасна можливість вивести їх у світ і знайти їм підходящу пару.
str_you_will_not_be_disappointed_sirmadam_you_will_not_find_better_warriors_in_all_calradia|Ви не будете розчаровані, {пане/пані}. У всій Кальрадії ви не знайдете кращих воїнів.
str_your_excellency|ваше первосвященство
str_s10_and_s11|{s10} і {s11}
str_your_loyal_subjects|ваші вірні піддані
str_loyal_subjects_of_s10|вірні піддані {s10}
str_the|
str_we|ми
str_track_down_s7_and_defeat_him_defusing_calls_for_war_within_the_s11|Розшукайте {s7} і змусьте відмовитися від війни з {s11}.
str_track_down_the_s9_who_attacked_travellers_near_s8_then_report_back_to_the_town|{s9} нападають на подорожніх у {s8},розшукайте їх, а потім повідомте про це місто.
str_do_you_wish_to_award_it_to_one_of_your_vassals|Бажаєте дарувати одному з своїх васалів?
str_who_do_you_wish_to_give_it_to|Кому ви бажаєте дарувати це?
str_sire_my_lady_we_have_taken_s1_s2|{Пане/Міледі}, ми захопили {s1}. {s2}
str_s12i_want_to_have_s1_for_myself|{s12}Я хочу залишити {s1} собі. {s2}
str_fiefs_s0|(наділів: {s0})
str_production_setting_buy_from_market|Ми купуємо сировину на ринку.
str_production_setting_buy_from_inventory|В своєму інвентарі ми використовуємо тільки сировину.
str_production_setting_produce_to_inventory|Ми кладемо свою продукцію в інвентар.
str_production_setting_produce_to_market|Ми продаємо свою продукцію безпосередньо в інвентар.
str_feast_quest_expired|Ми не змогли провести свято як було заплановано. Швидше за все, виною тому були чвари між фракціями чи інші події. Але при бажанні ви можете спробувати повторити свято.
str_whereabouts_unknown|Місцезнаходження невідомо.
str_mulberry_groves|акрів шовковичних гаїв
str_olive_groves|акрів оливкових гаїв
str_acres_flax|акрів полів льону
str_enterprise_enemy_realm|{Пане/Пані}, ви не зважаєте ворогом цього королівства. Але ми не можемо дозволити придбати тут землю.
str_you_intend_to_denounce_s14_to_s13_on_behalf_of_s12|Ви вирішуєте потай звинуватити {s14} перед обличчям {s13} за дорученням {s12}
str_you_intend_to_denounce_s14_to_his_face_on_behalf_of_s14|Ви вирішуєте відкрито кинути звинувачення в обличчя {s14} за дорученням {s12}
str_you_intend_to_bring_gift_for_s14|Ви маєте привезти оксамит і хутра до {s12}, а потім поговорити з {s14}, щоб дізнатися, чи вдалося влаштувати примирення.
str_we_will_gather_the_army_but_not_ride_until_we_have_an_objective|Ми зберемо армію, але не вирушимо в дорогу, поки у нас не буде мети.
str_we_shall_lay_siege_to_an_easy_fortress_to_capture|Ми збираємо наші війська коло найбільш вразливої фортеці ворога.
str_we_shall_strike_at_the_heart_of_our_foe_and_seize_the_fortress_of_s14|Ми збираємося завдати ворогові удар, який завдасть йому найбільшої шкоди.
str_we_shall_take_the_fortress_of_s14_which_appears_easily_defensible|Ми збираємося захопити фортецю, яку нам буде легше всього обороняти.
str_we_shall_cut_a_fiery_trail_through_their_richest_lands_to_draw_them_out_to_battle|Ми залишаємо згарище за своїми плечами на найбагатших землях ворога, щоб він викликав нас на бій.
str_strategy_criticism_rash|Я вважаю, що ця занадто поспішна стратегія, ставить наші війська під удар.
str_strategy_criticism_cautious|Я вважаю, що це надто обережна стратегія і що наші війська помруть з нудьги, не домігшись будь-якого успіху.
str_tavernkeeper_invalid_quest|У мене були деякі справи, але я не можу згадати подробиці.
str_faction_title_male_player|Лорд {s0}
str_faction_title_male_1|Ґраф {s0}
str_faction_title_male_2|Боярин {s0}
str_faction_title_male_3|{s0}-нойон
str_faction_title_male_4|Ярл {s0}
str_faction_title_male_5|Ґраф {s0}
str_faction_title_male_6|Емір {s0}
str_faction_title_female_player|Леді {s0}
str_faction_title_female_1|Ґрафиня {s0}
str_faction_title_female_2|Бояриня {s0}
str_faction_title_female_3|{s0}-хатун
str_faction_title_female_4|Ярла {s0}
str_faction_title_female_5|Ґрафиня {s0}
str_faction_title_female_6|Саєда {s0}
str_name_kingdom_text|Як зватиметься Ваше королівство?
str_default_kingdom_name|Королівство {s0}
str_lord_defects_ordinary|Лорд-відступник^^{s1} відмовився від клятви вірності {s3} і приєднався до {s2}
str_lord_defects_player|Лорд-відступник^^{s1} відмовився від клятви вірності {s3}, бажаючи приєднатися до Вашого королівства. Ви можете відвідати свій двір і взяти у нього васальну присягу.
str_lord_defects_player_faction|Лорд-відступник^^{s1} відмовився від клятви вірності {s3}, бажаючи приєднатися до Вашого королівства. Ви можете відвідати свій двір й узяти в нього васальну присягу.
str_lord_indicted_player_faction|За наказом {s6} {s4} з {s5} звинуватили у зраді й позбавили володінь, тому {reg4?їй:йому} довелося рятуватися втечею. Тепер {reg4?вона:він} бажає приєднатися до Вашого королівства і чекає на Вас при дворі. Розшукайте {reg4?її:його}, якщо бажаєте прийняти такого васала.
str_lord_indicted_dialog_approach|Вітаю вас, {пане/пані}! Певне, Ви чули про те, як кепсько зі мною поводився {s10}. Ходять чутки, що Ви з повагою ставитеся до своїх васалів, і якщо Ви не заперечуєте прийняти мої послуги, я вважатиму за честь приєднатися до числа Ваших васалів.
str_lord_indicted_dialog_approach_yes|І я вважатиму за честь прийняти Вашу клятву вірності.
str_lord_indicted_dialog_approach_no|Вибачте, але Ваші послуги нам не потрібні.
str_lord_indicted_dialog_rejected|Ви не жартуєте? Що ж, можливо, Ваша репутація перебільшена. Усього найкращого, {пане/пані}, я спробую підшукати іншого правителя в Кальрадії, який би гідно оцінив мої таланти.
str__has_been_worried_about_bandits_establishing_a_hideout_near_his_home|хвилюється з приводу шибайголів, які облаштувалися поруч із ним.
str_bandit_lair_quest_description|{s9} слід знайти і знищити, а потім доповісти про це {s11}.
str_bandit_hideout_preattack|Ви наближаєтеся до бандитського лігва. Схоже, {s4} ще не помітили Вас, і Вам вдається підкрастися ближче. Важкий доступ до цього місця - {s5} - означає, що атакувати зможуть лише деякі члени Вашого загону, та й ті без коней. Якщо Вашу атаку успішно відіб'ють, {s4} розбіжаться в різні боки. Чи бажаєте Ви напасти на лігво або ж почекаєте іншого випадку?
str_bandit_hideout_failure|{s4} відбивають Вашу атаку. Ви перегруповуєтесь та збираєтеся завдати черговий удар, як раптом виявляється, що вони розбіглися у різні боки і зникли. Зрозуміло, що Ваш напад не завадив їм нападати на беззахисних мандрівників.
str_bandit_hideout_success|Шляхи до відступу для підрозділів {s4} перерізані, і вони один за одним падають під Вашим натиском. Їхнє лігвище та всі здобуті нечесним чином речі тепер належать Вам.
str_bandit_approach_defile|донизу вузькою щелиною
str_bandit_approach_swamp|до самої глибини болота
str_bandit_approach_thickets|через густі зарості чагарника
str_bandit_approach_cliffs|догори скелями вздовж обриву
str_bandit_approach_cove|вздовж потоку повз скелястих круч
str_political_explanation_lord_lacks_center|Вважаю, що наділ повинен перейти до лорда, в якого немає ні земель, ні доходів.
str_political_explanation_lord_took_center|Фортеця повинна перейти тому, хто захопив її! 
str_political_explanation_most_deserving_friend|У цьому випадку мені було досить оглянути всіх моїх друзів та поплічників і вирішити, хто з них найбільше гідний цього наділу. 
str_political_explanation_most_deserving_in_faction|У цьому випадку мені довелося подумки згадати всіх місцевих лордів і вирішити, хто найбільше гідний отримати наділ.
str_political_explanation_self|За відсутності інших гідних кандидатів я обираю себе.
str_political_explanation_marshal|Я обираю найдоблеснішого з наших дворян, кому я можу довіряти та чиє ім'я не заплямоване в розбратах.
str_prisoner_at_large|великий, після того, як загарбники подолані в бою. Я вважаю, що Ваш друг незабаром з'явиться.
str_quick_battle_scene_1|Селянський будинок
str_quick_battle_scene_2|Оазис
str_quick_battle_scene_3|Перевал Тульбук
str_quick_battle_scene_4|Замок Хайма
str_quick_battle_scene_5|Замок Ульбас
str_quick_battle_troop_1|Існує одна причина, через яку після заходу сонця ніхто не ризикує ходити вулицями міста без охорони, і ім'я цієї причини - Родріго де Браганка. Одного разу до Тиру приїхав молодий честолюбний купець, який мріяв завоювати ринок оксамиту, але через жорстоку конкуренцію з родокськими торговими гільдіями, він утратив усе й перетворився на жебрака. Однак це не завадило йому перекувати залишені ваги у ножі та направити свій розум на організацію злочинного співтовариства у Велуці з підрозділами в усіх великих містах. Він досяг своєї мети, і тепер за його голову призначена набагато більша сума, ніж та, якою він колись володів. Особливе задоволення він отримує, звільняючись від тягаря матеріяльних турбот своїх колишніх конкурентів.
str_quick_battle_troop_2|У свої сімнадцять років Aззa стала головою бандитської зграї та зуміла захопити село Сірі в пустельній місцевості на південь від Кальрадії. Для цього їй довелося пролити чимало крові, але під її керівництвом збіговисько шибайголів значно розширило зону свого впливу. Віддані їй розбійники захоплювалися її ощадливістю, проникливістю та жорстокістю, а також нелюдським самовладанням. У таборі вона потурає всім своїм примхам і насолоджується розкішшю за рахунок розграбованих сусідніх поселень. Стратегічний розум і військові ресурси дозволяють їй уникати переслідувань з боку влади у себе на батьківщині, і тепер вона має намір поживитися у багатих землях Кальрадії.
str_quick_battle_troop_3|Хеген - другий син невеликого землевласника поблизу Учхали. З малих років його навчали мистецтву війни та поєдинків. Отримавши титул лицаря, він кілька років провів в армії лорда Учхали і бився проти вегірів, після чого очолив загін, який розгромив хергітів, що вторглися на землі Аміра. Завдяки цьому походу і двом наступним кампаніям він заслужив собі славу вмілого воїна. На жаль, після укладення миру його звільнили зі служби, і йому не вдалося знайти собі підходящого заняття. Не маючи надії отримати спадок і не бажаючи забувати своїх військових навичок, він зібрав загін молодих воїнів і став їхнім командиром. Тепер він має намір скористатися тим, що постійно ворогуючим державам Кальрадії завжди потрібні найманці.
str_quick_battle_troop_4|Конрад - професійний найманець із земель Баліона, що лежать далеко за західним океаном. Побачивши чимало жорстоких битв, Конрад полюбив життя солдата. Незважаючи на численні рани й розплющений булавою ніс, він завжди віддавав перевагу війні а не мирному життю, і в цьому йому допомагали сила рук, природжена винахідливість і неймовірна удача. Почувши про те, що людина його здібностей у Кальрадії може розбагатіти, Конрад разом зі своїми товаришами найняв судно і перетнув море у пошуках нових воєн. Тут у нього немає жодних переваг та вподобань, тож він готовий запропонувати свої послуги будь-якому лорду з досить важким гаманцем.
str_quick_battle_troop_5|Свере - один із так званих морських харцизів, себто піратів і відчайдушних шибайголів із північного королівства Юмне, що знаходиться за Північним морем. Ходять чутки, що це прадавня батьківщина нордів. Ще в юності він брав участь у численних набігах на своїх далеких родичів у Верчезі та Вегірісі. Але відрізняючись кмітливістю, Свере швидко збагнув, що Кальрадія - набагато багатша та квітуча земля, аніж його батьківщина, і тому, що там він зможе жити краще, ніж удома. Під час нальоту на Джаєк, Свере намагався втекти, доки його товариші грабували будинки і захоплювали бранців. Видаючи себе за сільського жителя Чалбекських гір, він швидко завоював славу хороброго бійця і тепер мріє стати командиром загону найманців.
str_quick_battle_troop_6|Борислав - мисливець родом із Чарньє, з далеких земель вегірської тундри. Усе своє життя він вистежував диких звірів, добуваючи м'ясо та жир, як і його пращури, яким ця земля давала все необхідне до того, як її спустошили нескінченні війни. Тепер дичина тут трапляється рідко - її розполохав брязкіт битв, знищили солдати. Під загрозою голоду Борислав уважав за краще спрямувати своє вміння поводитися з луком та списом проти людей. Тепер на рахунку гостроокого мисливця чимало людських життів. Йому немає справи до чвар між королівствами, його цікавить тільки, що з цього він отримає сам зі своїми товаришами.
str_quick_battle_troop_7|Ставрос народився в незалежному місті-державі Зендар і чимало років провів у загоні міської варти під керівництвом відомого капітана Харека. Там він прославився як блискучий і здатний воїн, який позбавив округ від річкових піратів, але всіх його здібностей було недостатньо, аби запобігти нещастю, яке спіткало місто. Коли Зендар розорив лігвища морських розбійників, Ставрос полишив димлячі руїни разом з іншими біженцями. Після недовгих блукань він підшукав собі місце найманця та завдяки тактичному таланту став командиром загону. Наразі він зайнятий перш за все тим, що разом з іншими найманцями та місцевою владою вистежує морських піратів та інших харцизів, прагнучи зробити ці землі безпечними для мандрівників.
str_quick_battle_troop_8|Гамара зросла в племені кочівників, у пустелі далеко від саранідських кордонів, тому спритно поводитися з пращею та списом вона вміє з малих років. Але їй зовсім не подобалося просте життя у важких краях, їй хотілося побачити далекі країни, про які розповідали чудові казки. Реальність виявилася далеко не такою прихильною до самотньої жінки - шукачеві пригод, та їй довелося заново вчитися життя в Кальрадії. Забравши зброю та броню у солдата, який спробував на неї напасти, Гамара приховала свою красу під щільною саранідською сукнею, так що багато хто й не підозрює, що вона жінка. Тим не менше на полі бою вона так само небезпечна, як й умілий воїн-чоловік. Довкола себе вона зібрала групу послідовників, разом з якими мандрує скаліченими війною землями у пошуках слави.
str_quick_battle_troop_9|Етрода не назвеш благородною людиною. Він двічі змінював своє ім'я, і у Вегірі його звинувачують майже в усіх можливих злочинах. Правда це чи ні, але сам він стверджує, що ніколи не вбивав невинних. Ще він вважає себе патріотом і кілька разів приводив загін на допомогу своїй країні. Утім, у мирний час більшість лордів намагаються триматися від нього подалі, і все через його запальний характер і готовність кинути виклик будь-кому. Народився і виріс він у нетрях Рейвадіна, рано навчився володіти луком, і у віці чотирнадцяти років утік із дому. Тепер йому тридцять два, стріляє з лука він майже ідеально, однак не дуже впевнено тримається в сідлі. Етрод - справжня місцева легенда.
str_quick_battle_troop_10|Бути дочкою знаменитого саранідського розбійника непросто, але Заїру це, схоже, ніколи не бентежило. На відміну від багатьох дівчат, вона росла справжнім воїном пустелі та з дитинства навчилася майстерно володіти мечем і луком. Коли її ровесниці опановували прядки та скалки, Заїра навчалася, як краще випатрати торговця, перш ніж забрати його гроші. У шістнадцять років вона вже вбила більше людей, аніж пересічний ветеран султанської армії. Ще до того, як Заїрі виповнилося двадцять, її батько був убитий у сутичці з іншим харцизьким ватажком. Оскільки вона була його єдиною дитиною, їй дісталася вся ватага батька. Помстившись, вона продовжила його справу. Тепер вона готова заслужити репутацію справжнього ватажка бандитської зграї.
str_quick_battle_troop_11|У житті Арго Сенднара було чимало сюрпризів. Прибувши до Кальрадії як торговець, він сподівався отримати тут більше прибутку, ніж у Лікті. Тоді він ще не знав, що розшматована війнами Кальрадія - це справжнє осине гніздо бандитів і шибайголів, і що займатися тут комерцією ще складніше, аніж у Лікті. Коли його каравани були пограбовані, і він утратив усі свої товари і гроші, його викупив один конкуруючий торговець, який узяв його супроводжуючим. Хоча Арго не міг похвалитися особливими бойовими навичками, незабаром він перейшов на один із найнебезпечніших караванних шляхів Кальрадії. Лише завдяки надзвичайній удачі йому вдалося залишитися цілим та неушкодженним, придбати цінний бойовий досвід і накопичити достатньо грошей, аби самому стати господарем каравану. Тепер він ходить на чолі караванів з товарами інших торговців.
str_tutorial_training_ground_intro_message|Походіть табором і побалакайие з воїнами - вони допоможуть Вам опанувати різні особливості бою. Пересуватися можна за допомогою клавіш A-S-D-W. Аби теревенити з людиною, підійдіть до нього так, аби на екрані з'явилося його ім'я, а потім натисніть клавішу F. З допомогою тієї ж клавіші F можна рухати предмети, відкривати двері та взаємодіяти з об'єктами. Вийти з режиму навчання можна в будь-який час, натиснувши клавішу Tab.
str_map_basic|Мапа
str_game_type_basic|Тип гри
str_battle|Захоплення
str_siege_offense|Облога (напад)
str_siege_defense|Облога (оборона)
str_character|Персонаж
str_biography|Походження
str_player|Гравець
str_enemy|Ворог
str_faction|Фракція
str_army_composition|Склад армії
str_army_size|Розмір армії
str_reg0_men|{reg0} осіб
str_start|Розпочати
str_i_need_to_raise_some_men_before_attempting_anything_else|Аби робити щось іще, мені потрібно зібрати більше людей
str_we_are_currently_at_peace|Зараз між нами мир.
str_the_marshalship|головнокомандувач
str_you|ви
str_myself|cебе
str_my_friend_s15|мого друга {s15}
str_custom_battle|Налаштування бою
str_comment_intro_liege_affiliated_to_player|Мені сказали, що Ви готові оскаржити мої посягання на трон Кальрадії. Зрозуміло, що ці новини мені не до вподоби. Проте ми досі можемо побалакати.
str_s21_the_s8_declared_war_out_of_personal_enmity|{s21} {s8} оголошує війну з особистої ворожнечі.
str_s21_the_s8_declared_war_in_response_to_border_provocations|{s21} {s8} оголошує війну у відповідь на провокації на кордоні.
str_s21_the_s8_declared_war_to_curb_the_other_realms_power|{s21} {s8} оголошує війну, щоб послабити інше королівство.
str_s21_the_s8_declared_war_to_regain_lost_territory|{s21} {s8} оголошує війну, щоб повернути втрачену територію.
str__family_|^Сім'я:
str_we_are_conducting_recce|Спочатку ми развідаєм місцевість, а потім вирішимо, що робити.
str_s49_s12_s11_end|{s49} {s12} ({s11})
str_center_party_not_active|не наша ціль, тому що у нас немає лідера, який взяв поле.
str_center_is_friendly|не наш ворог.
str_center_is_already_besieged|уже в облозі.
str_center_is_looted_or_raided_already|- це місце вже розорене
str_center_marshal_does_not_want_to_attack_innocents|- місце проживання простолюдинів. Саме вони більше всіх постраждають від розорення землі.
str_center_we_have_already_committed_too_much_time_to_our_present_siege_to_move_elsewhere|уже в облозі, тож було б помилкою переходити до іншого місця.
str_center_we_are_already_here_we_should_at_least_loot_the_village|вже близько, ми повинні взяти, що зможемо забрати і знищити решту.
str_center_far_away_we_can_reconnoiter_but_will_delay_decision_until_we_get_close|НЕ ВИКОРИСТОВУЄТЬСЯ
str_center_far_away_our_cautious_marshal_does_not_wish_to_reconnoiter|- це занадто далеко навіть для розвідки.
str_center_far_away_even_for_our_aggressive_marshal_to_reconnoiter|- це занадто далеко навіть для розвідки.
str_center_far_away_reason|{s6} далі, ніж {s5}, від нашого центру, тому втримати його буде досить складно.
str_center_closer_but_this_is_not_enought|{s6} ближче, ніж {s5}, до наших кордонів, але деякі інші причини утримують нас від атаки на {s6}.
str_center_protected_by_enemy_army_aggressive|- це місце захищають ворожі війська, які, як ми вважаємо, сильніші за наші.
str_center_protected_by_enemy_army_cautious|- це місце захищає ворожа армія, яка, як ми вважаємо, дуже сильна.
str_center_cautious_marshal_believes_center_too_difficult_to_capture|- облога цього місця була б дуже марнотратним і ризикованим заняттям.
str_center_even_aggressive_marshal_believes_center_too_difficult_to_capture|- це місце дуже добре захищене.
str_center_value_outweighed_by_difficulty_of_capture|- це місце не володіє особливою цінністю - напад на нього не вартий зусиль.
str_center_value_justifies_the_difficulty_of_capture|- це місце можна взяти, і воно варто тих зусиль, які ми витратимо на це.
str_center_is_indefensible|- це місце занадто далеко від інших наших фортець, і його буде нелегко обороняти.
str_we_are_waiting_for_selection_of_marshal|Ми очікуємо виборів головнокомандувача
str_best_to_attack_the_enemy_lands|Враховуючи чисельність наших військ, найкраща стратегія - це напад на землі ворога.
str_we_believe_the_fortress_will_be_worth_the_effort_to_take_it|Ми вважаємо, фортеця вартує можливих зусиль на її захоплення.
str_we_will_gather_to_defend_the_beleaguered_fortress|Ми зберемо війська для захисту обложеної фортеці.
str_the_enemy_temporarily_has_the_field|Ворогові вдалося тимчасово взяти під контроль поле бою, так що нам потрібно відступити в укриття.
str_center_has_not_been_scouted| - це місце ще не було розвідано, але ми можемо відправитися туди і вирішити, що робити, вже на місці.
str_we_have_assembled_some_vassals|Ми зібрали деякого з васалів, але почекаємо, поки до нас не прибудуть інші, і лише потім вторгнемся в землі ворога.
str_we_are_waiting_here_for_vassals|Ми чекаємо, коли до нас прибудуть васали.
str_we_are_travelling_to_s11_for_vassals|Ми прямуємо до {s11}, де васалам буде зручніше приєднуватися до нас, перш ніж ми виступимо далі.
str_center_strength_not_scouted|Ми ще не розвідали це місце, і не знаємо, наскільки воно захищене.
str_center_strength_strongly_defended|Ми вважаємо, що це місце добре захищене.
str_center_strength_moderately_defended|Ми вважаємо, що це місце помірно захищено.
str_center_strength_weakly_defended|Ми вважаємо, що це місце слабко захищене.
str_center_distant_from_concentration|ближче до нас, ніж до основної армії ворога, місцезнаходження якої нам відомо. Найкраще напасти на це місце і знищити його, перш ніж ворог встигне зреагувати.
str_plus|+
str_minus|-
str_tutorial_training_ground_warning_no_weapon|Гей, а тобі не здається, що спершу потрібно взяти в руки зброю? Он там має що-небудь валятися. Візьми, що тобі сподобається.
str_tutorial_training_ground_warning_shield|Спочатку потрібно опустити щит. Щит опускається, якщо прокрутити вниз колесо миші.
str_tutorial_training_ground_warning_melee_with_parry|Для цієї вправи потрібно взяти в руки зброю ближнього бою.
str_tutorial_training_ground_warning_melee|Щоб взяти в руки зброю, прокрутіть коліщатко миші вгору. Так ви візьмете таку зброю, а якщо крутити вниз, то наступний щит.
str_tutorial_training_ground_attack_training|Кількість вдалих атак: {reg0} / 5^Кількість невдалих атак: {reg1}^{s0}
str_tutorial_training_ground_attack_training_down|Зробіть випад! (Посуньте мишу вниз, утримуючи ліву кнопку).
str_tutorial_training_ground_attack_training_up|Нанесіть удар зверху! (Посуньте мишу вгору, утримуючи ліву кнопку)
str_tutorial_training_ground_attack_training_left|Нанесіть удар зліва! (Посуньте мишу вліво, утримуючи ліву кнопку)
str_tutorial_training_ground_attack_training_right|Нанесіть удар справа! (Посуньте мишу вправо, утримуючи ліву кнопку)
str_tutorial_training_ground_parry_training|Кількість вдалих блоків: {reg0} / 5
str_tutorial_training_ground_chamber_training|Кількість вдалих контратак: {reg0} / 5
str_tutorial_training_ground_archer_training|Кількість влучних пострілів: {reg0} / 3^{s0}
str_tutorial_training_ground_ammo_refill|Кількість стріл відновлено спеціально для навчального курсу.
str_tutorial_training_ground_archer_text_1|Наблизьтеся до {s0} і натисніть кнопку F, щоб підібрати.
str_tutorial_training_ground_archer_text_2|Тепер стріляйте в ціль.
str_tutorial_training_ground_archer_text_3|Розмір прицілу відповідає точності. Утримуйте натиснутою ліву кнопку миші, поки приціл не звузиться до мінімального розміру, і тільки після цього відпускайте кнопку. Якщо ви зачекаєте занадто довго, то приціл знову почне розширюватися - ви втомитеся. 
str_tutorial_training_ground_archer_text_4|Щоб перемкнутися на вигляд від першої особи, натисніть клавішу R. Так вам буде легше цілитися, тримаючи в руках зброю далекого бою.
str_tutorial_training_ground_archer_text_5|Ви вразили всі цілі. Тепер знову поговоріть з учителем.
str_tutorial_training_ground_horseman_text_1|Підійдіть до {s0} і натисніть кнопку F, щоб підібрати.
str_tutorial_training_ground_horseman_text_2|Підійдіть до коня і натисніть кнопку F, щоб сісти верхи.
str_tutorial_training_ground_horseman_text_3|Підскачіть до наступної точки.
str_tutorial_training_ground_horseman_text_4|Знищіть наступну ціль зі стрілкою нагорі!
str_tutorial_training_ground_horseman_text_5|Стіляйте по цілі зі стрілкою нагорі!
str_tutorial_training_ground_horseman_text_6|Ви успішно завершили тренування. Тепер повертайтеся до вчителя і поговоріть з ним.
str_the_great_lords_of_your_kingdom_plan_to_gather_at_your_hall_in_s10_for_a_feast|Великі лорди вашого королівства готові зібратися у ваших залах {s10} на свято.
str_your_previous_court_some_time_ago|ваш попередній двір деякий час назад,
str_awaiting_the_capture_of_a_fortress_which_can_serve_as_your_court|дочекатися, поки фортеця, яка могла б стати вашим двором, не буде відвойована назад.
str_but_if_this_goes_badly|Я ціную вашу рада, але якщо все піде шкереберть, в цьому будете винні саме ви.
str_i_realize_that_you_are_on_good_terms_with_s4_but_we_ask_you_to_do_this_for_the_good_of_the_realm| Я розумію, що у вас хороші стосунки з {s4}, але все це робиться на благо нашої держави.
str_i_realize_that_you_are_on_good_terms_with_s4_but_the_blow_will_hurt_him_more| Я розумію, що у вас хороші стосунки з {s4}, але це означає лише те, що удар, нанесений вами, буде ще болючіший!
str_killed_bandit_at_alley_fight|Купець запрошує Вас у свій дім. З порога він визирає на вулицю і тільки потім, переконавшись, що за Вами не стежать, замикає двері та починає розмову...
str_wounded_by_bandit_at_alley_fight|Вас оглушили. Перш ніж знепритомніти, ви чуєте крики і тупіт... Ви приходите до тями в незнайомій кімнаті: вас каламутить, але ви все-таки живі. 
str_cannot_leave_now|Зараз вийти неможливо. 
str_press_tab_to_exit_from_town|Натисніть клавішу Tab, аби вийти. За допомогою цієї клавіші Ви можете вийти з будь-якої локації. 
str_find_the_lair_near_s9_and_free_the_brother_of_the_prominent_s10_merchant|Знайдіть бандитське лігво неподалік від {s9} і звільніть брата купця. {s10} щедро винагородить вас за це.
str_please_sir_my_lady_go_find_some_volunteers_i_do_not_know_how_much_time_we_have|{Добродію/Добродійко}, якщо ви хочете виправдати покладені на вас надії, я б радив вам поквапитися. Вирушайте збирати загін - я не знаю, скільки часу у нас ще є. 
str_you_need_more_men_sir_my_lady|Послухайте, Вам потрібно більше людей: зараз у Вас лишень {reg0}. Якщо Ви нападете на розбійників занадто слабкими силами, Вас просто заріжуть, ви й пискнути не встигнете. Не варто так ризикувати. Походіть селами і знайдіть ще когось, а потім уже будете боротися з розбійниками. 
str_good_you_have_enough_men|Дуже, дуже добре. Людей у вас предостатньо. А тепер - провчіть цих розбійників так, щоб вони самі вам все розповіли про своє лігво. 
str_do_not_waste_time_go_and_learn_where_my_brother_is|Дуже вас прошу, {пане/пані}, не витрачайте час даремно. Ідіть-но краще рятувати мого брата. 
str_start_up_quest_message_1|{s9} бажає, аби Ви зібрали хоча б п'ять осіб із сусідніх сіл. Зробивши це, побалакайте з ним. Він зараз у таверні, {s1}.
str_start_up_quest_message_2|Знайдіть і розбийте зграю, яка крутиться навколо {s9}. Дізнайтеся у розбійників, де шукати брата вашого наймача. 
str_start_up_quest_message_3|Урятуйте брата купця з бандитського кубла, що знаходиться неподалік від {s9}. 
str_start_up_first_quest|Ви отримали Ваше перше завдання. Аби переглянути журнал завдань, необхідно натиснути клавішу Q в будь-який момент гри. 
str_reason_1|Наша поточна ціль має велику цінність.
str_reason_2|Напад на {s8} створює велику небезпеку для нашого царства.
str_reason_3|Ми вважаємо, що {s8} загрожує куди більша небезпека
str_reason_4|Імовірно, це відбувається через розмір ворожих армій у районі. : {reg4} проти {reg5}
str_reason_5|Я не можу сказати з упевненістю. 
str_reason_6|Ми не знаємо, як добре це місце захищене.
str_reason_7|Ми вважаємо, що це місце дуже добре захищене.
str_reason_8|Ми вважаємо, що це місце непогано захищено.
str_reason_9|Ми вважаємо, що це місце захищене кепсько. 
str_has_decided_that_an_attack_on_|вирішує, що атака на фортецю
str_this_would_be_better_worth_the_effort|Це скоріше варто зусиль, беручи до уваги цінність, відстань і можливу кількість оборонців.
str_has_decided_to_defend_|вирішує обороняти фортецю
str_before_going_offensive_we_should_protect_our_lands_if_there_is_any_threat_so_this_can_be_reason_marshall_choosed_defending_s4|Перш ніж наступати, ми повинні захистити свої землі перед обличчям можливої загрози. З цієї причини головнокомандувач вирішує обороняти {s4}.
str_are_you_all_right|А тепер... Дозвольте, я поясню мою пропозицію.
str_you_are_awake|А, ви прокинулися! Добре, що ви вже на ногах. Вам дуже пощастило, що ми опинилися поруч. Я говорив з вартою, і коли ми почули звуки бою, то тут же побігли на допомогу. Вам, звичайно, встигли стукнути по голові, але, принаймні, не перерізали горлянку... А тепер... думаю... ви зможете мені допомогти.
str_save_town_from_bandits|Врятуйте {s9} від розбійників. 
str_you_fought_well_at_town_fight_survived|Ха! Відмінна робота! Ви дістали принаймні трьох. Продовжуйте в тому ж дусі, і ви станете чудовим бійцем.
str_you_fought_normal_at_town_fight_survived|А ви молодець! Кажуть, ви дістали одного або двох мерзотників - і все ще живі! При такому розкладі вам просто пощастило.
str_you_fought_bad_at_town_fight_survived|Ну що ж, вороги тікали, а ви залишилися на ногах. Це найважливіше в будь-якому бою.
str_you_fought_well_at_town_fight|А-а, ось ви і прокинулися. Вас здорово вдарили, але у мене є і хороші новини - ми перемогли. До речі, ви добре змагалися. Не будь вас, нам би довелося туго. Я дуже вам вдячний. 
str_you_wounded_at_town_fight|О! Ви живі! Дяка небес. Вас міцно стукнули по голові. Не впевнений, що ви самі зуміли когось дістати, зате з вашою допомогою ми їх перемогли. Тепер залишилося вас підлікувати як слід...
str_you_fought_well_at_town_fight_survived_answer|Нехай лиходії тремтять! 
str_you_fought_normal_at_town_fight_survived_answer|А-а, приємно, що мені вдалося вам допомогти. 
str_you_fought_bad_at_town_fight_survived_answer|Уявляєте - тільки я замахнувся, щоб вдарити одного мерзотника, як тут же посовгнувся на калюжі крові...
str_you_fought_well_at_town_fight_answer|А-а. За праве діло і по голові отримати не шкода.
str_you_wounded_at_town_fight_answer|Точно. Думаю, мені потрібно бути обережнішим. 
str_unfortunately_reg0_civilians_wounded_during_fight_more| На жаль, кілька моїх хлопак було поранено. Піду їх провідаю.
str_unfortunately_reg0_civilians_wounded_during_fight| На жаль, одному моєму хлопаці міцно дісталося. Піду його провідаю.
str_also_one_another_good_news_is_any_civilians_did_not_wounded_during_fight| Тож ніхто з наших не постраждав, і це добре. 
str_merchant_and_you_call_some_townsmen_and_guards_to_get_ready_and_you_get_out_from_tavern|Ви виходите з таверни і вирушаєте блукати вулицями. Майже на кожному розі Ви помічаєте нервових молодих людей, від них віє сумішшю страху, нетерпінням та гордости. Схоже, під одягом у них заховані кинджали та кийки. Молячись, аби ворогів не злякали ці бовдури, Ви ще раз перевіряєте зброю і готуєтеся почати бій. 
str_town_fight_ended_you_and_citizens_cleaned_town_from_bandits|Кілька вцілілих харцизів розбігаються вузькими провулками міста, і їх одразу ж хапають міщани. Переконавшись у тому, що перемога залишилася за Вами, і подбавши про поранених, Ви разом із торговцем вирушаєте до нього додому обговорювати події дня, що минув. 
str_town_fight_ended_you_and_citizens_cleaned_town_from_bandits_you_wounded|Від останнього удару Ви падаєте на землю, не в силах поворухнутися і намагаючись не втратити свідомість. Дуже скоро звуки бою змінюються радісними вигуками, і ви розумієте, що сьогодні перемога на Вашому боці. Коли хтось обережно піднімає Вас із землі, Ви, урешті, провалюєтеся в глуху темряву. Через кілька годин Ви приходите до тями в домі торговця. 
str_journey_to_reyvadin|Пройшовши через вегірські пагорби, Ви виходите на плоскогір'я, відкрите всім північним вітрам. Землі тут скуті кригою більшу частину року, а ліси багаті хутровим звіром, а в річках багато риби. Скарби цієї землі притягують не лише торговців, але й розбійників. Час від часу Ви помічаєте неясну тінь, яка проводжає Ваш караван поглядом. Ви зітхаєте спокійно, лише коли спускаєтеся в долину річки Болуки і бачите вдалині високі шпилі Рейвадіна.
str_journey_to_praven|Ви прибули з караваном до самого серця Кальрадії. На горбистих полях зеленіють сходи пшениці, ячменю та вівса, а на відрогах засніжених гір Ви розрізняєте стада корів і овець. Час від часу вам зустрічаються величезні бойові коні - гордість свадійського дворянства. Землі тут багаті, але випалені ферми й витоптані поля свідчать про те, що й у цьому краю не все гаразд. Незабаром ви розумієте, що у лісах ховається безліч біженців та інших знедолених людей. Досягнувши нарешті величезного портового міста Правена, Ви зітхаєте з полегшенням.
str_journey_to_jelkala|Ваш корабель іде вздовж крутих скель родокського узбережжя. Нерідко берег ховається серпанком, який спускається річками до моря, і все ж Ви помічаєте сторожову вежу. На самому її вершечку горить вогонь, передаючи звістку про ворожий напад. Ви розумієте, що у морі Ви знаходитеся у відносній безпеці: північні пірати не заходять так далеко на південь. І все ж Ви зітхаєте з полегшенням лише тоді, коли Ваш корабель досягає дельти річки Сельви і Ви входите до гавані Джелкали, пробираючись між високими родокськими галерами. 
str_journey_to_sargoth|Вам удається потрапити на торговий драккар, який везе дивовижних птахів - кречетів - із самої півночі, аби обміняти їх на льон і вовна. Корабель вирушає у плавання дуже рано, і капітан пояснює Вам, що ризик зіткнутися, коли той дрейфував льодом і зимові шторми - ніщо у порівнянні з небезпекою, яку представляють морські грабіжники: починаючи з квітня вони вийдуть у море, грабуючи зустрічні кораблі та плюндруючи узбережжя Кальрадії. Ви зітхаєте з полегшенням лише тоді, коли Ваш корабель досягає дельти річок Виль і Болука. Зовсім скоро, пробравшись між мілинами і піщаними балками, Ви входите до порту Саргота. Тут живуть норди - віддалені родичі морських грабіжників. Кілька поколінь тому їх пращури перебралися на континент і осіли на цій багатій, але суворій землі. 
str_journey_to_tulga|Ви приєднуєтеся до каравану, який перетинає Кальрадію з півночі на схід, привозячи спеції з далеких країн для обміну на шерсть і сіль. Перевали досі закриті снігом, і Ви насилу переправляетеся на інший бік гряди. Нарешті, Ви бачите перед собою безкрайні степи Кальрадії. Тьмяна трава на пагорбах уже встигла пожовтіти, але схили гір досі залишаються пронизливо-зеленими. Тут пасуться вівці та міцні степові коні - справжнє багатство хергітських ханів. Час від часу караван здалеку супроводжують загони вершників: імовірно, вони оцінюють, чи варто на Вас нападати. Ви зітхаєте з полегшенням лише тоді, коли перед Вами виростають вежі Тульги. 
str_journey_to_shariz|Ви приєднуєтеся до каравану, що прямує через Велику пустелю на схід Кальрадії. Провідники-бедуїни з найбільшою обережністю ведуть караван серед дюн і барханів до оазисів. Найбільше Ви боїтеся того, що караванник зіб'ється з шляху, і Ви загубитеся в пісках. Невеликі ватаги розбійників, що йдуть на віддалі від каравану і готові схопити будь-кого, хто відстане, як не дивно, заспокоюють Вас: вони ніколи не віддаляються від джерел води. З величезним полегшенням Ви бачите вдалині гори, а до вечора наступного дня, з кам'янистого перевалу, Ви вже можете розглянути вежі Шариза на тлі моря та сонця. 
str_lost_tavern_duel_ordinary|Останній удар п'яньчуги збиває Вас наповал: Ви повільно сповзаєте на підлогу. Схоже, нападник миттєво заспокоюється: він опускається на стілець неподалік від Вас і майже з жалем щось бурмоче. Відвідувачі насилу ставлять його на ноги і випроваджують за двері. Хтось схиляється над Вами й оглядає Ваші рани. Незабаром Ви знову на ногах. Вас похитує, але Ви живі - і це добре.
str_lost_tavern_duel_assassin|Останній удар збиває вас нанівець. Повільно й цілеспрямовано Ваш супротивник прямує до вас, дістаючи з-під одягу довгий ніж. Але перш ніж він завдає удар, шинкар вистрибує з-за стійки, встигає вдарити його і відвести ніж. Утративши шанс убити Вас, він схоплюється на ноги і кидається до дверей. Тим часом відвідувачі корчми перев'язують Ваші рани і переносять Вас до задньої кімнати, де Ви можете прийти до тями.
str_lost_startup_hideout_attack|Ви приходите до тями доволі швидко й бачите, що викрадачі відсвятковуючи перемогу та відкоркувавши бочку вина зовсім забули про будь-яку обережність: вони навіть не зв'язали Вас. Вам удається вислизнути з печери. Судячи зі звуків, що долинають до Вас із переховку, Ви розумієте, що встигнете більшу ватагу й повторити напад. 
str_as_you_no_longer_maintain_an_independent_kingdom_you_no_longer_maintain_a_court|Оскільки Ви не керуєте незалежним королівством, Ви більше не підтримуєте суд
str_rents_from_s0|Рента від {s0}:
str_tariffs_from_s0|Мита {s0}:
str_general_quarrel|Ми опинилися на протилежному боці багатьох суперечок за ці роки, і ворожнечі, що наростала між нами.
str_the_steppes|степу
str_the_deserts|пустелі
str_the_tundra|тундри
str_the_forests|лісу
str_the_highlands|гірській місцевості
str_the_coast|узбережжя
str_my_lady_not_sufficient_chemistry|Моя леді, є інші діви, які захопили моє серце.
str_my_lady_engaged_to_another|Моя леді, я так розумію, що Ви закохані в іншого.
str_attempting_to_rejoin_party|спроба возз'єднатися з загоном.
str_separated_from_party|відокремлений від загону.
str_leading_party|Просування загону
str_court_disbanded|Так у вас більше немає незалежного королівства, твій суд вирішив
str_i_am_not_accompanying_the_marshal_because_will_be_reappointment|Я не супроводжую маршала, бо підозрюю, що наш правитель незабаром призначить іншого на цю посаду.
str_persuasion_opportunity|Можливість використання переконання. ^ Рівень відносин необхідний для автоматичного успіху: {reg4} ^ Поточні відносини: {reg5} ^ Вірогідність успіху: {reg7}^ Імовірність втрати {reg9} очок. відносини: {reg8}
str_marshal_warning|Ви не пішли за {s1}. Тим не менш ви не отримаєте покарання.
str_follow_army_quest_brief_2|Місія завершена. Ви можете слідувати за армією {s9}, якщо хочете отримати подальші завдання.
str_greetings_playername__it_is_good_to_see_you_i_hope_that_you_have_had_success_in_your_efforts_to_make_your_name_in_the_world|Я радий вас бачити. Сподіваюся, що вам пощастило у ваших мандрах і вдалося прославити своє ім'я.
str_minister_advice_select_fief|Я можу припускати, що {s4} був обраний вами, оскільки васали сперечалися про те, кого Ви хочете призначити.
str_minister_advice_select_fief_wait|Чи можу я вважати, що Ви чекаєте, поки не вибрали маршала, оскільки це дасть час васалам, для того щоб вирішити, кого вони бажають підтримати.
str_minister_advice_fief_leading_vassal|{s4}, між іншим, вже отримав підтримку {reg4} Ваших васалів.
str_unassigned_center| (неназначено)
str_s43_also_you_should_know_that_an_unprovoked_assault_is_declaration_of_war|{s43} оскільки Ви - правитель свого царства, Ви повинні знати, що цей напад означає оголошення війни.
str_missing_after_battle|Зникли після битви
str_retrieve_garrison_warning|(Війська не можуть піти)
str_s12s15_declared_war_to_control_calradia|{s12}{s15} можуть напасти на {s16} без приводу, і у них буде шанс захопити всю Кальрадію.
str_offer_gift_description|покращити моє становище, пропонуючи подарунок.
str_resolve_dispute_description|покращити моє становище шляхом врегулювання суперечки.
str_feast_wedding_opportunity|Якщо наречена і її сім'я присутні, то це може бути можливістю для вас, щоб відсвяткувати весілля.
str_s21_the_s8_declared_war_as_part_of_a_bid_to_conquer_all_calradia|{s21}. {s8} оголошує війну як маленький крок до тотального завоювання Кальрадії.
str_master_vinter|Майстер вінтер
str_s54_has_left_the_realm|{s54} пішов з області.
str_enterprise_s5_at_s0|Чисті надходження з {s5} {s0}
str_bread_site|Млин
str_ale_site|Пивоварний цех
str_oil_site|Маслоробний цех
str_wine_site|Винний цех
str_tool_site|Кузня
str_leather_site|Кушнірська майстерня
str_linen_site|Полотняний цех
str_wool_cloth_site|Вовняний цех
str_velvet_site|Фарбувальня
str_under_sequestration|Під арештом
str_describe_secondary_input|На додачу, Ви маєте придбати {s11} за {reg10} динарів.
str_profit|прибуток
str_loss|збиток
str_server_name_s0|Сервер: {s0}
str_map_name_s0|Мапа: {s0}
str_game_type_s0|Тип гри: {s0}
str_remaining_time_s0reg0_s1reg1|час, що залишився: {s0}{reg0}:{s1}{reg1}
str_you_are_a_lord_lady_of_s8_s9|Ви {Лорд/Леді} {s8}.^{s9}
str_you_are_king_queen_of_s8_s9|Ви {Король/Королева} {s8}.^{s9}
str_for_s4|(s4)
str_cancel_fiancee_quest|Усі питання вирішено, у мене більше немає для Вас відповідних завдань.
str_a_duel_request_is_sent_to_s0|Виклик на дуель {s0}.
str_s0_offers_a_duel_with_you|{s0} викликає Вас на дуель.
str_your_duel_with_s0_is_cancelled|Ваша дуель з {s0} скасована.
str_a_duel_between_you_and_s0_will_start_in_3_seconds|Дуель між Вами та {s0} розпочнеться через 3 секунди.
str_you_have_lost_a_duel|Ви програли дуель.
str_you_have_won_a_duel|Ви перемогли на дуелі!
str_server_s0|[Сервер]: {s0}
str_disallow_ranged_weapons|Заборонити зброю дального бою
str_ranged_weapons_are_disallowed|Зброя дального бою заборонена.
str_ranged_weapons_are_allowed|Зброю дального бою дозволено.
str_duel_starts_in_reg0_seconds|Дуель розпочнеться через {reg0} сек
str_dplmc_none|немає
str_dplmc_item_pool_no_items|Наразі у спільному запасі немає предметів.
str_dplmc_item_pool_one_item|У спільному запасі залишився один предмет.
str_dplmc_item_pool_many_items|У спільному запасі залишилося предметів: {reg20}.
str_dplmc_item_pool_abandon|Залишити предмети у спільному запасі та продовжити.
str_dplmc_item_pool_leave|Готово.
str_dplmc_hero_not_upgrading_armor|не покращує свою броню
str_dplmc_hero_upgrading_armor|покращує власну броню
str_dplmc_hero_not_upgrading_horse|не покращує своїх коней
str_dplmc_hero_upgrading_horse|покращує власних коней
str_dplmc_hero_wpn_slot_none|Залишити поточне ({s10})
str_dplmc_hero_wpn_slot_horse|Кінь
str_dplmc_hero_wpn_slot_one_handed|Одноручна зброя
str_dplmc_hero_wpn_slot_two_handed|Дворучна зброя
str_dplmc_hero_wpn_slot_polearm_all|Древкова зброя
str_dplmc_hero_wpn_slot_arrows|Стріли
str_dplmc_hero_wpn_slot_bolts|Болти
str_dplmc_hero_wpn_slot_shield|Щит
str_dplmc_hero_wpn_slot_bow|Лук
str_dplmc_hero_wpn_slot_crossbow|Арбалет
str_dplmc_hero_wpn_slot_throwing|Метальна зброя
str_dplmc_hero_wpn_slot_goods|Товари
str_dplmc_hero_wpn_slot_head_armor|Шолом
str_dplmc_hero_wpn_slot_body_armor|Обладунок
str_dplmc_hero_wpn_slot_foot_armor|Взуття
str_dplmc_hero_wpn_slot_hand_armor|Рукавиці
str_dplmc_hero_wpn_slot_pistol|Пістоль
str_dplmc_hero_wpn_slot_musket|Мушкет
str_dplmc_hero_wpn_slot_bullets|Кулі
str_dplmc_hero_wpn_slot_animal|Тварина
str_dplmc_hero_wpn_slot_book|Книга
str_dplmc_hero_wpn_slot_two_handed_one_handed|Дворучна/Одноручна
str_dplmc_gather_information|зібрати відомості
str_dplmc_conclude_non_agression|укласти пакт про ненапад
str_dplmc_nearly_no|майже жодного
str_dplmc_less_than_one_hundred|менше сотні
str_dplmc_more_than_one_hundred|більше сотні
str_dplmc_more_than_two_hundred|більше двох сотень
str_dplmc_more_than_five_hundred|більше п'яти сотень
str_dplmc_bring_gift|привезти дарунок
str_dplmc_exchange_prisoner|обміняти {s10} на {s11}
str_dplmc_has_been_set_free|{s7} звільнено.
str_dplmc_tax_very_low|дуже низькі
str_dplmc_tax_low|низькі
str_dplmc_tax_normal|звичайні
str_dplmc_tax_high|високі
str_dplmc_tax_very_high|дуже високі
str_dplmc_place_is_occupied_by_insurgents|Це місце утримують повстанці.
str_dplmc_relation_mnus_100_ns|{reg4?Вона:Він}, здається, прагне помсти {s59}.
str_dplmc_relation_mnus_90_ns|{reg4?Вона:Він}, здається, прагне помсти {s59}.
str_dplmc_relation_mnus_80_ns|{reg4?Вона:Він}, здається, прагне помсти {s59}.
str_dplmc_relation_mnus_70_ns|{reg4?Вона:Він}, здається, ненавидить {s59}.
str_dplmc_relation_mnus_60_ns|{reg4?Вона:Він}, здається, ненавидить {s59}.
str_dplmc_relation_mnus_50_ns|{reg4?Вона:Він}, здається, вороже налаштована до {s59}.
str_dplmc_relation_mnus_40_ns|{reg4?Вона:Він}, здається, гнівається на {s59}.
str_dplmc_relation_mnus_30_ns|{reg4?Вона:Він}, здається, обурена {s59}.
str_dplmc_relation_mnus_20_ns|{reg4?Вона:Він}, здається, нарікає на {s59}.
str_dplmc_relation_mnus_10_ns|{reg4?Вона:Він}, здається, підозріло ставиться до {s59}.
str_dplmc_relation_plus_0_ns|{reg4?Вона:Він}, здається, байдужа до {s59}.
str_dplmc_relation_plus_10_ns|{reg4?Вона:Він}, здається, налаштована на співпрацю з {s59}.
str_dplmc_relation_plus_20_ns|{reg4?Вона:Він}, здається, привітно ставиться до {s59}.
str_dplmc_relation_plus_30_ns|{reg4?Вона:Він}, здається, прихильна до {s59}.
str_dplmc_relation_plus_40_ns|{reg4?Вона:Він}, здається, підтримує {s59}.
str_dplmc_relation_plus_50_ns|{reg4?Вона:Він}, здається, дружньо ставиться до {s59}.
str_dplmc_relation_plus_60_ns|{reg4?Вона:Він}, здається, милостива до {s59}.
str_dplmc_relation_plus_70_ns|{reg4?Вона:Він}, здається, симпатизує {s59}.
str_dplmc_relation_plus_80_ns|{reg4?Вона:Він}, здається, віддана {s59}.
str_dplmc_relation_plus_90_ns|{reg4?Вона:Він}, здається, щиро віддана {s59}.
str_dplmc_s39_rival| {reg4?Вона:Він} вбачає суперників у {s39}
str_dplmc_s41_s39_rival|{s41}, {s39}
str_dplmc_s40_love_interest_s39|{s40}. Окрім того, {reg4?її:його} кохання — {s39}.
str_dplmc_s40_betrothed_s39|{s40}. Окрім того, {reg4?вона:він} заручена з {s39}.
str_dplmc_reputation_martial|Кажуть, що {s46} — войовнича людина.
str_dplmc_reputation_debauched|Кажуть, що {s46} — розпутна людина.
str_dplmc_reputation_pitiless|Кажуть, що {s46} — безжальна людина.
str_dplmc_reputation_calculating|Кажуть, що {s46} — розважлива людина.
str_dplmc_reputation_quarrelsome|Кажуть, що {s46} — сварлива людина.
str_dplmc_reputation_goodnatured|Кажуть, що {s46} — добродушна людина.
str_dplmc_reputation_upstanding|Кажуть, що {s46} — порядна людина.
str_dplmc_reputation_conventional|Кажуть, що {s46} — звичайна людина.
str_dplmc_reputation_adventurous|Кажуть, що {s46} — авантюрна людина.
str_dplmc_reputation_romantic|Кажуть, що {s46} — романтична людина.
str_dplmc_reputation_moralist|Кажуть, що {s46} — мораліст.
str_dplmc_reputation_ambitious|Кажуть, що {s46} — амбітна людина.
str_dplmc_reputation_unknown|Наміри {s46} — таємниця.
str_dplmc_s21__the_s5_is_bound_by_alliance_not_to_attack_the_s14s18_it_will_expire_in_reg1_days|{s21}^* {s5} уклав союз із {s14}.{s18} Через {reg1} днів він перетвориться на оборонний пакт.
str_dplmc_s21__the_s5_is_bound_by_defensive_not_to_attack_the_s14s18_it_will_expire_in_reg1_days|{s21}^* {s5} уклав оборонний пакт із {s14}.{s18} Через {reg1} днів він перетвориться на торговельну угоду.
str_dplmc_s21__the_s5_is_bound_by_trade_not_to_attack_the_s14s18_it_will_expire_in_reg1_days|{s21}^* {s5} уклав торговельну угоду з {s14}.{s18} Через {reg1} днів вона перетвориться на пакт про ненапад.
str_dplmc_small|малий
str_dplmc_medium|середній
str_dplmc_big|великий
str_dplmc_elite|елітний
str_dplmc_very_decentralized|дуже децентралізована
str_dplmc_quite_decentralized|досить децентралізована
str_dplmc_little_decentralized|трохи децентралізована
str_dplmc_neither_centralize_nor_decentralized|ні надто централізована, ні децентралізована
str_dplmc_little_centralized|трохи централізована
str_dplmc_quite_centralized|досить централізована
str_dplmc_very_centralized|дуже централізована
str_dplmc_very_plutocratic|дуже плутократична
str_dplmc_quite_plutocratic|досить плутократична
str_dplmc_little_plutocratic|трохи плутократична
str_dplmc_neither_aristocratic_nor_plutocratic|ні надто аристократична, ні плутократична
str_dplmc_little_aristocratic|трохи аристократична
str_dplmc_quite_aristocratic|досить аристократична
str_dplmc_very_aristocratic|дуже аристократична
str_dplmc_all_free|майже всі вільні
str_dplmc_mostly_free|переважно вільні
str_dplmc_usually_free|здебільшого вільні
str_dplmc_mixture_serfs|суміш кріпаків і вільних
str_dplmc_usually_serfs|здебільшого кріпаки
str_dplmc_mostly_serfs|переважно кріпаки
str_dplmc_all_serfs|майже всі кріпаки
str_dplmc_very_quantity|величезна кількість воїнів
str_dplmc_great_quantity|дуже багато воїнів
str_dplmc_good_quantity|багато воїнів
str_dplmc_mediocre_quality|посередня якість
str_dplmc_good_quality|добра якість
str_dplmc_great_quality|чудова якість
str_dplmc_very_quality|дуже висока якість
str_dplmc_s21_the_s8_declared_war_to_fulfil_pact|{s21}. {s8} оголосив війну на виконання пакту
str_dplmc_very_laissez_faire|дуже вільна торгівля
str_dplmc_quite_laissez_faire|досить вільна торгівля
str_dplmc_little_laissez_faire|трохи вільна торгівля
str_dplmc_neither_mercantilist_nor_laissez_faire|ні особливо меркантилістична, ні повністю вільна
str_dplmc_little_mercantilist|трохи меркантилістична
str_dplmc_quite_mercantilist|досить меркантилістична
str_dplmc_very_mercantilist|дуже меркантилістична
str_dplmc_how_will_your_male_vassals_be_known|Як називатимуться ваші васали-чоловіки?
str_dplmc_how_will_your_female_vassals_be_known|Як називатимуться ваші васали-жінки?
str_dplmc_s40_married_s39|{s40}. Окрім того, {reg4?вона:він} одружена з {s39}.
str_dplmc_fief_exchange_ask_interest|Чи не зацікавив би вас обмін наділами?
str_dplmc_fief_exchange_not_interested|Ні, мене це не цікавить.
str_dplmc_fief_exchange_listen|Це дещо незвично, але таке вже бувало. Я вислухаю. Який мій наділ ви маєте на увазі?
str_dplmc_fief_exchange_listen_player_approval|Це дещо незвично, але оскільки ви {король/королева}, ніхто не заперечить. Який мій наділ ви маєте на увазі?
str_dplmc_fief_exchange_listen_s10_approval|Це дещо незвично, але якщо {s10} не заперечить, то чому б і ні. Який мій наділ ви маєте на увазі?
str_dplmc_fief_exchange_listen_2|Який наділ ви пропонуєте взамін?
str_dplmc_fief_exchange_refuse_home|Я не маю наміру віддавати {s14}.
str_dplmc_fief_exchange_refuse_town|Я не хочу міняти місто на замок чи село.
str_dplmc_fief_exchange_refuse_castle|Я не хочу міняти замок на якесь село.
str_dplmc_fief_exchange_refuse_rich|Я не хочу міняти багатший наділ на значно бідніший.
str_dplmc_fief_exchange_refuse_s14_attack|Поговоріть зі мною про це пізніше, коли {s14} не буде під атакою.
str_dplmc_fief_exchange_accept|Такий обмін мене влаштовує.
str_dplmc_fief_exchange_accept_reg3_denars|Такий обмін мене влаштовує, якщо ви надасте {reg3} динарів на покриття моїх витрат на переїзд.
str_dplmc_fief_exchange_confirm|Отже, домовилися.
str_dplmc_fief_exchange_confirm_reg3_denars|Отже, домовилися. Ось ваші {reg3} динарів.
str_dplmc_your_s11_s10|Ваш {s11}, {s10}
str_dplmc_reg6my_reg7spouse|{reg6?М:м}ій {reg7?коханий:{чоловік/дружина}}
str_dplmc_refuse_support_s43_named_s4|Підтримати {s43} на кшталт {s4}? Ні, дякую.
str_dplmc_comment_you_enfiefed_a_commoner_supportive|Я чув, що ви віддали {s51} до {s54}. Інші можуть вважати це суперечливим, але я вірю, що {s54} буде вправним управителем і {reg4?вона:він} вас не підведе.
str_dplmc_sirmadame|{сір/пані}
str_dplmc_sirmadam|{сір/пані}
str_dplmc_my_lordlady|мій {лорде/леді}
str_dplmc_your_highness|ваша високосте
str_dplmc_grandfather|дід
str_dplmc_grandmother|баба
str_dplmc_grandson|онук
str_dplmc_granddaughter|онука
str_dplmc_half_brother|зведений брат
str_dplmc_half_sister|зведена сестра
str_dplmc_sister_wife|сестра-дружина
str_dplmc_co_husband|співчоловік
str_dplmc_co_spouse|співподружжя
str_dplmc_friend|друг
str_dplmc_ally|союзник
str_dplmc_political_explanation_original_lord|У цьому випадку фортеця має відійти її первісному власнику.
str_dplmc_s0_and_s1|{s0} і {s1}
str_dplmc_hero_wpn_slot_morningstar|Дворучна/Одноручна
str_dplmc_hero_wpn_slot_lance|Списи
str_dplmc_hero_wpn_slot_pikes|Піки
str_dplmc_hero_wpn_slot_halberd|Клинкова древкова зброя
str_dplmc_hero_wpn_slot_no_metatype|Без переваг
str_dplmc_setting_2|Високий
str_dplmc_setting_1|Середній
str_dplmc_setting_0|Низький
str_dplmc_setting_off|Вимкнено
str_dplmc_setting_on|Увімкнено
str_dplmc_setting_freq|Часто
str_dplmc_setting_tt0|Наведіть вказівник для докладної інформації. Детальніший опис механік можна знайти на інформаційних сторінках про гру.
str_dplmc_setting_tt1|Ця опція змушує кожного коня в бою втрачати швидкість руху пропорційно втраченим очкам здоров'я.
str_dplmc_setting_tt1a|Ця опція змушує коней без вершників у бою тікати через 1 хвилину, а через 30 секунд їх прибирає. Стандартний інтервал — 10 секунд, значення 0 вимикає прибирання. Верхова їзда скидає таймер, а коні в радіусі 5 метрів від гравця не прибираються.
str_dplmc_setting_tt2|Ця опція дозволяє вашим військам продовжувати бій, якщо ви впадете в бою.
str_dplmc_setting_tt2a|Ця опція наказує всім вашим військам використовувати будь-яку зброю, вести вогонь на власний розсуд і йти в атаку, щойно ви впадете в бою.
str_dplmc_setting_tt3|Ця опція дає перевагу в автобою тим загонам, які краще пристосовані до поточної місцевості.^Вершники слабкі в лісі, а лучники — сильніші.
str_dplmc_setting_tt4|Ця опція дозволяє вигнаним лордам повертатися, щоб служити новому сюзерену та збирати загони без рідного центру.
str_dplmc_setting_tt5|Ця опція дозволяє обрати рівень сили ШІ. Що вищий рівень, то кращий ШІ. Високий рівень експериментальний і може спричинити помилки у грі.
str_dplmc_setting_tt6|Ця опція змінює економічні та поведінкові значення на більш реалістичні. Високий рівень експериментальний і може спричинити помилки у грі.
str_dplmc_setting_tt7|Ця опція дозволяє обрати рівень сексизму в грі.
str_dplmc_setting_tt8|Ця опція вмикає чи вимикає страждання супутників від несумісних моральних принципів та штрафів за невдоволення.
str_dplmc_setting_tt9|Ця опція вмикає складнішу систему маскування під час входу до ворожих центрів.
str_dplmc_setting_tt10|Ця опція вмикає різні чит-меню та функції налагодження.
str_dplmc_npc_qst_deliver_message|Доставити мирне послання
str_dplmc_npc_qst_deliver_message_to_enemy_lord|Передати військове послання
str_dplmc_npc_qst_raise_troops|Зібрати військо
str_dplmc_npc_qst_escort_lady|Супроводити даму
str_dplmc_npc_qst_deal_with_bandits_at_lords_village|Врятувати село
str_dplmc_npc_qst_collect_taxes|Зібрати податки
str_dplmc_npc_qst_hunt_down_fugitive|Упіймати втікача
str_dplmc_npc_qst_kill_local_merchant|Провчити купця
str_dplmc_npc_qst_bring_back_runaway_serfs|Повернути кріпаків
str_dplmc_npc_qst_follow_spy|Простежити за зустріччю шпигуна
str_dplmc_npc_qst_capture_enemy_hero|Утримувати лорда в заручниках
str_dplmc_npc_qst_lend_companion|Позичити супутника
str_dplmc_npc_qst_collect_debt|Стягнути борг
str_dplmc_npc_qst_incriminate_loyal_commander|Звинуватити полководця
str_dplmc_npc_qst_meet_spy_in_enemy_town|Отримати звіт шпигуна
str_dplmc_npc_qst_capture_prisoners|Захопити полонених
str_dplmc_npc_qst_lend_surgeon|16
str_dplmc_npc_qst_follow_army|17
str_dplmc_npc_qst_report_to_army|18
str_dplmc_npc_qst_deliver_cattle_to_army|19
str_dplmc_npc_qst_join_siege_with_army|20
str_dplmc_npc_qst_screen_army|21
str_dplmc_npc_qst_scout_waypoints|22
str_dplmc_npc_qst_rescue_lord_by_replace|23
str_dplmc_npc_qst_deliver_message_to_prisoner_lord|Передати таємне послання
str_dplmc_npc_qst_duel_for_lady|Викликати лорда
str_dplmc_npc_qst_duel_courtship_rival|Битися з лордом на дуелі
str_dplmc_npc_qst_duel_avenge_insult|Викликати лорда за образу
str_dplmc_npc_qst_move_cattle_herd|Перегнати худобу
str_dplmc_npc_qst_escort_merchant_caravan|Супроводити караван
str_dplmc_npc_qst_deliver_wine|Доставити товар
str_dplmc_npc_qst_troublesome_bandits|Упіймати бандитів
str_dplmc_npc_qst_kidnapped_girl|Викупити дівчину
str_dplmc_npc_qst_persuade_lords_to_make_peace|Укласти мир
str_dplmc_npc_qst_deal_with_looters|Розібратися з мародерами
str_dplmc_npc_qst_deal_with_night_bandits|Вигнати бандитів
str_dplmc_npc_qst_deliver_grain|Зібрати припаси
str_dplmc_npc_qst_deliver_cattle|Доставити худобу
str_dplmc_npc_qst_train_peasants_against_bandits|Навчити селян
str_dplmc_reputation_roguish|Подейкують, що {s46} живе на повну.
str_dplmc_reputation_benefactor|Широко відомо, що {s46} — друг простолюдинів.
str_dplmc_reputation_custodian|Вважається, що {s46} — мудрий вкладник.
str_empty_string| 
str_blank_string| 
str_npc2_kingsupport_3|Якщо хочеш, капітане, я можу взяти кілька тижнів, щоб відвідати гільдії і караван-сараї, де маю контакти, і пояснити їм, що в тобі вони матимуть {king/ruler}, який приструнить хижих дворян, що своїми митами і податками душили б торгівлю заради кількох зайвих динарів на війни і бенкети. Що скажеш, капітане?
str_npc5_turn_against|{playername} Бахадуре! Я їв твою сіль і був добре винагороджений! Однак нагадаю тобі стару істину — що хоч кергит може бути палким послідовником і відданим другом, він ніколи не буде твоїм рабом.... Так чи інак, сьогодні я йду проти тебе з піднятим мечем. Але сподіваюся, що колись ми піднімемо келихи за відновлену дружбу.
str_rejoinder_intro_female_common_badtempered|Я здобула зброю в бою. Бажаєш випробувати її вістря?
str_comment_you_were_defeated_allied_unfriendly_dupe|Я чув, що {s54} тебе переміг. Слухай, намагайся не губити забагато наших людей, га?
str_comment_you_were_defeated_allied_dupe|Я чув, що {s54} тебе переміг. Але не падай духом — скоро все обернеться!
str_rebellion_agree_default|Гаразд — я готова присягнути {s45} як моїй {reg3?королеві:королю}.
str_rebellion_refuse_pitiless|Ні. Я не приєднаюся до твого бунту. Вважаю це не більшим за істерику дитини, якій відмовили в цяцьці, яку {reg3?вона:він} вважає {reg3?своєю:своїм}. Я лишуся з {s46}, чия здатність правити добре випробувана.
str_rebellion_refuse_cunning|Вибач. Ти не даєш мені впевненості, що переможеш. Багато загине, але я не бажаю бути серед них. Я далі підтримуватиму {s46}.
str_rebellion_refuse_sadistic|Ні. Я не гратиму в твою гру. Ти хапаєшся за корону, але, гадаю, замість цього швидко потрапиш на ешафот, а я буду поруч з {s46}, щоб дивитися, як падає сокира ката.
str_rebellion_refuse_goodnatured|Вибач. Мені не правильно повертатися спиною до {s46}. Без образ, коли зустрінемося на полі бою.
str_rebellion_refuse_upstanding|Вибач. Домагання {s45} недостатньо сильні, щоб я накликала прокляття громадянської смути на бідолашних цього краю. Я далі підтримуватиму {s46}. Нехай Небеса пробачать мені, якщо я не права.
str_space| 
str_trade_explanation_dates_village|Я доглядаю гай фінікових пальм. Сподіваюся, не заперечиш, {s0}, але це вимагає великої майстерності, бо мусимо лазити на верхівки пальм, щоб дерева зацвіли. Ми експортуємо плоди далеко і широко, бо вони зберігаються багато місяців, якщо правильно висушені. Солодкі як мед, і дають їдцю здоров'я і сили.
str_trade_explanation_dates_town|Я доглядаю гай фінікових пальм. Ми вирощуємо їх на колодязній воді і експортуємо плоди далеко і широко, бо вони зберігаються багато місяців, якщо правильно висушені. Солодкі як мед, і дають їдцю здоров'я і бадьорості.
str_s4_is_at_s5|{s4} в {s5}
str_s3_marries_s4_at_s5|{s3} одружується з {s4} в {s5}
str_the_marshal_has_given_me_this_command|Маршал дав мені цей наказ.
str__family_dupe|^Родина:
str_betrothed_dupe| Заручена
str_s54_is_deceased|{s54} помер.
str_hire_deserters|взяти цих негідників під наш стяг
str_rotten_food|споживати ті огидні харчі і знаходити комах з кожним укусом
str_repress_farmers|придушити тих селян і поширити насильство, притаманне системі
str_stop_cheating|марнувати час, граючись з 'консолями', коли можна просто змінити це в опціях табору
str_camera_keyboard|Щоб дивитися бій, можна використовувати клавіші напрямку для руху горизонтально, нумпад +- для руху вертикально, і клавіші нумпада для обертання.
str_camera_mouse|Використовуйте мишу або нумпад для обертання камери, клавіші напрямку для руху (утримуючи Зум рухатиметеся швидше). Нахил для чутливості, нумпад для обертання і руху вертикально.
str_camera_follow|Використовуйте клавіші нахилу або колесо миші, щоб слідувати за дружніми воїнами. Утримуйте Ctrl з нумпадом, щоб змінити кут огляду.
str_ai_bhvr_hold|Тримається
str_ai_bhvr_travel_to_party|Мандрує до загону
str_ai_bhvr_patrol_location|Патрулює точку
str_ai_bhvr_patrol_party|Патрулює навколо загону
str_ai_bhvr_track_party|Вистежує загін
str_ai_bhvr_attack_party|Атакує загін
str_ai_bhvr_avoid_party|Уникає загону
str_ai_bhvr_travel_to_point|Мандрує до точки
str_ai_bhvr_negotiate_party|Веде переговори
str_ai_bhvr_in_town|У місті
str_ai_bhvr_travel_to_ship|Мандрує до корабля
str_ai_bhvr_escort_party|Супроводжує загін
str_ai_bhvr_driven_by_party|Женуть
str_s5_transfer|Перевести до {s5}
str_s5_reinf|Підкріплення з {s5}
str_s5_scout|Розвідник {s5}
str_s5_patrol|Патруль {s5}
str_preparing_prison_break|Готую втечу з в'язниці в {s9}
str_on_loan|У позиці
str_accompanying_s5|Супроводжує {s5}
str_key_0|0
str_key_1|1
str_key_2|2
str_key_3|3
str_key_4|4
str_key_5|5
str_key_6|6
str_key_7|7
str_key_8|8
str_key_9|9
str_key_a|A
str_key_b|B
str_key_c|C
str_key_d|D
str_key_e|E
str_key_f|F
str_key_g|G
str_key_h|H
str_key_i|I
str_key_j|J
str_key_k|K
str_key_l|L
str_key_m|M
str_key_n|N
str_key_o|O
str_key_p|P
str_key_q|Q
str_key_r|R
str_key_s|S
str_key_t|T
str_key_u|U
str_key_v|V
str_key_w|W
str_key_x|X
str_key_y|Y
str_key_z|Z
str_key_numpad_0|Нумпад 0
str_key_numpad_1|Нумпад 1
str_key_numpad_2|Нумпад 2
str_key_numpad_3|Нумпад 3
str_key_numpad_4|Нумпад 4
str_key_numpad_5|Нумпад 5
str_key_numpad_6|Нумпад 6
str_key_numpad_7|Нумпад 7
str_key_numpad_8|Нумпад 8
str_key_numpad_9|Нумпад 9
str_key_num_lock|Нум лок
str_key_numpad_slash|Нумпад слеш
str_key_numpad_multiply|Нумпад помножити
str_key_numpad_minus|Нумпад мінус
str_key_numpad_plus|Нумпад плюс
str_key_numpad_enter|Нумпад ввід
str_key_numpad_period|Нумпад крапка
str_key_insert|Вставка
str_key_delete|Видалення
str_key_home|Додому
str_key_end|Кінець
str_key_page_up|Сторінка вгору
str_key_page_down|Сторінка вниз
str_key_up|Вгору
str_key_down|Вниз
str_key_left|Вліво
str_key_right|Вправо
str_key_f1|Ф1
str_key_f2|Ф2
str_key_f3|Ф3
str_key_f4|Ф4
str_key_f5|Ф5
str_key_f6|Ф6
str_key_f7|Ф7
str_key_f8|Ф8
str_key_f9|Ф9
str_key_f10|Ф10
str_key_f11|Ф11
str_key_f12|Ф12
str_key_space|Пробіл
str_key_escape|Втеча
str_key_enter|Ввід
str_key_tab|Таб
str_key_back_space|Назад
str_key_open_braces|Відкрити дужки
str_key_close_braces|Закрити дужки
str_key_comma|Кома
str_key_period|Крапка
str_key_slash|Слеш
str_key_back_slash|Зворотний слеш
str_key_equals|Дорівнює
str_key_minus|Мінус
str_key_semicolon|Крапка з комою
str_key_apostrophe|Апостроф
str_key_tilde|Тильда
str_key_caps_lock|Капс лок
str_key_left_shift|Лівий шифт
str_key_right_shift|Правий шифт
str_key_left_control|Лівий контрол
str_key_right_control|Правий контрол
str_key_left_alt|Лівий альт
str_key_right_alt|Правий альт
str_story_parent_noble|Ти прийшов у світ {reg11?донькою:сином} занепалого дворянства, що володіло лише домом, в якому жило. Однак, попри труднощі родини, тобі дали добру освіту і з дитинства готували до суворості аристократії і життя при дворі.
str_story_parent_merchant|Ти народився {reg11?донькою:сином} мандрівних купців, що завжди переїздили з місця на місце в пошуках прибутку. Хоч твої батьки були заможніші за більшість і освітили тебе як могли, ти мав мало нагод завести друзів у дорозі, живучи переважно тими митями, коли міг щось комусь продати.
str_story_parent_guard|У дитинстві ваша родина ледве зводила кінці з кінцями на платню батька як охоронця місцевого лорда. Життя було нелегким, і ви були надто бідні, щоб здобути освіту. Ви навчилися переважно захищатися на вулицях, зі зброєю в руках чи без.
str_story_parent_forester|Ти був {reg11?донькою:сином} родини, що жила з лісу, роблячи все, щоб звести кінці з кінцями. Полювання, рубка дров, виготовлення стріл, навіть трохи браконьєрства, коли ставало сутужно. Зима ніколи не була доброю для твоєї родини, бо холод забирав тварин і людей однаково, але ти завжди доживав до світанку, хоч твої брати і сестри могли й не дожити.
str_story_parent_nomad|Ти був дитиною степу, народженою в племені кочових кочівників, що жили великими таборами в посушливих степах. Як і інші одноплемінники, твоя родина шанувала коней понад усе, і тебе навчили їздити верхи чи не раніше, ніж ти навчився ходити.
str_story_parent_thief|Як {reg11?донька:син} злодія, ти мав дуже мало 'формальної' освіти. Замість цього ти був на вулиці, жебракуючи, доки не навчився різати гаманці, ріжучи гаманці, доки не навчився відмикати замки, так усе дитинство. І все ж ці довгі роки зробили тебе вуличним і гострим до таємниць міст і темних провулків.
str_story_parent_priest|{reg11?Донька:Син}, якого ніхто не хотів, тебе лишили церкві немовлям, знайдою, вихованою священниками і черницями за їхніми традиціями. Ти був лише одним з багатьох знайденят і сиріт, але тобі приділяли багато уваги, а також багато років навчання в церковній бібліотеці і перед вівтарем. Тебе навчили багато чого. Поступово віра стала такою частиною твого життя, що не відрізнялася від крові, що тече у венах.
str_story_childhood_page|тебе відправили жити при дворі одного з вельмож краю. Там твої перші уроки були в покорі, коли ти прислужував лордам і дамам дому. Але з їхніх шахових ігор, пліток, навіть поезії про великі діяння і куртуазне кохання ти швидко почав дізнаватися про дорослий світ конфлікту і суперництва. Ти також навчився з грубих ігор інших дітей, що лупцювали одне одного палицями, наслідуючи мечі старших.
str_story_childhood_apprentice|ти пішов учнем до місцевого ремісника опановувати ремесло. Після років важкої праці і навчання під майстром він підвищив тебе до підмайстра і найняв як повністю оплачуваного ремісника, доки бажав лишитися.
str_story_childhood_urchin|ти подався на вулиці, роблячи все, щоб вижити. Жебракуючи, крадучи і працюючи на банди, щоб заробити хліб, ти жив з дня на день у цьому жорстокому світі, завжди на крок попереду закону і тих, хто бажав тобі лиха.
str_story_childhood_nomad|ти їздив великими степами на власному коні, пізнаючи шляхи трави і пустелі. Хоч іноді голодував, ти став вправним мисливцем і слідопитом у цьому бездоріжному краю. Твоє тіло теж почало міцніти м'язами, коли ти вростав у життя кочової {reg11?жінки:людини}.
str_story_childhood_stockboy|ти пішов учнем до заможного купця, опановуючи торгівлю роками роботи в крамницях і водіння караванів. Ти скоро став вправним у мистецтві купувати дешево, продавати дорого і лишати клієнта з думкою, що він отримав кращу угоду.
str_story_childhood_mummer|ти прибився до трупи мандрівних артистів, їздячи з міста в місто з маскарадними виставами. Це було життя важкої праці, продажу, жебракування і крадіжки прожитку в роззяв, що юрмилися дивитися твої витівки. З часом ти став виконавцем, цілком здатним зібрати натовп.
str_story_childhood_courtier|ти провів багато життя при дворі, втираючись у тісно сплетені кола знаті. З роками ти все більше втягувався в політику й інтриги, яких вимагає високородна {reg11?жінка:людина}. Ти не міг лишитися чужим підставам і політичному насильству, навіть якби хотів.
str_story_childhood_noble|{reg11?тебе навчали і освітили до обов'язків благородної жінки. Ти багато навчилася про домашні мистецтва, але ще більше про дипломатію і декорум, і все те, про що майбутній чоловік може захотіти поговорити. Справді, ти стала кожним дюймом хитрою як лорд, хоч було б грубо визнавати це вголос:тебе навчали і освітили виконувати обов'язки і wield права благородного землевласника. Керування податками і орендою було так само важливим у твоїй освіті, як дипломатія і навіть особистий захист. Ти навчився всьому потрібному, щоб стати лордом власної зали}.
str_story_childhood_acolyte|ти став послушником у церкві, найнижчим рангом на шляху до священства. Послідували роки суворого навчання і важкої праці. Ти був одним з кількох послушників, виконуючи більшість чорної роботи в церкві, окрім навчання святішим справам. У ніч твого повноліття тобі дозволили провести першу службу. Після того ти вже не був послушником {reg11?дівчинкою:хлопчиком}, а {reg11?дівчинкою:хлопчиком}, що чекає скласти обіти на службу Богу.
str_story_job_bravo|Ти лишив старе життя позаду, щоб мандрувати дорогами як найманець, браві, охороняючи каравани за мідяки або б'ючи голови за срібло. Ти став {reg11?донькою:сином} відкритого шляху, працюючи з бандитами так само часто, як проти. Йдучи з бою в бій, ти набрався бойового досвіду і дізнався, що таке вбивати.
str_story_job_merc|Ти підписався до найманої компанії і подався далеко від дому. Життя, яке ти знайшов, було грубим і готовим, маршуючи під бій чужих барабанів і пізнаючи незвичні способи бою. Були люди, що навчили тебе володіти будь-якою зброєю, яку забажаєш, і багато боїв, щоб відточити навички. Ти був одним з небагатьох щасливчиків, що вижили в кожній кампанії, в якій марширував.
str_story_job_poacher|Невдоволений відчайдушною боротьбою простих людей за монету, ти подався до лісів власного лорда і вирішив поживитися його щедрістю, закони будь прокляті. Ти полював оленів, вепрів і гусей і продавав дорогоцінне м'ясо з-під прилавка. Ти рубав дерева просто під носом у сторожі і перетворював їх на дрова, що гріли багато мерзлякуватих домів узимку. Усе за кілька срібняків, звісно.
str_story_job_craftsman|Ти обрав кар'єру коваля, куючи предмети функції і краси з простого металу. З часом ти став майстром своєї справи, і тонка робота почала приносити тонкі ціни. З їжею в животі і дровами у вогні ти міг пишатися роботою і зростаючою репутацією.
str_story_job_peddler|Почувши поклик відкритого шляху, ти мандрував від села до села, купуючи і продаючи що міг. Це не було багате існування, але ти став майстром торгуватися навіть з найскупішими старійшинами до доброї ціни. Скоро, ти знав, ти будеш добре готовий почати власну торговельну імперію...
str_story_job_preacher|Ти спакував нечисленні пожитки і вийшов у світ нести слово Боже. Ти проповідував кожному, хто слухав, і вражав багатьох пристрастю своїх проповідей. Хоч ти й дав обітницю лишатися в бідності через мандрівні роки, тобі ніколи не бракувало їжі, питва чи даху; гостинність селянства завжди була щедрою до висхідної {reg11?жінки:людини} Божої.
str_story_job_troubadour|Ти вирушив сам з нічим, окрім інструмента за спиною і власного голосу. Це було бідне існування, з багатьма голодними ночами, коли люди не цінували твою гру, але ти вижив самою музикою. З роками ти став вправним грати п'яним натовпам у твоїх шинках, і ще кращим вмовляти будь-кого на все, що забажаєш.
str_story_job_squire|Коли тебе назвали зброєносцем вельможі при дворі, ти практикувався довгі години зі зброєю, вчачись роздавати важкі удари і приймати їх теж. Тебе навчали твоїм обов'язкам перед лордом і твоїм обов'язкам перед тими, хто може колись стати твоїми васалами. Але окрім лицарського ідеалу ти також дізнався про менш піднесену сторону — старі воїнські історії про безжальну політику сили, про зради і узурпації, про людей, що використовували хитрість так само як доблесть для досягнення цілей.
str_story_job_lady|Ти приєдналася до тісно сплетеного кола жінок при дворі, дам, що робили належні дамські речі, дружин і коханок благородних чоловіків, а також дів, що ще не знайшли чоловіка. Однак навіть тут ти знайшла політику, коли дами плели інтриги заради вищості і жорстоко билися між собою, щоб спіймати око будь-якого неодруженого, що був у моді при дворі. Ти скоро навчилася обертати ці ситуації собі на користь. З цим прийшло розуміння, що ти сама могла б wield великий вплив у світі, якби лише застосувалася з трохи тонкощів.
str_story_job_student|Ти опинився студентом в університеті одного з великих міст, де вивчав теологію, філософію і медицину. Але не всі уроки засвоювалися в лекційних залах. Ти міг чи не міг приєднатися до товаришів, коли вони бродили провулками в пошуках вина, жінок і доброї бійки. Однак ти точно міг спостерігати, як вправляють зламану щелепу, або як розгніваного містянина можна переконати опустити кийок і прийняти грошову компенсацію за зруйновану крамницю.
str_story_reason_revenge|І все ж було неважко піти, з люттю, що яскраво палає в серці. Ти хочеш помсти. Ти хочеш справедливості. Те, що тобі зробили, не можна скасувати, і ці борги можна сплатити лише кров'ю...
str_story_reason_death|Усе, що можеш сказати, — що ти не міг лишитися, не зі спогадами про тих, кого любив, такими близькими і болючими. Може, твоє нове життя дозволить забути або вшанувати ім'я, яке ти більше не можеш вимовити...
str_story_reason_wanderlust|Ти навіть не впевнений, коли твій дім став в'язницею, коли знайоме стало буденним, але твої мрії про мандри захопили твоє життя. Чи прагнеш далекого місця, чи просто відкритого шляху і свободи мандрувати, ти більше не міг лишатися на одному місці. Ти просто пішов і ніколи не озирався...
str_story_reason_fervor|Так чи інак, палка віра, що палає в душі, не давала тобі знайти спокій в жодному місці. Були інші у світі, душі, що їх треба омити у світлі Божому. Тепер ти проповідуєш де йдеш, прагнучи принести спасіння і одкровення масам, вірним чи язичникам. Вони всі пізнають славу Божу, коли ти завершиш...
str_story_reason_disown|Однак ти знаєш, що не можеш повернутися. Нема куди повертатися. Якого б дому в тебе не було, його вже нема, і мусиш змиритися, що ти сам у широкому дикому світі. Сам тонути чи пливти...
str_story_reason_greed|Для всіх інших ясно, що тепер тобою рухає лише особиста вигода. Ти хочеш бути багатим, могутнім, шанованим, страшним. Ти хочеш бути тим, кого інші поспішають слухатися. Ти хочеш, щоб люди знали твоє ім'я і тремтіли, коли воно звучене. Ти хочеш усього, і не даси нікому стати тобі на заваді...
str_story_all|{s10}^^Ти почав пізнавати світ чи не щойно навчився ходити і говорити. Як {reg11?дівчинка:хлопчик}, що виростає з дитинства, {s11}^^Хоч відмінність здалася тобі раптовою, десь дорогою ти став {reg11?жінкою:чоловіком}, і весь світ ніби змінився навколо тебе. {s12}^^Лише ти точно знаєш, що змусило тебе кинути старе життя і стати авантюристом. {s13}
str_continue_dot|Продовжити...
str_chest_info|Підійди до скрині і потримай праву кнопку миші деякий час, тоді зможеш внести чи зняти гроші зі скрині. Якщо також маєш камергера, зможеш доступитися до скарбниці.
str_mercenary_intro_1|Ти добре обрав, {s0}. {reg1?Мої {reg65?супутники:хлопці}:Я} вмію тримати {reg1?їхнє:моє} слово і заробляти {reg1?їхню:мою} платню.
str_mercenary_intro_2|Гарна робота, {s0}. Хай гроші і вино течуть {reg1?моїм:нашим} шляхом, і жодного ворога в Кальрадії тобі не треба боятися.
str_mercenary_intro_3|{reg1?Ми:Я} до твоїх послуг, {s0}. Вкажи {reg1?нам:мені} напрям тих, кого треба побити, а {reg1?ми:я} зроблю решту.
str_mercenary_intro_4|Ти не розчаруєшся, {s0}. Ти не знайдеш {reg1?кращих воїнів:кращого бійця} в усій Кальрадії.
str_bandit_intro_1|Я чую товстий гаманець за милю. Здається, твій можна б полегшити, га?
str_bandit_intro_2|О, ще один мандрівник, зустрінутий на дорозі! Попереджаю, місцина тут трохи небезпечна для доброго {хлопця/жінки} на кшталт тебе. Але за малу пожертву мої хлопці і я подбаємо, щоб ти дістався мети, га?
str_bandit_intro_3|Ого, гляньте! Тобі краще почати викладати срібло, друже, або ми з хлопцями тебе поламаємо.
str_bandit_intro_4|Тут мито за прохід цією землею, сплачуване нам, тож якщо не проти, ми просто зберемо належне з твого гаманця...
str_bandit_outro_1|Ще один дурень прийшов кинутися на мою зброю, га? Гаразд, биймося!
str_bandit_outro_2|Ми тебе не боїмося, {сір/дівко}. Час бити голови!
str_bandit_outro_3|Це була помилка. Тепер я змушу твою смерть бути довгою і болісною.
str_bandit_outro_4|Сміливі слова. Подивимося, чи підкріпиш їх ділами, негіднику!
str_bandit_outro_5|Сподіваюся, ти помреш у ямі.
str_name_presentation_text|Яким буде ім'я {s1}?
str_default_kingdom|ваше королівство
str_default_town|столиця
str_default_party|загін
str_default_troop|цей супутник
str_tier_reg|Гарно, {хлопче/дівчино}. З цією перемогою ти просунувся до наступного рівня тренування. Відтепер твої супротивники будуть звичайними бійцями, не вуличною наволоччю, тож будь напоготові.
str_tier_vet|Так тримати, {хлопче/дівчино}. Ласкаво просимо до третього рівня тренування. Відтепер твої супротивники будуть ветеранами; воїни і завсідники арени тощо. Ці хлопці знають брудні трюки, тож тримай захист.
str_tier_champ|У тебе серце чемпіона, {хлопче/дівчино}, і рука меча йому до пари. Відтепер твої супротивники будуть чемпіонами. Це вершки, найкращі воїни, яких я тренував. Якщо поб'єш трьох поспіль, приєднаєшся до їхніх лав.
str_ctm_melee|Твій супротивник{reg0?и готові: готовий} до бою.
str_ctm_ranged|Лишайся за лінією на землі і стріляй по мішенях. Намагайся не марнувати пострілів.
str_ctm_mounted|Намагайся знищити якомога більше мішеней. Маєш дві з половиною хвилини, щоб пройти трек.
str_imod_cracked|Тріснутий
str_imod_rusty|Іржавий
str_imod_bent|Гнутий
str_imod_chipped|Щербатий
str_imod_battered|Побитий
str_imod_poor|Поганий
str_imod_crude|Грубий
str_imod_old|Старий
str_imod_cheap|Дешевий
str_imod_fine|Добротний
str_imod_well_made|Добре зроблений
str_imod_sharp|Гострий
str_imod_balanced|Збалансований
str_imod_tempered|Загартований
str_imod_deadly|Смертельний
str_imod_exquisite|Вишуканий
str_imod_masterwork|Шедевр
str_imod_heavy|Важкий
str_imod_strong|Міцний
str_imod_powerful|Потужний
str_imod_tattered|Обшарпаний
str_imod_ragged|Лахатий
str_imod_rough|Грубий
str_imod_sturdy|Міцний
str_imod_thick|Товстий
str_imod_hardened|Закалений
str_imod_reinforced|Посилена
str_imod_superb|Чудова
str_imod_lordly|Лордська
str_imod_lame|Кульгавий
str_imod_swaybacked|З провислою спиною
str_imod_stubborn|Впертий
str_imod_timid|Лякливий
str_imod_meek|Покірний
str_imod_spirited|Жвавий
str_imod_champion|Чемпіон
str_imod_fresh|Свіжий
str_imod_day_old|Денний
str_imod_two_day_old|Дводенний
str_imod_smelling|З душком
str_imod_rotten|Гнилий
str_imod_large_bag|Велика торба
str_pilgrim_disguise|пілігрим
str_farmer_disguise|фермер
str_hunter_disguise|мисливець
str_guard_disguise|охоронець
str_merchant_disguise|купець
str_bard_disguise|бард
str_html|HTML код: {s0}
str_color_of|Колір {s0}:
str_color_banner|звороту твого стяга
str_color_group|групи {s0} на мінімапі
str_setting_of|Поточне налаштування: {s1}
str_multi_scene_25|Холодний берег
str_s1_team|загін {s1}
str_mp_add_troop|Супутники
str_next_wave_in_reg0_mins|Наступна хвиля за {reg0} хв...
str_wave_info|ІНФО ХВИЛІ
str_wave_no_reg1|Хвиля №: {reg1}
str_veteran_wave_no_reg1|Ветеранська хвиля №: {reg1}
str_elite_wave_no_reg1|Елітна хвиля №: {reg1}
str_time_left_reg2_mins_reg1_secs|Лишилося часу: {reg2} хвилин і {reg1} секунд
str_time_left_reg1_secs|Лишилося часу: {reg1} секунд
str_enemies_reg1_total_reg2_arriving|Вороги: {reg1} живі, {reg2} прибувають
str_ccoop_enemy_info|   {reg4} {s0} ({reg3} прибувають)
str_ccoop_wave_reg1_is_coming_in_reg0_seconds|Хвиля {reg1} за {reg0} секунд
str_ccoop_veteran_wave_reg1_is_coming_in_reg0_seconds|Ветеранська хвиля {reg1} за {reg0} секунд
str_ccoop_elite_wave_reg1_is_coming_in_reg0_seconds|Елітна хвиля {reg1} (рівень {reg2}) за {reg0} секунд
str_prison_cart_hint|Знищіть в'язничий віз або пройдіть раунд, щоб врятувати полеглих товаришів.
str_wave_reg1|Хвиля {reg1}
str_veteran_wave_hint|Обережно: ветеранів більше і в них більше здоров'я!
str_elite_wave_hint|Обережно: еліта має більше здоров'я і завдає більше шкоди!
str_ask_for_help_to_respawn_hint|Ти відродишся, щойно твої товариші знищать в'язничий віз або пройдуть поточний раунд.
str_wait_for_next_turn_to_respawn_hint|Ти відродишся в наступному раунді.
str_default|Стандартно
str_coop_open_chest|Відкрити скриню
str_coop_already_opened|Вже відкрито!
str_ccoop_difficulty|Складність:
str_ccoop_easy|Легко
str_ccoop_normal|Нормально
str_ccoop_endless|Нескінченна
str_ccoop_difficulty_s0|Складність: {s0}
str_ccoop_victory|Перемога!
str_ccoop_s0_enemy_defeated_s1|{s0} {reg1?переможено:переможено} ({s1})
str_ccoop_s0_enemy_defeated_endless_reg0|{s0} {reg1?відбито:відбито} наразі...^Готуйтеся до елітного рівня {reg0}
str_ccoop_lord_s0_wave_hint|Військо {s0} наближається!
str_ccoop_king_s0_wave_hint|Гвардія {s0} наближається! (Фінальна хвиля)
str_ccoop_assign_drop|Призначити випавший предмет:
str_ccoop_select_companion|Оберіть і спорядіть ваших супутників:
str_ccoop_select_companion_class|Спорядіть ваших супутників:
str_ccoop_lvl_reg0|Рів. {reg0}
str_ccoop_dropping_item_on_ground|У тебе не вистачило вільних слотів зброї, тож воно впало на землю.
str_ccoop_king_name|Король {s0}
str_ccoop_queen_name|Королева {s0}
str_javelin_bow|Лук, що стріляє дротиками
str_knockdown_mace|Збиває кожного, кого вдарить
str_blood_drain_throwing_knives|Відновлює здоров'я метальнику вдалими влучаннями
str_doom_javelins|Поступово виснажують здоров'я тих, кого простромлять
str_disarming_throwing_axe|Роззброює при влучанні
str_instakill_knife|Вбиває навіть найменшим дотиком
str_backstabber|Вбиває будь-якого ворога ударом зі спини
str_weak_beserker_dart|Виснажує здоров'я, але провокує небезпечну лють
str_team_change_dart|Змушує того, кого вразить, змінити прихильність
str_awesome_spear|Чудовий
str_running_boots|Змушують бігти швидше
str_power_gloves|Змушують бити сильніше
str_invulnerable_helmet|Тримає голову в безпеці
str_kicking_boots|Завдають бридкого стусана
str_restore_health_armour|Поступово відновлює здоров'я
str_npc1_1|-Добре з метанням і 1р^-Погано з 2р і арбалетами
str_npc2_1|-Добре з 1р^-Погано з метанням
str_npc3_1|-Добре з древковою^-Погано з 2р
str_npc4_1|-Добре з ближньою зброєю^-Погано з дальньою
str_npc5_1|-Добре з луками і метанням^-Погано з 2р і арбалетами
str_npc6_1|-Добре з 1р і 2р^-Погано з луками і арбалетами
str_npc7_1|-Добре з луками і древковою^-Погано з 1р і 2р
str_npc8_1|-Добре з метанням і 2р^-Погано з древковою і арбалетами
str_npc9_1|-Добре з 2р і луками^-Погано з 1р і арбалетами
str_npc10_1|-Добре з арбалетами^-Погано з 2р і древковою
str_npc11_1|-Добре з 2р і арбалетами^-Погано з луками
str_npc12_1|-Добре з древковою^-Погано з луками
str_npc13_1|-Добре з 1р і луками^-Погано з 2р
str_npc14_1|-Добре з 1р^-Добрий універсал
str_npc15_1|-Добре з 2р і луками^-Погано з арбалетами і метанням
str_npc16_1|-Добре з метанням і 1р^-Погано з 2р і арбалетами
str_faction_leader_title_male_player|Король {s0}
str_faction_leader_title_male_1|Король {s0}
str_faction_leader_title_male_2|Король {s0}
str_faction_leader_title_male_3|{s0} Хан
str_faction_leader_title_male_4|Король {s0}
str_faction_leader_title_male_5|Король {s0}
str_faction_leader_title_male_6|Султан {s0}
str_faction_leader_title_female_player|Королева {s0}
str_faction_leader_title_female_1|Королева {s0}
str_faction_leader_title_female_2|Королева {s0}
str_faction_leader_title_female_3|{s0} Хатун
str_faction_leader_title_female_4|Королева {s0}
str_faction_leader_title_female_5|Королева {s0}
str_faction_leader_title_female_6|Султана {s0}
str_mayor_wealth_compare|Тут, у {s3}, ми {s4}, ніж у {reg4} містах{reg6?, і {s5}, ніж у {reg5} містах:}.
str_mayor_wealth_no_data|Зважаючи на все, ми нарівні з усіма іншими містами Кальрадії.
str_mayor_wealth_rank_1|ще буде пораховано
str_mayor_wealth_rank_2|{s2}, як відомо
str_mayor_wealth_rank_3|тут
str_mayor_wealth_rank_4|невідомо
str_mayor_wealth_rank_5|місто {s2}, як вважається
str_mayor_wealth_rank_6|наше місто, як ми вважаємо
str_mayor_wealth_compare_less_1|бідніші
str_mayor_wealth_compare_less_2|виробляємо менше
str_mayor_wealth_compare_less_3|маємо села в околицях, що виробляють менше
str_mayor_wealth_compare_less_4|менш відвідувані
str_mayor_wealth_compare_less_5|менш потерпаємо від бандитів
str_mayor_wealth_compare_more_1|багатші
str_mayor_wealth_compare_more_2|виробляємо більше
str_mayor_wealth_compare_more_3|маємо села в околицях, що виробляють більше
str_mayor_wealth_compare_more_4|більш відвідувані
str_mayor_wealth_compare_more_5|більш потерпаємо від набігів
str_mayor_wealth_comparison_1|Загалом, найбагатше місто Кальрадії — {s2}. {s1}
str_mayor_wealth_comparison_2|Щодо місцевої промисловості, найпродуктивніше місто Кальрадії — {s2}. {s1} Виробництво, звісно, залежить від постачання сировини, а також від загального процвітання міста.
str_mayor_wealth_comparison_3|Щодо продукції навколишніх сіл, {s2} є найбагатшим у Кальрадії. {s1} Багатство околиць міста, звісно, сильно залежить від вітрів війни. Грабунок і мародерство, зміни території можуть сильно вплинути.
str_mayor_wealth_comparison_4|Щодо торгівлі, {s2} прийняло найбільше караванів за останні кілька місяців. {s1}
str_mayor_wealth_comparison_5|Щодо нападів на мандрівників, {s2} є найнебезпечнішим. {s1}
str_npc_mission_delegate_quest|Виконую квест від твого імені
str_skl_trade|Торгівля
str_skl_leadership|Лідерство
str_skl_prisoner_management|Утримання полонених
str_skl_reserved_1|Зарезервована навичка 1
str_skl_reserved_2|Зарезервована навичка 2
str_skl_reserved_3|Зарезервована навичка 3
str_skl_reserved_4|Зарезервована навичка 4
str_skl_persuasion|Переконання
str_skl_engineer|Інженерія
str_skl_first_aid|Перша допомога
str_skl_surgery|Хірургія
str_skl_wound_treatment|Лікування ран
str_skl_inventory_management|Утримання інвентарю
str_skl_spotting|Пильність
str_skl_pathfinding|Знаходження шляху
str_skl_tactics|Тактика
str_skl_tracking|Вистежування
str_skl_trainer|Тренер
str_skl_reserved_5|Зарезервована навичка 5
str_skl_reserved_6|Зарезервована навичка 6
str_skl_reserved_7|Зарезервована навичка 7
str_skl_reserved_8|Зарезервована навичка 8
str_skl_looting|Мародерство
str_skl_horse_archery|Кінна стрільба
str_skl_riding|Верхова їзда
str_skl_athletics|Атлетика
str_skl_shield|Щит
str_skl_weapon_master|Майстер зброї
str_skl_reserved_9|Зарезервована навичка 9
str_skl_reserved_10|Зарезервована навичка 10
str_skl_reserved_11|Зарезервована навичка 11
str_skl_reserved_12|Зарезервована навичка 12
str_skl_reserved_13|Зарезервована навичка 13
str_skl_power_draw|Потужний постріл
str_skl_power_throw|Потужний кидок
str_skl_power_strike|Потужний удар
str_skl_ironflesh|Залізне тіло
str_skl_reserved_14|Зарезервована навичка 14
str_skl_reserved_15|Зарезервована навичка 15
str_skl_reserved_16|Зарезервована навичка 16
str_skl_reserved_17|Зарезервована навичка 17
str_skl_reserved_18|Зарезервована навичка 18
